solid unnamed
facet normal -0.04218114 0.99910998 0
    outer loop
        vertex -0.8428596 9.964416 29.71142
        vertex 0 10 35.625
        vertex 0 10 23.75
    endloop
endfacet
facet normal -0.13669819 0.99061275 0
    outer loop
        vertex -0.8428596 9.964416 29.71142
        vertex -1.8872992 9.82029 34.194443
        vertex -0.8428596 9.964416 36.308643
    endloop
endfacet
facet normal -0.04218114 0.99911004 0
    outer loop
        vertex -0.8428596 9.964416 36.308643
        vertex 0 10 47.5
        vertex 0 10 35.625
    endloop
endfacet
facet normal -0.13493034 0.99085474 -0.00088983
    outer loop
        vertex -0.8428596 9.964416 36.308643
        vertex -1.8872992 9.82029 34.194443
        vertex -1.3922954 9.902601 50.790638
    endloop
endfacet
facet normal -0.57841849 0.81571007 0.00700474
    outer loop
        vertex -6.1932025 7.8513846 18.568243
        vertex -6.5790787 7.530984 24.015432
        vertex -5.33142 8.4602585 18.82613
    endloop
endfacet
facet normal -0.65291512 0.75742918 -0.00170061
    outer loop
        vertex -6.1932025 7.8513846 18.568243
        vertex -6.8957567 7.242136 16.94856
        vertex -6.5790787 7.530984 24.015432
    endloop
endfacet
facet normal 0.91490668 0.40363958 0.00456262
    outer loop
        vertex 9.078363 4.1932454 29.817005
        vertex 8.855945 4.6445937 34.48765
        vertex 9.391363 3.4354491 34.09328
    endloop
endfacet
facet normal 0.88802415 0.45979172 -0.0021438
    outer loop
        vertex 9.078363 4.1932454 29.817005
        vertex 8.634769 5.043884 28.508265
        vertex 8.855945 4.6445937 34.48765
    endloop
endfacet
facet normal 0.96472901 0.26320526 0.00455748
    outer loop
        vertex 9.479224 3.1850133 29.958086
        vertex 9.391363 3.4354491 34.09328
        vertex 9.807853 1.9509032 31.666666
    endloop
endfacet
facet normal 0.88708645 0.46160284 -0.0006488
    outer loop
        vertex 9.078363 4.1932454 29.817005
        vertex 9.108714 4.1269035 24.114313
        vertex 8.634769 5.043884 28.508265
    endloop
endfacet
facet normal -0.46714854 0.88417119 0.0036775
    outer loop
        vertex -4.284807 9.035509 52.088818
        vertex -4.51562 8.922398 49.963993
        vertex -5.1895595 8.54801 54.367287
    endloop
endfacet
facet normal -0.37057814 0.92875588 -0.00918603
    outer loop
        vertex -4.284807 9.035509 52.088818
        vertex -3.0913897 9.510169 51.935184
        vertex -4.51562 8.922398 49.963993
    endloop
endfacet
facet normal -0.60160613 0.79877985 -0.00456643
    outer loop
        vertex -6.0792875 7.939916 76.67159
        vertex -5.5485764 8.319453 73.14312
        vertex -6.5790787 7.530984 70.984566
    endloop
endfacet
facet normal -0.5699324 0.82168722 0.00266157
    outer loop
        vertex -6.0792875 7.939916 76.67159
        vertex -5.33142 8.4602585 76.173874
        vertex -5.5485764 8.319453 73.14312
    endloop
endfacet
facet normal -0.80320609 0.5956986 -0.00180798
    outer loop
        vertex -8.49012 5.283735 84.32442
        vertex -8.314696 5.555702 96
        vertex -7.7301044 6.3439326 96
    endloop
endfacet
facet normal -0.87572742 0.48280597 0
    outer loop
        vertex -8.49012 5.283735 84.32442
        vertex -9 4.3588996 83.125
        vertex -9 4.3588996 95
    endloop
endfacet
facet normal -0.86833704 0.49597234 -0.00149359
    outer loop
        vertex -8.49012 5.283735 10.675583
        vertex -8.314696 5.555702 -1
        vertex -9 4.3588996 0
    endloop
endfacet
facet normal -0.82068884 0.57137334 -0.0015389
    outer loop
        vertex -8.49012 5.283735 10.675583
        vertex -7.935051 6.085636 12.3950615
        vertex -7.7301044 6.3439326 -1
    endloop
endfacet
facet normal 0.82790422 0.56085116 -0.00454588
    outer loop
        vertex 8.62353 5.063075 65.533226
        vertex 8.688578 4.9506187 63.505375
        vertex 7.9267006 6.0965085 66.125854
    endloop
endfacet
facet normal 0.88755083 0.46070036 0.00292136
    outer loop
        vertex 8.62353 5.063075 65.533226
        vertex 9.134285 4.0699925 66.968445
        vertex 8.688578 4.9506187 63.505375
    endloop
endfacet
facet normal -0.5131216 0.85831028 -0.00311043
    outer loop
        vertex -5.5485764 8.319453 73.14312
        vertex -5.33142 8.4602585 76.173874
        vertex -4.6552534 8.850346 72.27092
    endloop
endfacet
facet normal -0.64761198 0.76196736 0.00212374
    outer loop
        vertex -6.0792875 7.939916 76.67159
        vertex -6.5790787 7.530984 70.984566
        vertex -6.8957567 7.242136 78.05144
    endloop
endfacet
facet normal -0.6742906 0.73846298 0.00213882
    outer loop
        vertex -6.419636 7.6673517 51.41724
        vertex -6.8382626 7.296449 47.5
        vertex -7.111148 7.030759 53.203358
    endloop
endfacet
facet normal -0.60590661 0.79546553 -0.01056648
    outer loop
        vertex -6.419636 7.6673517 51.41724
        vertex -5.5556808 8.31471 50.610428
        vertex -6.8382626 7.296449 47.5
    endloop
endfacet
facet normal 0.90919238 0.41635278 0.00444786
    outer loop
        vertex 8.8428955 4.669389 9.598446
        vertex 8.752427 4.8368397 12.416553
        vertex 9.461859 3.2362373 17.22908
    endloop
endfacet
facet normal 0.85281605 0.52219874 -0.0036513
    outer loop
        vertex 8.8428955 4.669389 9.598446
        vertex 8.219858 5.695079 10.770039
        vertex 8.752427 4.8368397 12.416553
    endloop
endfacet
facet normal 0.80320722 0.59569943 -0.00058215
    outer loop
        vertex 8.219858 5.695079 10.770039
        vertex 8.314696 5.555702 -1
        vertex 7.7301044 6.3439326 -1
    endloop
endfacet
facet normal 0.91421056 0.4052394 -0.00033842
    outer loop
        vertex 8.819212 4.7139673 -1
        vertex 8.8428955 4.669389 9.598446
        vertex 9.404952 3.3980706 5.6087484
    endloop
endfacet
facet normal 0.99904817 0.04361995 0
    outer loop
        vertex 9.9619465 0.8715575 29.907408
        vertex 10 -0 47.5
        vertex 10 -0 23.75
    endloop
endfacet
facet normal 0.98973119 0.14293757 -0.00100478
    outer loop
        vertex 9.9619465 0.8715575 29.907408
        vertex 9.807853 1.9509032 31.666666
        vertex 9.860197 1.6662874 42.738224
    endloop
endfacet
facet normal 0.97332698 0.22922821 0.00943769
    outer loop
        vertex 9.730883 2.3043246 18.93756
        vertex 9.608499 2.7706964 20.231749
        vertex 9.9619465 0.8715575 29.907408
    endloop
endfacet
facet normal 0.96339053 0.26804575 -0.00549017
    outer loop
        vertex 9.730883 2.3043246 18.93756
        vertex 9.461859 3.2362373 17.22908
        vertex 9.608499 2.7706964 20.231749
    endloop
endfacet
facet normal 0.94323671 0.33207697 0.00542163
    outer loop
        vertex 9.608499 2.7706964 20.231749
        vertex 9.461859 3.2362373 17.22908
        vertex 9.108714 4.1269035 24.114313
    endloop
endfacet
facet normal 0.98731053 0.15879419 -0.0014885
    outer loop
        vertex 9.730883 2.3043246 18.93756
        vertex 9.9619465 0.8715575 19.35185
        vertex 9.678951 2.5135427 6.811428
    endloop
endfacet
facet normal 0.98724413 0.15921389 0
    outer loop
        vertex 9.9619465 0.8715575 29.907408
        vertex 9.9619465 0.8715575 19.35185
        vertex 9.730883 2.3043246 18.93756
    endloop
endfacet
facet normal 0.99904817 0.04361995 0
    outer loop
        vertex 10 -0 23.75
        vertex 9.9619465 0.8715575 19.35185
        vertex 9.9619465 0.8715575 29.907408
    endloop
endfacet
facet normal -0.28678715 0.95799357 -0.00114025
    outer loop
        vertex -2.502467 9.681821 74.5814
        vertex -3.1529584 9.489934 76.97222
        vertex -2.8964097 9.571354 80.85288
    endloop
endfacet
facet normal -0.28996044 0.95703638 -0.00208048
    outer loop
        vertex -2.502467 9.681821 74.5814
        vertex -3.3946497 9.406187 72.132996
        vertex -3.1529584 9.489934 76.97222
    endloop
endfacet
facet normal -0.18514918 0.98270881 0.00178982
    outer loop
        vertex -1.4083565 9.90033 66.4038
        vertex -1.8872992 9.82029 60.805557
        vertex -2.3191667 9.727357 67.155846
    endloop
endfacet
facet normal -0.07059415 0.99750507 0
    outer loop
        vertex -1.4083565 9.90033 66.4038
        vertex 0 10 71.25
        vertex 0 10 59.375
    endloop
endfacet
facet normal -0.19634837 0.98053414 -0.00006989
    outer loop
        vertex -1.4083565 9.90033 66.4038
        vertex -2.502467 9.681821 74.5814
        vertex -1.420813 9.89855 76.4321
    endloop
endfacet
facet normal -0.40393978 0.91476983 -0.00537226
    outer loop
        vertex -3.3946497 9.406187 72.132996
        vertex -4.6552534 8.850346 72.27092
        vertex -4.4015284 8.979228 75.139
    endloop
endfacet
facet normal -0.25954473 0.96572459 -0.00351819
    outer loop
        vertex -2.3191667 9.727357 67.155846
        vertex -1.8872992 9.82029 60.805557
        vertex -3.2549756 9.455428 61.549538
    endloop
endfacet
facet normal -0.07089868 0.99748349 0.00008894
    outer loop
        vertex -1.4083565 9.90033 66.4038
        vertex -1.420813 9.89855 76.4321
        vertex 0 10 71.25
    endloop
endfacet
facet normal -0.69560444 0.71842486 0.00029252
    outer loop
        vertex -7.1637087 6.977197 69.165985
        vertex -6.7527804 7.3756323 67.791145
        vertex -7.0837865 7.0583262 59.96708
    endloop
endfacet
facet normal -0.69178283 0.72210133 0.00250023
    outer loop
        vertex -7.1637087 6.977197 69.165985
        vertex -6.5790787 7.530984 70.984566
        vertex -6.7527804 7.3756323 67.791145
    endloop
endfacet
facet normal -0.69178289 0.72210127 -0.00250024
    outer loop
        vertex -7.1637087 6.977197 25.834019
        vertex -6.7527804 7.3756323 27.208847
        vertex -6.5790787 7.530984 24.015432
    endloop
endfacet
facet normal -0.76251894 0.64696521 0.00088738
    outer loop
        vertex -7.1637087 6.977197 25.834019
        vertex -8.054188 5.927062 26.277779
        vertex -7.0837865 7.0583262 35.361454
    endloop
endfacet
facet normal 0.68359661 0.729855 -0.00271863
    outer loop
        vertex 6.4337506 7.6555114 54.898884
        vertex 6.6846375 7.4374475 59.44178
        vertex 7.169607 6.9711356 56.198788
    endloop
endfacet
facet normal 0.59272927 0.80540156 -0.00055657
    outer loop
        vertex 6.4337506 7.6555114 54.898884
        vertex 5.3551927 8.4452305 49.056084
        vertex 5.436344 8.393222 60.219135
    endloop
endfacet
facet normal -0.81472117 0.57984942 0.00204019
    outer loop
        vertex -7.8464227 6.199488 74.263145
        vertex -8.054188 5.927062 68.72223
        vertex -8.463379 5.326463 76.01578
    endloop
endfacet
facet normal -0.73020393 0.6832124 -0.00479634
    outer loop
        vertex -7.8464227 6.199488 74.263145
        vertex -6.8957567 7.242136 78.05144
        vertex -6.5790787 7.530984 70.984566
    endloop
endfacet
facet normal -0.86081064 0.50888526 -0.00638924
    outer loop
        vertex -8.463379 5.326463 76.01578
        vertex -8.054188 5.927062 68.72223
        vertex -9 4.3588996 71.25
    endloop
endfacet
facet normal -0.74738306 0.66439247 0.00112723
    outer loop
        vertex -7.8464227 6.199488 74.263145
        vertex -7.935051 6.085636 82.604935
        vertex -6.998529 7.14287 80.40707
    endloop
endfacet
facet normal -0.76201934 0.64754599 0.00326434
    outer loop
        vertex -7.8464227 6.199488 20.736855
        vertex -8.054188 5.927062 26.277779
        vertex -7.1637087 6.977197 25.834019
    endloop
endfacet
facet normal -0.81472111 0.57984936 -0.00204018
    outer loop
        vertex -7.8464227 6.199488 20.736855
        vertex -8.463379 5.326463 18.984224
        vertex -8.054188 5.927062 26.277779
    endloop
endfacet
facet normal -0.73293096 0.68029493 0.003309
    outer loop
        vertex -6.998529 7.14287 14.592936
        vertex -7.8464227 6.199488 20.736855
        vertex -6.8957567 7.242136 16.94856
    endloop
endfacet
facet normal -0.8608107 0.50888526 0.00638924
    outer loop
        vertex -8.463379 5.326463 18.984224
        vertex -9 4.3588996 23.75
        vertex -8.054188 5.927062 26.277779
    endloop
endfacet
facet normal 0.98769492 0.15639272 0.00043489
    outer loop
        vertex 9.938309 1.1090573 91.557846
        vertex 9.817202 1.9032991 80.987885
        vertex 9.796316 2.008032 90.75817
    endloop
endfacet
facet normal 0.99961281 0.02615637 -0.0094878
    outer loop
        vertex 9.938309 1.1090573 91.557846
        vertex 10 -0 95
        vertex 9.817202 1.9032991 80.987885
    endloop
endfacet
facet normal 0.96794534 0.25115991 -0.00062319
    outer loop
        vertex 9.796316 2.008032 90.75817
        vertex 9.817202 1.9032991 80.987885
        vertex 9.526835 3.0396383 87.95892
    endloop
endfacet
facet normal 0.99871427 0.05066863 -0.00157388
    outer loop
        vertex 9.938309 1.1090573 91.557846
        vertex 9.951848 0.9801714 96
        vertex 10 -0 95
    endloop
endfacet
facet normal -0.37216201 0.92816073 -0.00363732
    outer loop
        vertex -4.191313 9.079256 19.474165
        vertex -4.0262837 9.153635 21.568586
        vertex -3.1529584 9.489934 18.027777
    endloop
endfacet
facet normal -0.48005727 0.87721187 0.00667358
    outer loop
        vertex -4.191313 9.079256 19.474165
        vertex -5.33142 8.4602585 18.82613
        vertex -4.0262837 9.153635 21.568586
    endloop
endfacet
facet normal -0.14440799 0.98951817 -0.00024054
    outer loop
        vertex -1.7917323 9.838175 18.12403
        vertex -1.1250817 9.936508 22.41838
        vertex -1.0671917 9.942892 13.925926
    endloop
endfacet
facet normal -0.24755991 0.96886313 -0.00428799
    outer loop
        vertex -1.7917323 9.838175 18.12403
        vertex -3.1529584 9.489934 18.027777
        vertex -2.2500658 9.743572 23.209877
    endloop
endfacet
facet normal 0.81805664 0.57513767 0.00008894
    outer loop
        vertex 7.8644295 6.176629 55.400585
        vertex 7.8612185 6.1807156 58.509335
        vertex 8.472332 5.3122125 53.825188
    endloop
endfacet
facet normal 0.75270706 0.65835559 -0.00008795
    outer loop
        vertex 7.8644295 6.176629 55.400585
        vertex 7.169607 6.9711356 56.198788
        vertex 7.8612185 6.1807156 58.509335
    endloop
endfacet
facet normal 0.5727163 0.81975365 -0.00007367
    outer loop
        vertex 5.28567 8.488915 38.017487
        vertex 5.292638 8.484573 43.87134
        vertex 6.1516156 7.884011 38.946503
    endloop
endfacet
facet normal 0.48275733 0.87575418 0.00007495
    outer loop
        vertex 5.28567 8.488915 38.017487
        vertex 4.3588996 9 35.625
        vertex 5.292638 8.484573 43.87134
    endloop
endfacet
facet normal -0.04218114 0.99910998 0
    outer loop
        vertex 0 10 35.625
        vertex -0.8428596 9.964416 29.71142
        vertex -0.8428596 9.964416 36.308643
    endloop
endfacet
facet normal 0.48326474 0.87547433 -0
    outer loop
        vertex 4.3588996 9 35.625
        vertex 4.3588996 9 47.5
        vertex 5.292638 8.484573 43.87134
    endloop
endfacet
facet normal 0.48290572 0.8756724 -0
    outer loop
        vertex 5.28567 8.488915 32.739708
        vertex 4.3588996 9 35.625
        vertex 5.28567 8.488915 38.017487
    endloop
endfacet
facet normal 0.58106899 0.81385386 -0.00083501
    outer loop
        vertex 5.292638 8.484573 43.87134
        vertex 5.3551927 8.4452305 49.056084
        vertex 6.2630816 7.7957563 47.821407
    endloop
endfacet
facet normal 0.48557153 0.87419659 0.00077508
    outer loop
        vertex 5.292638 8.484573 43.87134
        vertex 4.3588996 9 47.5
        vertex 5.3551927 8.4452305 49.056084
    endloop
endfacet
facet normal 0.96042871 0.27852526 0.0006924
    outer loop
        vertex 9.678951 2.5135427 6.811428
        vertex 9.461859 3.2362373 17.22908
        vertex 9.730883 2.3043246 18.93756
    endloop
endfacet
facet normal 0.95543754 0.29519266 -0.00056787
    outer loop
        vertex 9.678951 2.5135427 6.811428
        vertex 9.404952 3.3980706 5.6087484
        vertex 9.461859 3.2362373 17.22908
    endloop
endfacet
facet normal -0.36285788 0.93183929 0.0030945
    outer loop
        vertex -3.1242409 9.499427 34.457706
        vertex -3.2246087 9.465828 32.80624
        vertex -4.2144175 9.068554 36.372425
    endloop
endfacet
facet normal -0.25195992 0.96772778 -0.00437546
    outer loop
        vertex -3.1242409 9.499427 34.457706
        vertex -1.8872992 9.82029 34.194443
        vertex -3.2246087 9.465828 32.80624
    endloop
endfacet
facet normal 0.89452457 0.44701311 0.00224112
    outer loop
        vertex 9.136015 4.066109 61.338474
        vertex 8.874877 4.6083126 57.42181
        vertex 8.688578 4.9506187 63.505375
    endloop
endfacet
facet normal 0.93094075 0.36498764 -0.01154208
    outer loop
        vertex 9.136015 4.066109 61.338474
        vertex 9.539883 2.9984405 60.150738
        vertex 8.874877 4.6083126 57.42181
    endloop
endfacet
facet normal 0.83892322 0.54422748 -0.00493158
    outer loop
        vertex 8.688578 4.9506187 63.505375
        vertex 8.874877 4.6083126 57.42181
        vertex 7.8612185 6.1807156 58.509335
    endloop
endfacet
facet normal 0.93533564 0.35376173 0.0000434
    outer loop
        vertex 9.136015 4.066109 61.338474
        vertex 9.134285 4.0699925 66.968445
        vertex 9.539883 2.9984405 60.150738
    endloop
endfacet
facet normal -0.48433414 0.87487596 0.00353253
    outer loop
        vertex -4.4015284 8.979228 75.139
        vertex -4.6552534 8.850346 72.27092
        vertex -5.33142 8.4602585 76.173874
    endloop
endfacet
facet normal -0.38249806 0.92395103 0.0031138
    outer loop
        vertex -4.4015284 8.979228 75.139
        vertex -3.1529584 9.489934 76.97222
        vertex -3.3946497 9.406187 72.132996
    endloop
endfacet
facet normal -0.24599172 0.96870881 -0.03303542
    outer loop
        vertex -2.0039866 9.797145 52.253143
        vertex -1.3922954 9.902601 50.790638
        vertex -3.0913897 9.510169 51.935184
    endloop
endfacet
facet normal -0.15663381 0.98764026 0.00570351
    outer loop
        vertex -2.0039866 9.797145 52.253143
        vertex -1.0457097 9.945174 52.93673
        vertex -1.3922954 9.902601 50.790638
    endloop
endfacet
facet normal 0.79220897 0.61023563 -0.00417323
    outer loop
        vertex 7.8644295 6.176629 55.400585
        vertex 8.421763 5.392022 46.469822
        vertex 7.3070927 6.8268876 44.685555
    endloop
endfacet
facet normal 0.87388504 0.48613209 -0.00073322
    outer loop
        vertex 8.472332 5.3122125 53.825188
        vertex 8.998226 4.3625584 50.97988
        vertex 8.421763 5.392022 46.469822
    endloop
endfacet
facet normal -0.47763711 0.87855637 -0.00116899
    outer loop
        vertex -5.2681184 8.49982 39.47051
        vertex -5.1895595 8.54801 43.589508
        vertex -4.2144175 9.068554 36.372425
    endloop
endfacet
facet normal -0.58146942 0.81356686 0.00148441
    outer loop
        vertex -5.2681184 8.49982 39.47051
        vertex -6.3179927 7.7513204 38.44959
        vertex -6.4158936 7.670483 44.404896
    endloop
endfacet
facet normal 0.97003126 0.24297979 0.00051324
    outer loop
        vertex 9.796316 2.008032 90.75817
        vertex 9.569404 2.9028468 96
        vertex 9.807853 1.9509032 96
    endloop
endfacet
facet normal 0.93130118 0.36424264 -0.00229797
    outer loop
        vertex 9.526835 3.0396383 87.95892
        vertex 9.045261 4.2641835 86.888885
        vertex 9.238795 3.8268342 96
    endloop
endfacet
facet normal -0.37925372 0.92529273 0.00015172
    outer loop
        vertex -4.071563 9.133585 30.663809
        vertex -3.5235007 9.358683 27.851852
        vertex -4.0262837 9.153635 21.568586
    endloop
endfacet
facet normal -0.37008208 0.92899632 0.00223579
    outer loop
        vertex -4.071563 9.133585 30.663809
        vertex -3.2246087 9.465828 32.80624
        vertex -3.5235007 9.358683 27.851852
    endloop
endfacet
facet normal -0.47530088 0.8798213 -0.00187143
    outer loop
        vertex -4.2144175 9.068554 36.372425
        vertex -4.071563 9.133585 30.663809
        vertex -5.393003 8.421135 31.333334
    endloop
endfacet
facet normal -0.25055456 0.96808499 -0.0058205
    outer loop
        vertex -3.2246087 9.465828 32.80624
        vertex -1.8872992 9.82029 34.194443
        vertex -3.5235007 9.358683 27.851852
    endloop
endfacet
facet normal -0.66981256 0.74252999 0.00067071
    outer loop
        vertex -6.2802296 7.781948 61.34122
        vertex -6.3179927 7.7513204 57.53601
        vertex -7.0837865 7.0583262 59.96708
    endloop
endfacet
facet normal -0.58324081 0.81229901 -0.00074999
    outer loop
        vertex -6.2802296 7.781948 61.34122
        vertex -5.393003 8.421135 63.666664
        vertex -6.3179927 7.7513204 57.53601
    endloop
endfacet
facet normal -0.58093846 0.8139472 0.00065956
    outer loop
        vertex -6.2802296 7.781948 33.914307
        vertex -6.3179927 7.7513204 38.44959
        vertex -5.2681184 8.49982 39.47051
    endloop
endfacet
facet normal -0.66973788 0.7425974 -0.00056167
    outer loop
        vertex -6.2802296 7.781948 33.914307
        vertex -7.0837865 7.0583262 35.361454
        vertex -6.3179927 7.7513204 38.44959
    endloop
endfacet
facet normal -0.30823123 0.95129663 0.00530841
    outer loop
        vertex -3.2549756 9.455428 61.549538
        vertex -3.6134548 9.32432 64.22988
        vertex -2.3191667 9.727357 67.155846
    endloop
endfacet
facet normal -0.36758417 0.92998302 -0.00367222
    outer loop
        vertex -3.2549756 9.455428 61.549538
        vertex -4.2144175 9.068554 59.613167
        vertex -3.6134548 9.32432 64.22988
    endloop
endfacet
facet normal 0.77245533 0.63504535 -0.00549361
    outer loop
        vertex 8.050727 5.931762 26.172804
        vertex 8.276037 5.613129 21.020576
        vertex 7.309523 6.8242855 25.125399
    endloop
endfacet
facet normal 0.83280498 0.55356222 0.00218475
    outer loop
        vertex 8.050727 5.931762 26.172804
        vertex 8.634769 5.043884 28.508265
        vertex 8.276037 5.613129 21.020576
    endloop
endfacet
facet normal 0.92936981 0.36914095 -0.00260948
    outer loop
        vertex 9.479224 3.1850133 29.958086
        vertex 9.078363 4.1932454 29.817005
        vertex 9.391363 3.4354491 34.09328
    endloop
endfacet
facet normal 0.84024113 0.54218876 0.00512596
    outer loop
        vertex 8.634769 5.043884 28.508265
        vertex 8.000884 5.9988203 31.407372
        vertex 8.855945 4.6445937 34.48765
    endloop
endfacet
facet normal 0.94154364 0.3368901 0.00074665
    outer loop
        vertex 9.526835 3.0396383 87.95892
        vertex 9.238795 3.8268342 96
        vertex 9.569404 2.9028468 96
    endloop
endfacet
facet normal 0.86734092 0.49771336 -0.00100505
    outer loop
        vertex 9.045261 4.2641835 86.888885
        vertex 8.231179 5.678705 84.83881
        vertex 8.314696 5.555702 96
    endloop
endfacet
facet normal 0.83383679 0.55200928 -0.00144258
    outer loop
        vertex 8.231179 5.678705 84.83881
        vertex 8.632891 5.047097 75.34774
        vertex 8.010488 5.9859905 74.859146
    endloop
endfacet
facet normal 0.9039883 0.42755523 0.00132131
    outer loop
        vertex 9.045261 4.2641835 86.888885
        vertex 8.819212 4.7139673 96
        vertex 9.238795 3.8268342 96
    endloop
endfacet
facet normal 0.59569931 0.8032071 0.00081616
    outer loop
        vertex 5.698697 8.217351 87.43124
        vertex 5.555702 8.314696 96
        vertex 6.3439326 7.7301044 96
    endloop
endfacet
facet normal 0.50440007 0.86347002 0
    outer loop
        vertex 5.698697 8.217351 87.43124
        vertex 4.3588996 9 83.125
        vertex 4.3588996 9 95
    endloop
endfacet
facet normal 0.6580646 0.75295341 -0.00349455
    outer loop
        vertex 7.0254426 7.1164007 83.16872
        vertex 7.288813 6.8464007 74.5889
        vertex 5.9449687 8.040979 78.91724
    endloop
endfacet
facet normal 0.80320722 0.59569937 0.00055472
    outer loop
        vertex 8.231179 5.678705 84.83881
        vertex 7.7301044 6.3439326 96
        vertex 8.314696 5.555702 96
    endloop
endfacet
facet normal 0.60673976 0.7948947 -0.00302398
    outer loop
        vertex 6.5416226 7.563542 63.892506
        vertex 6.6846375 7.4374475 59.44178
        vertex 5.436344 8.393222 60.219135
    endloop
endfacet
facet normal 0.69718003 0.71689308 0.00209201
    outer loop
        vertex 6.5416226 7.563542 63.892506
        vertex 7.326653 6.805891 61.907406
        vertex 6.6846375 7.4374475 59.44178
    endloop
endfacet
facet normal -0.3100149 0.95071131 -0.00621824
    outer loop
        vertex -4.0262837 9.153635 21.568586
        vertex -3.5235007 9.358683 27.851852
        vertex -2.2500658 9.743572 23.209877
    endloop
endfacet
facet normal -0.46990055 0.88271928 0.00044752
    outer loop
        vertex -4.0262837 9.153635 21.568586
        vertex -5.33142 8.4602585 18.82613
        vertex -5.393003 8.421135 31.333334
    endloop
endfacet
facet normal 0.76603687 0.64279598 0.00088443
    outer loop
        vertex 8.010488 5.9859905 74.859146
        vertex 8.002178 5.9970946 73.985825
        vertex 7.288813 6.8464007 74.5889
    endloop
endfacet
facet normal 0.83371007 0.55220169 -0.00091134
    outer loop
        vertex 8.010488 5.9859905 74.859146
        vertex 8.632891 5.047097 75.34774
        vertex 8.002178 5.9970946 73.985825
    endloop
endfacet
facet normal 0.74878716 0.66280943 0.00119285
    outer loop
        vertex 8.002178 5.9970946 73.985825
        vertex 7.9267006 6.0965085 66.125854
        vertex 6.9733257 7.167477 69.50172
    endloop
endfacet
facet normal 0.83303869 0.55321461 0.00010614
    outer loop
        vertex 8.002178 5.9970946 73.985825
        vertex 8.632891 5.047097 75.34774
        vertex 8.62353 5.063075 65.533226
    endloop
endfacet
facet normal 0.60964286 0.79266411 0.00438045
    outer loop
        vertex 6.4337506 7.6555114 54.898884
        vertex 5.436344 8.393222 60.219135
        vertex 6.6846375 7.4374475 59.44178
    endloop
endfacet
facet normal 0.486496 0.8736828 0
    outer loop
        vertex 5.3551927 8.4452305 49.056084
        vertex 4.3588996 9 47.5
        vertex 4.3588996 9 59.375
    endloop
endfacet
facet normal -0.76424295 0.64489549 -0.0065239
    outer loop
        vertex -7.111148 7.030759 53.203358
        vertex -6.8382626 7.296449 47.5
        vertex -8.054188 5.927062 54.574074
    endloop
endfacet
facet normal -0.57966125 0.81485599 -0.00155322
    outer loop
        vertex -6.419636 7.6673517 51.41724
        vertex -6.3179927 7.7513204 57.53601
        vertex -5.1895595 8.54801 54.367287
    endloop
endfacet
facet normal -0.63253468 0.77449781 0.00727776
    outer loop
        vertex -6.4158936 7.670483 44.404896
        vertex -6.8382626 7.296449 47.5
        vertex -5.5556808 8.31471 50.610428
    endloop
endfacet
facet normal -0.67281371 0.73980802 -0.00241102
    outer loop
        vertex -6.4158936 7.670483 44.404896
        vertex -7.111148 7.030759 42.12517
        vertex -6.8382626 7.296449 47.5
    endloop
endfacet
facet normal -0.58123982 0.81373078 0.00156538
    outer loop
        vertex -5.2681184 8.49982 39.47051
        vertex -6.4158936 7.670483 44.404896
        vertex -5.1895595 8.54801 43.589508
    endloop
endfacet
facet normal -0.76560426 0.64327294 0.00707199
    outer loop
        vertex -7.111148 7.030759 42.12517
        vertex -8.054188 5.927062 40.425926
        vertex -6.8382626 7.296449 47.5
    endloop
endfacet
facet normal 0.99411237 0.10833987 0.00174713
    outer loop
        vertex 9.892139 1.4647785 65.54123
        vertex 9.817202 1.9032991 80.987885
        vertex 10 -0 95
    endloop
endfacet
facet normal 0.97995734 0.19920506 -0.00090114
    outer loop
        vertex 9.892139 1.4647785 65.54123
        vertex 9.690305 2.469409 68.1358
        vertex 9.817202 1.9032991 80.987885
    endloop
endfacet
facet normal -0.2002133 0.97970015 -0.01011675
    outer loop
        vertex -1.7917323 9.838175 18.12403
        vertex -1.0671917 9.942892 13.925926
        vertex -2.8964097 9.571354 14.1471195
    endloop
endfacet
facet normal -0.05677229 0.9983871 0.00036351
    outer loop
        vertex -1.1250817 9.936508 22.41838
        vertex 0 10 23.75
        vertex -1.0671917 9.942892 13.925926
    endloop
endfacet
facet normal -0.59632653 0.8027125 0.00687762
    outer loop
        vertex -6.2802296 7.781948 61.34122
        vertex -6.7527804 7.3756323 67.791145
        vertex -5.393003 8.421135 63.666664
    endloop
endfacet
facet normal -0.75900918 0.65107995 0
    outer loop
        vertex -7.0837865 7.0583262 59.96708
        vertex -8.054188 5.927062 54.574074
        vertex -8.054188 5.927062 68.72223
    endloop
endfacet
facet normal -0.69562244 0.71840757 -0.00028214
    outer loop
        vertex -7.0837865 7.0583262 35.361454
        vertex -6.7527804 7.3756323 27.208847
        vertex -7.1637087 6.977197 25.834019
    endloop
endfacet
facet normal -0.59697884 0.80223024 -0.00654034
    outer loop
        vertex -6.7527804 7.3756323 27.208847
        vertex -6.2802296 7.781948 33.914307
        vertex -5.393003 8.421135 31.333334
    endloop
endfacet
facet normal -0.50641954 0.86227709 -0.00419459
    outer loop
        vertex -5.5556808 8.31471 50.610428
        vertex -5.1895595 8.54801 54.367287
        vertex -4.51562 8.922398 49.963993
    endloop
endfacet
facet normal -0.67573529 0.73714352 0.00110919
    outer loop
        vertex -6.3179927 7.7513204 57.53601
        vertex -6.419636 7.6673517 51.41724
        vertex -7.111148 7.030759 53.203358
    endloop
endfacet
facet normal -0.47325447 0.8809256 0.00055849
    outer loop
        vertex -4.284807 9.035509 52.088818
        vertex -5.1895595 8.54801 54.367287
        vertex -4.2144175 9.068554 59.613167
    endloop
endfacet
facet normal -0.58343613 0.81215167 -0.00343733
    outer loop
        vertex -5.5556808 8.31471 50.610428
        vertex -5.1895595 8.54801 43.589508
        vertex -6.4158936 7.670483 44.404896
    endloop
endfacet
facet normal 0.92247927 0.38603544 0.00293658
    outer loop
        vertex 8.998226 4.3625584 50.97988
        vertex 8.874877 4.6083126 57.42181
        vertex 9.539883 2.9984405 60.150738
    endloop
endfacet
facet normal 0.84376127 0.53661442 0.0105852
    outer loop
        vertex 8.874877 4.6083126 57.42181
        vertex 8.472332 5.3122125 53.825188
        vertex 7.8612185 6.1807156 58.509335
    endloop
endfacet
facet normal -0.65340549 0.75700045 -0.00339295
    outer loop
        vertex -6.998529 7.14287 14.592936
        vertex -6.8957567 7.242136 16.94856
        vertex -6.0369225 7.972174 14.435185
    endloop
endfacet
facet normal -0.74738306 0.66439253 -0.00112724
    outer loop
        vertex -6.998529 7.14287 14.592936
        vertex -7.935051 6.085636 12.3950615
        vertex -7.8464227 6.199488 20.736855
    endloop
endfacet
facet normal -0.73293102 0.68029493 -0.003309
    outer loop
        vertex -6.998529 7.14287 80.40707
        vertex -6.8957567 7.242136 78.05144
        vertex -7.8464227 6.199488 74.263145
    endloop
endfacet
facet normal -0.65340543 0.75700051 0.00339294
    outer loop
        vertex -6.998529 7.14287 80.40707
        vertex -6.0369225 7.972174 80.56481
        vertex -6.8957567 7.242136 78.05144
    endloop
endfacet
facet normal 0.8089506 0.58783758 0.00677513
    outer loop
        vertex 8.000884 5.9988203 31.407372
        vertex 7.6744056 6.4112015 34.609055
        vertex 8.581048 5.1347466 37.106308
    endloop
endfacet
facet normal 0.74128133 0.67116189 0.00661063
    outer loop
        vertex 8.000884 5.9988203 31.407372
        vertex 7.309523 6.8242855 25.125399
        vertex 6.86584 7.270505 29.574074
    endloop
endfacet
facet normal 0.75189632 0.65922982 -0.00823817
    outer loop
        vertex 8.000884 5.9988203 31.407372
        vertex 6.86584 7.270505 29.574074
        vertex 7.6744056 6.4112015 34.609055
    endloop
endfacet
facet normal 0.69925952 0.71486527 -0.00196399
    outer loop
        vertex 7.309523 6.8242855 25.125399
        vertex 6.650375 7.4680996 24.78155
        vertex 6.86584 7.270505 29.574074
    endloop
endfacet
facet normal 0.78510737 0.6193136 0.00756362
    outer loop
        vertex 7.688012 6.3948784 40.5191
        vertex 7.3070927 6.8268876 44.685555
        vertex 8.421763 5.392022 46.469822
    endloop
endfacet
facet normal 0.73818254 0.67459643 -0.00245864
    outer loop
        vertex 7.688012 6.3948784 40.5191
        vertex 7.03255 7.1093764 39.765434
        vertex 7.3070927 6.8268876 44.685555
    endloop
endfacet
facet normal 0.84579206 0.53349364 0.00450806
    outer loop
        vertex 8.8847 4.5893464 16.888737
        vertex 8.752427 4.8368397 12.416553
        vertex 8.219858 5.695079 10.770039
    endloop
endfacet
facet normal 0.9203102 0.39114982 -0.00557334
    outer loop
        vertex 8.8847 4.5893464 16.888737
        vertex 9.461859 3.2362373 17.22908
        vertex 8.752427 4.8368397 12.416553
    endloop
endfacet
facet normal 0.60921383 0.79300427 0.00167821
    outer loop
        vertex 6.589365 7.5219855 10.55765
        vertex 6.528637 7.5747538 7.668237
        vertex 5.540545 8.324803 11.938678
    endloop
endfacet
facet normal 0.71162015 0.70256114 -0.00212583
    outer loop
        vertex 6.589365 7.5219855 10.55765
        vertex 7.5759883 6.5272045 12.066034
        vertex 6.528637 7.5747538 7.668237
    endloop
endfacet
facet normal 0.58363211 0.81201559 0.00201669
    outer loop
        vertex 5.3551927 8.4452305 49.056084
        vertex 6.4337506 7.6555114 54.898884
        vertex 6.2630816 7.7957563 47.821407
    endloop
endfacet
facet normal 0.69832587 0.71577835 0.00150812
    outer loop
        vertex 6.6846375 7.4374475 59.44178
        vertex 7.326653 6.805891 61.907406
        vertex 7.169607 6.9711356 56.198788
    endloop
endfacet
facet normal 0.85355151 0.52094847 -0.00790708
    outer loop
        vertex 8.581048 5.1347466 37.106308
        vertex 8.855945 4.6445937 34.48765
        vertex 8.000884 5.9988203 31.407372
    endloop
endfacet
facet normal 0.89630973 0.44339064 -0.00580904
    outer loop
        vertex 8.581048 5.1347466 37.106308
        vertex 9.05302 4.2476864 42.22222
        vertex 9.3135 3.6412516 36.125515
    endloop
endfacet
facet normal 0.59569871 0.80320621 0.00170167
    outer loop
        vertex 6.528637 7.5747538 7.668237
        vertex 6.3439326 7.7301044 -1
        vertex 5.555702 8.314696 -1
    endloop
endfacet
facet normal 0.71030408 0.70389342 -0.00149506
    outer loop
        vertex 6.528637 7.5747538 7.668237
        vertex 7.5759883 6.5272045 12.066034
        vertex 7.7301044 6.3439326 -1
    endloop
endfacet
facet normal -0.57743847 0.81643164 0.00202617
    outer loop
        vertex -6.0369225 7.972174 14.435185
        vertex -6.1932025 7.8513846 18.568243
        vertex -5.33142 8.4602585 18.82613
    endloop
endfacet
facet normal -0.81743562 0.57601935 0.0008232
    outer loop
        vertex -7.8464227 6.199488 20.736855
        vertex -7.935051 6.085636 12.3950615
        vertex -8.463379 5.326463 18.984224
    endloop
endfacet
facet normal -0.7083469 0.70574844 0.01280489
    outer loop
        vertex -7.8464227 6.199488 74.263145
        vertex -6.5790787 7.530984 70.984566
        vertex -7.1637087 6.977197 69.165985
    endloop
endfacet
facet normal -0.57138944 0.82067871 -0.00058217
    outer loop
        vertex -6.0792875 7.939916 76.67159
        vertex -6.0369225 7.972174 80.56481
        vertex -5.33142 8.4602585 76.173874
    endloop
endfacet
facet normal 0.92961383 0.36852267 0.00306094
    outer loop
        vertex 9.4724455 3.205118 40.361988
        vertex 9.3135 3.6412516 36.125515
        vertex 9.05302 4.2476864 42.22222
    endloop
endfacet
facet normal 0.96903855 0.24690302 0.00176568
    outer loop
        vertex 9.4724455 3.205118 40.361988
        vertex 9.860197 1.6662874 42.738224
        vertex 9.807853 1.9509032 31.666666
    endloop
endfacet
facet normal -0.45505056 0.89041048 0.00990569
    outer loop
        vertex -3.6134548 9.32432 64.22988
        vertex -4.2144175 9.068554 59.613167
        vertex -5.393003 8.421135 63.666664
    endloop
endfacet
facet normal -0.25718802 0.96636069 0.00112614
    outer loop
        vertex -3.2549756 9.455428 61.549538
        vertex -1.8872992 9.82029 60.805557
        vertex -3.0913897 9.510169 51.935184
    endloop
endfacet
facet normal -0.48724455 0.87326568 0.00010982
    outer loop
        vertex -4.4015284 8.979228 75.139
        vertex -5.33142 8.4602585 76.173874
        vertex -4.3844156 8.987597 84.512344
    endloop
endfacet
facet normal -0.60580009 0.79561561 -0.00140842
    outer loop
        vertex -5.5485764 8.319453 73.14312
        vertex -5.393003 8.421135 63.666664
        vertex -6.5790787 7.530984 70.984566
    endloop
endfacet
facet normal 0.96571016 0.25961629 0.00177643
    outer loop
        vertex 9.608499 2.7706964 20.231749
        vertex 9.479224 3.1850133 29.958086
        vertex 9.807853 1.9509032 31.666666
    endloop
endfacet
facet normal 0.76979584 0.63828969 -0.000847
    outer loop
        vertex 8.000884 5.9988203 31.407372
        vertex 8.050727 5.931762 26.172804
        vertex 7.309523 6.8242855 25.125399
    endloop
endfacet
facet normal 0.93745464 0.3481071 0.00066503
    outer loop
        vertex 9.391363 3.4354491 34.09328
        vertex 9.3135 3.6412516 36.125515
        vertex 9.4724455 3.205118 40.361988
    endloop
endfacet
facet normal 0.91360229 0.40656203 -0.00616852
    outer loop
        vertex 9.391363 3.4354491 34.09328
        vertex 8.855945 4.6445937 34.48765
        vertex 9.3135 3.6412516 36.125515
    endloop
endfacet
facet normal 0.75263035 0.65843314 0.00366651
    outer loop
        vertex 7.9267006 6.0965085 66.125854
        vertex 7.326653 6.805891 61.907406
        vertex 6.9733257 7.167477 69.50172
    endloop
endfacet
facet normal 0.82888764 0.55941445 -0.00088409
    outer loop
        vertex 7.9267006 6.0965085 66.125854
        vertex 8.002178 5.9970946 73.985825
        vertex 8.62353 5.063075 65.533226
    endloop
endfacet
facet normal 0.83166891 0.55527091 -0.00101119
    outer loop
        vertex 7.9267006 6.0965085 66.125854
        vertex 8.688578 4.9506187 63.505375
        vertex 7.8612185 6.1807156 58.509335
    endloop
endfacet
facet normal 0.94367743 0.33084103 0.00414215
    outer loop
        vertex 9.134285 4.0699925 66.968445
        vertex 9.690305 2.469409 68.1358
        vertex 9.539883 2.9984405 60.150738
    endloop
endfacet
facet normal 0.49612275 0.8682524 0
    outer loop
        vertex 4.3588996 9 11.875
        vertex 5.540545 8.324803 11.938678
        vertex 4.3588996 9 0
    endloop
endfacet
facet normal 0.51808238 0.85532576 0.00293587
    outer loop
        vertex 5.540545 8.324803 11.938678
        vertex 4.3588996 9 23.75
        vertex 6.0129194 7.990294 26.035208
    endloop
endfacet
facet normal 0.6715585 0.74095088 -0.00103049
    outer loop
        vertex 6.528637 7.5747538 7.668237
        vertex 7.071068 7.071068 -1
        vertex 6.3439326 7.7301044 -1
    endloop
endfacet
facet normal 0.79130298 0.61142403 0.00055133
    outer loop
        vertex 7.5759883 6.5272045 12.066034
        vertex 8.276037 5.613129 21.020576
        vertex 8.219858 5.695079 10.770039
    endloop
endfacet
facet normal 0.90397763 0.42755023 0.00501093
    outer loop
        vertex 9.404952 3.3980706 5.6087484
        vertex 9.238795 3.8268342 -1
        vertex 8.819212 4.7139673 -1
    endloop
endfacet
facet normal 0.95466053 0.29769319 0.00144819
    outer loop
        vertex 9.404952 3.3980706 5.6087484
        vertex 9.678951 2.5135427 6.811428
        vertex 9.569404 2.9028468 -1
    endloop
endfacet
facet normal 0.79146153 0.61121839 0.00076212
    outer loop
        vertex 7.5759883 6.5272045 12.066034
        vertex 8.219858 5.695079 10.770039
        vertex 7.7301044 6.3439326 -1
    endloop
endfacet
facet normal 0.98093414 0.1943284 0.00219
    outer loop
        vertex 9.807853 1.9509032 -1
        vertex 9.678951 2.5135427 6.811428
        vertex 9.89853 1.4209464 5.4096937
    endloop
endfacet
facet normal 0.92866158 0.3709251 0.00149981
    outer loop
        vertex 9.4724455 3.205118 40.361988
        vertex 9.05302 4.2476864 42.22222
        vertex 9.535825 3.011318 49.04801
    endloop
endfacet
facet normal 0.90124321 0.43310195 0.01354228
    outer loop
        vertex 9.3135 3.6412516 36.125515
        vertex 8.855945 4.6445937 34.48765
        vertex 8.581048 5.1347466 37.106308
    endloop
endfacet
facet normal 0.97803015 0.20841242 -0.00461619
    outer loop
        vertex 9.539883 2.9984405 60.150738
        vertex 9.690305 2.469409 68.1358
        vertex 9.892139 1.4647785 65.54123
    endloop
endfacet
facet normal 0.89228934 0.45146397 -0.00003722
    outer loop
        vertex 9.134285 4.0699925 66.968445
        vertex 9.136015 4.066109 61.338474
        vertex 8.688578 4.9506187 63.505375
    endloop
endfacet
facet normal 0.96180385 0.27372909 -0.00238278
    outer loop
        vertex 9.4724455 3.205118 40.361988
        vertex 9.807853 1.9509032 31.666666
        vertex 9.391363 3.4354491 34.09328
    endloop
endfacet
facet normal 0.99592388 0.09016822 0.00231281
    outer loop
        vertex 9.860197 1.6662874 42.738224
        vertex 10 -0 47.5
        vertex 9.9619465 0.8715575 29.907408
    endloop
endfacet
facet normal -0.08426119 0.99642473 -0.00615866
    outer loop
        vertex -1.3922954 9.902601 50.790638
        vertex -1.0457097 9.945174 52.93673
        vertex 0 10 47.5
    endloop
endfacet
facet normal -0.25541005 0.96683246 0.0008683
    outer loop
        vertex -2.0039866 9.797145 52.253143
        vertex -3.0913897 9.510169 51.935184
        vertex -1.8872992 9.82029 60.805557
    endloop
endfacet
facet normal 0.48907274 0.87223876 0.00273254
    outer loop
        vertex 5.639427 8.258139 66.99029
        vertex 5.436344 8.393222 60.219135
        vertex 4.3588996 9 59.375
    endloop
endfacet
facet normal 0.69153559 0.72233891 -0.00221868
    outer loop
        vertex 6.5416226 7.563542 63.892506
        vertex 6.9733257 7.167477 69.50172
        vertex 7.326653 6.805891 61.907406
    endloop
endfacet
facet normal 0.76340592 0.64588547 -0.00657856
    outer loop
        vertex 7.288813 6.8464007 74.5889
        vertex 8.002178 5.9970946 73.985825
        vertex 6.9733257 7.167477 69.50172
    endloop
endfacet
facet normal 0.75518072 0.65551418 -0.0018004
    outer loop
        vertex 7.8612185 6.1807156 58.509335
        vertex 7.169607 6.9711356 56.198788
        vertex 7.326653 6.805891 61.907406
    endloop
endfacet
facet normal 0.97271901 0.23197395 0.00243443
    outer loop
        vertex 9.829116 1.8407806 54.894604
        vertex 9.539883 2.9984405 60.150738
        vertex 9.892139 1.4647785 65.54123
    endloop
endfacet
facet normal 0.92920589 0.36956251 0.00008902
    outer loop
        vertex 9.539883 2.9984405 60.150738
        vertex 9.535825 3.011318 49.04801
        vertex 8.998226 4.3625584 50.97988
    endloop
endfacet
facet normal -0.08285596 0.9965564 -0.00320762
    outer loop
        vertex -1.420813 9.89855 76.4321
        vertex -1.0671917 9.942892 81.07407
        vertex 0 10 71.25
    endloop
endfacet
facet normal -0.20376743 0.97900921 0.0044448
    outer loop
        vertex -1.420813 9.89855 76.4321
        vertex -2.502467 9.681821 74.5814
        vertex -2.8964097 9.571354 80.85288
    endloop
endfacet
facet normal 0.68587548 0.72771043 0.00350964
    outer loop
        vertex 7.3070927 6.8268876 44.685555
        vertex 7.03255 7.1093764 39.765434
        vertex 6.2630816 7.7957563 47.821407
    endloop
endfacet
facet normal 0.81311601 0.58209765 -0.00216187
    outer loop
        vertex 7.688012 6.3948784 40.5191
        vertex 8.421763 5.392022 46.469822
        vertex 8.581048 5.1347466 37.106308
    endloop
endfacet
facet normal 0.67318171 0.73946077 0.00492278
    outer loop
        vertex 7.288813 6.8464007 74.5889
        vertex 6.9733257 7.167477 69.50172
        vertex 5.9449687 8.040979 78.91724
    endloop
endfacet
facet normal 0.76566523 0.64323092 0.0032613
    outer loop
        vertex 7.288813 6.8464007 74.5889
        vertex 7.0254426 7.1164007 83.16872
        vertex 8.010488 5.9859905 74.859146
    endloop
endfacet
facet normal 0.51742017 0.85573149 0
    outer loop
        vertex 4.3588996 9 83.125
        vertex 5.9449687 8.040979 78.91724
        vertex 4.3588996 9 71.25
    endloop
endfacet
facet normal 0.63942593 0.76885259 0.0004427
    outer loop
        vertex 7.0254426 7.1164007 83.16872
        vertex 5.698697 8.217351 87.43124
        vertex 7.071068 7.071068 96
    endloop
endfacet
facet normal 0.63050622 0.77617943 -0.00270958
    outer loop
        vertex 6.0129194 7.990294 26.035208
        vertex 6.650375 7.4680996 24.78155
        vertex 5.540545 8.324803 11.938678
    endloop
endfacet
facet normal 0.63735896 0.77056068 0.00311528
    outer loop
        vertex 6.0129194 7.990294 26.035208
        vertex 6.86584 7.270505 29.574074
        vertex 6.650375 7.4680996 24.78155
    endloop
endfacet
facet normal 0.98917472 0.14673103 -0.00186195
    outer loop
        vertex 9.89853 1.4209464 5.4096937
        vertex 9.951848 0.9801714 -1
        vertex 9.807853 1.9509032 -1
    endloop
endfacet
facet normal 0.99854332 0.05375727 0.0046095
    outer loop
        vertex 9.89853 1.4209464 5.4096937
        vertex 10 -0 0
        vertex 9.951848 0.9801714 -1
    endloop
endfacet
facet normal 0.96644598 0.25686347 0.00177201
    outer loop
        vertex 9.817202 1.9032991 80.987885
        vertex 9.690305 2.469409 68.1358
        vertex 9.476596 3.192827 79.82784
    endloop
endfacet
facet normal 0.99729985 0.07343726 0
    outer loop
        vertex 9.892139 1.4647785 65.54123
        vertex 10 -0 95
        vertex 10 -0 47.5
    endloop
endfacet
facet normal -0.24810518 0.9687252 0.00392266
    outer loop
        vertex -2.8964097 9.571354 14.1471195
        vertex -3.1529584 9.489934 18.027777
        vertex -1.7917323 9.838175 18.12403
    endloop
endfacet
facet normal -0.3614932 0.93237317 -0.00174202
    outer loop
        vertex -2.8964097 9.571354 14.1471195
        vertex -4.3844156 8.987597 10.487655
        vertex -4.191313 9.079256 19.474165
    endloop
endfacet
facet normal -0.42755538 0.9039886 -0.00098514
    outer loop
        vertex -4.3844156 8.987597 10.487655
        vertex -3.8268342 9.238795 -1
        vertex -4.7139673 8.819212 -1
    endloop
endfacet
facet normal -0.19871132 0.98005378 0.00289816
    outer loop
        vertex -1.9509032 9.807853 -1
        vertex -2.8964097 9.571354 14.1471195
        vertex -1.0671917 9.942892 13.925926
    endloop
endfacet
facet normal -0.35670641 0.9342081 0.00398112
    outer loop
        vertex -2.8964097 9.571354 80.85288
        vertex -3.1529584 9.489934 76.97222
        vertex -4.3844156 8.987597 84.512344
    endloop
endfacet
facet normal -0.19972524 0.9798345 0.0058551
    outer loop
        vertex -2.8964097 9.571354 80.85288
        vertex -1.0671917 9.942892 81.07407
        vertex -1.420813 9.89855 76.4321
    endloop
endfacet
facet normal -0.33688718 0.94153547 -0.00423669
    outer loop
        vertex -4.3844156 8.987597 84.512344
        vertex -3.8268342 9.238795 96
        vertex -2.9028468 9.569404 96
    endloop
endfacet
facet normal -0.51866484 0.85497314 -0.00280238
    outer loop
        vertex -4.3844156 8.987597 84.512344
        vertex -6.0369225 7.972174 80.56481
        vertex -5.555702 8.314696 96
    endloop
endfacet
facet normal 0.94527745 0.3262547 -0.00290833
    outer loop
        vertex 9.476596 3.192827 79.82784
        vertex 9.690305 2.469409 68.1358
        vertex 9.134285 4.0699925 66.968445
    endloop
endfacet
facet normal 0.96810299 0.25055116 -0.00086271
    outer loop
        vertex 9.796316 2.008032 90.75817
        vertex 9.526835 3.0396383 87.95892
        vertex 9.569404 2.9028468 96
    endloop
endfacet
facet normal -0.06562254 0.99784297 0.00176948
    outer loop
        vertex -1.3922954 9.902601 50.790638
        vertex 0 10 47.5
        vertex -0.8428596 9.964416 36.308643
    endloop
endfacet
facet normal -0.05235735 0.99862844 0
    outer loop
        vertex -1.0457097 9.945174 52.93673
        vertex 0 10 59.375
        vertex 0 10 47.5
    endloop
endfacet
facet normal -0.66729164 0.74479413 0.00189512
    outer loop
        vertex -7.0837865 7.0583262 35.361454
        vertex -6.2802296 7.781948 33.914307
        vertex -6.7527804 7.3756323 27.208847
    endloop
endfacet
facet normal -0.47762838 0.87856114 -0.00116514
    outer loop
        vertex -5.393003 8.421135 31.333334
        vertex -5.2681184 8.49982 39.47051
        vertex -4.2144175 9.068554 36.372425
    endloop
endfacet
facet normal -0.85630661 0.51646769 0
    outer loop
        vertex -8.054188 5.927062 40.425926
        vertex -8.054188 5.927062 26.277779
        vertex -9 4.3588996 23.75
    endloop
endfacet
facet normal -0.67517632 0.73765552 -0.00108648
    outer loop
        vertex -6.3179927 7.7513204 38.44959
        vertex -7.111148 7.030759 42.12517
        vertex -6.4158936 7.670483 44.404896
    endloop
endfacet
facet normal -0.57968253 0.81484103 -0.00156459
    outer loop
        vertex -6.3179927 7.7513204 57.53601
        vertex -5.393003 8.421135 63.666664
        vertex -5.1895595 8.54801 54.367287
    endloop
endfacet
facet normal -0.67151392 0.74099189 -0.00030364
    outer loop
        vertex -6.3179927 7.7513204 57.53601
        vertex -7.111148 7.030759 53.203358
        vertex -7.0837865 7.0583262 59.96708
    endloop
endfacet
facet normal -0.76251233 0.64697301 -0.00091895
    outer loop
        vertex -7.0837865 7.0583262 59.96708
        vertex -8.054188 5.927062 68.72223
        vertex -7.1637087 6.977197 69.165985
    endloop
endfacet
facet normal -0.85630661 0.51646769 0
    outer loop
        vertex -8.054188 5.927062 54.574074
        vertex -9 4.3588996 47.5
        vertex -9 4.3588996 71.25
    endloop
endfacet
facet normal 0.6221751 0.78282332 0.009269
    outer loop
        vertex 5.28567 8.488915 32.739708
        vertex 6.86584 7.270505 29.574074
        vertex 6.0129194 7.990294 26.035208
    endloop
endfacet
facet normal 0.65977436 0.751463 0.00108829
    outer loop
        vertex 6.1516156 7.884011 38.946503
        vertex 7.03255 7.1093764 39.765434
        vertex 6.86584 7.270505 29.574074
    endloop
endfacet
facet normal -0.70834684 0.70574832 -0.01280487
    outer loop
        vertex -7.1637087 6.977197 25.834019
        vertex -6.5790787 7.530984 24.015432
        vertex -7.8464227 6.199488 20.736855
    endloop
endfacet
facet normal -0.61826897 0.78595316 0.0046047
    outer loop
        vertex -6.7527804 7.3756323 27.208847
        vertex -5.393003 8.421135 31.333334
        vertex -6.5790787 7.530984 24.015432
    endloop
endfacet
facet normal -0.61826897 0.78595322 -0.00460469
    outer loop
        vertex -6.7527804 7.3756323 67.791145
        vertex -6.5790787 7.530984 70.984566
        vertex -5.393003 8.421135 63.666664
    endloop
endfacet
facet normal -0.76201934 0.64754599 -0.00326434
    outer loop
        vertex -7.1637087 6.977197 69.165985
        vertex -8.054188 5.927062 68.72223
        vertex -7.8464227 6.199488 74.263145
    endloop
endfacet
facet normal 0.81553233 0.57871127 -0.00027921
    outer loop
        vertex 8.581048 5.1347466 37.106308
        vertex 7.6744056 6.4112015 34.609055
        vertex 7.688012 6.3948784 40.5191
    endloop
endfacet
facet normal 0.73176366 0.6815573 -0.00119453
    outer loop
        vertex 7.6744056 6.4112015 34.609055
        vertex 6.86584 7.270505 29.574074
        vertex 7.03255 7.1093764 39.765434
    endloop
endfacet
facet normal 0.49612275 0.8682524 -0
    outer loop
        vertex 4.3588996 9 11.875
        vertex 4.3588996 9 23.75
        vertex 5.540545 8.324803 11.938678
    endloop
endfacet
facet normal -0.05343588 0.99857128 0
    outer loop
        vertex 0 10 11.875
        vertex -1.0671917 9.942892 13.925926
        vertex 0 10 23.75
    endloop
endfacet
facet normal -0.16676857 0.98599046 0.00331147
    outer loop
        vertex -1.1250817 9.936508 22.41838
        vertex -1.7917323 9.838175 18.12403
        vertex -2.2500658 9.743572 23.209877
    endloop
endfacet
facet normal -0.18542106 0.98265809 0.00144887
    outer loop
        vertex -2.3191667 9.727357 67.155846
        vertex -2.502467 9.681821 74.5814
        vertex -1.4083565 9.90033 66.4038
    endloop
endfacet
facet normal 0.98116511 0.19314575 0.00314801
    outer loop
        vertex 9.89853 1.4209464 5.4096937
        vertex 9.678951 2.5135427 6.811428
        vertex 9.9619465 0.8715575 19.35185
    endloop
endfacet
facet normal 0.92921633 0.36953557 0.00064648
    outer loop
        vertex 9.078363 4.1932454 29.817005
        vertex 9.479224 3.1850133 29.958086
        vertex 9.108714 4.1269035 24.114313
    endloop
endfacet
facet normal 0.784778 0.61977404 0.00191379
    outer loop
        vertex 7.5759883 6.5272045 12.066034
        vertex 7.309523 6.8242855 25.125399
        vertex 8.276037 5.613129 21.020576
    endloop
endfacet
facet normal 0.52708542 0.84979099 -0.00602601
    outer loop
        vertex 6.0129194 7.990294 26.035208
        vertex 4.3588996 9 23.75
        vertex 5.28567 8.488915 32.739708
    endloop
endfacet
facet normal 0.86804879 0.49645504 0.00486145
    outer loop
        vertex 8.276037 5.613129 21.020576
        vertex 9.108714 4.1269035 24.114313
        vertex 8.8847 4.5893464 16.888737
    endloop
endfacet
facet normal 0.92012781 0.39160269 -0.00346379
    outer loop
        vertex 9.461859 3.2362373 17.22908
        vertex 8.8847 4.5893464 16.888737
        vertex 9.108714 4.1269035 24.114313
    endloop
endfacet
facet normal 0.66078305 0.7505765 -0.00083529
    outer loop
        vertex 6.2630816 7.7957563 47.821407
        vertex 7.03255 7.1093764 39.765434
        vertex 6.1516156 7.884011 38.946503
    endloop
endfacet
facet normal 0.75312442 0.65787774 0.00075097
    outer loop
        vertex 7.3070927 6.8268876 44.685555
        vertex 7.169607 6.9711356 56.198788
        vertex 7.8644295 6.176629 55.400585
    endloop
endfacet
facet normal 0.87233096 0.48891202 -0.00194831
    outer loop
        vertex 8.998226 4.3625584 50.97988
        vertex 8.472332 5.3122125 53.825188
        vertex 8.874877 4.6083126 57.42181
    endloop
endfacet
facet normal 0.60514098 0.7961151 -0.00226728
    outer loop
        vertex 6.5416226 7.563542 63.892506
        vertex 5.436344 8.393222 60.219135
        vertex 5.639427 8.258139 66.99029
    endloop
endfacet
facet normal 0.92964387 0.36845803 0.00098346
    outer loop
        vertex 9.05302 4.2476864 42.22222
        vertex 8.998226 4.3625584 50.97988
        vertex 9.535825 3.011318 49.04801
    endloop
endfacet
facet normal 0.57640886 0.8171609 0.00088656
    outer loop
        vertex 5.292638 8.484573 43.87134
        vertex 6.2630816 7.7957563 47.821407
        vertex 6.1516156 7.884011 38.946503
    endloop
endfacet
facet normal -0.32354707 0.94615859 0.01006275
    outer loop
        vertex -2.2500658 9.743572 23.209877
        vertex -3.1529584 9.489934 18.027777
        vertex -4.0262837 9.153635 21.568586
    endloop
endfacet
facet normal -0.14555 0.98934865 -0.00210291
    outer loop
        vertex -2.2500658 9.743572 23.209877
        vertex -1.8872992 9.82029 34.194443
        vertex -0.8428596 9.964416 29.71142
    endloop
endfacet
facet normal -0.37412935 0.92736155 -0.00527659
    outer loop
        vertex -4.191313 9.079256 19.474165
        vertex -3.1529584 9.489934 18.027777
        vertex -2.8964097 9.571354 14.1471195
    endloop
endfacet
facet normal -0.16718894 0.98592114 0.00269708
    outer loop
        vertex -1.1250817 9.936508 22.41838
        vertex -2.2500658 9.743572 23.209877
        vertex -0.8428596 9.964416 29.71142
    endloop
endfacet
facet normal -0.53659874 0.84380352 0.00757823
    outer loop
        vertex -5.33142 8.4602585 76.173874
        vertex -6.0369225 7.972174 80.56481
        vertex -4.3844156 8.987597 84.512344
    endloop
endfacet
facet normal -0.6489495 0.76083106 0.0007577
    outer loop
        vertex -6.0369225 7.972174 80.56481
        vertex -6.0792875 7.939916 76.67159
        vertex -6.8957567 7.242136 78.05144
    endloop
endfacet
facet normal -0.29182279 0.95647144 -0.00133825
    outer loop
        vertex -2.502467 9.681821 74.5814
        vertex -2.3191667 9.727357 67.155846
        vertex -3.3946497 9.406187 72.132996
    endloop
endfacet
facet normal -0.81743562 0.57601935 -0.0008232
    outer loop
        vertex -7.935051 6.085636 82.604935
        vertex -7.8464227 6.199488 74.263145
        vertex -8.463379 5.326463 76.01578
    endloop
endfacet
facet normal -0.65187627 0.75832129 -0.00248677
    outer loop
        vertex -6.1932025 7.8513846 18.568243
        vertex -6.0369225 7.972174 14.435185
        vertex -6.8957567 7.242136 16.94856
    endloop
endfacet
facet normal -0.47771305 0.87851495 0.00130465
    outer loop
        vertex -5.33142 8.4602585 18.82613
        vertex -4.191313 9.079256 19.474165
        vertex -4.3844156 8.987597 10.487655
    endloop
endfacet
facet normal -0.65298522 0.75736976 0.00111024
    outer loop
        vertex -6.998529 7.14287 14.592936
        vertex -6.0369225 7.972174 14.435185
        vertex -6.3439326 7.7301044 -1
    endloop
endfacet
facet normal -0.47473332 0.88012958 -0.00042317
    outer loop
        vertex -4.0262837 9.153635 21.568586
        vertex -5.393003 8.421135 31.333334
        vertex -4.071563 9.133585 30.663809
    endloop
endfacet
facet normal -0.47737271 0.87869954 0.0015449
    outer loop
        vertex -4.2144175 9.068554 59.613167
        vertex -5.1895595 8.54801 54.367287
        vertex -5.393003 8.421135 63.666664
    endloop
endfacet
facet normal -0.37215126 0.92817146 -0.00104737
    outer loop
        vertex -4.2144175 9.068554 59.613167
        vertex -3.2549756 9.455428 61.549538
        vertex -3.0913897 9.510169 51.935184
    endloop
endfacet
facet normal -0.47742119 0.87867379 -0.00113135
    outer loop
        vertex -4.2144175 9.068554 36.372425
        vertex -5.1895595 8.54801 43.589508
        vertex -4.51562 8.922398 49.963993
    endloop
endfacet
facet normal -0.58246678 0.81285387 0.00107923
    outer loop
        vertex -5.2681184 8.49982 39.47051
        vertex -5.393003 8.421135 31.333334
        vertex -6.2802296 7.781948 33.914307
    endloop
endfacet
facet normal -0.15224749 0.98834229 -0.00059744
    outer loop
        vertex -1.8872992 9.82029 60.805557
        vertex -1.0457097 9.945174 52.93673
        vertex -2.0039866 9.797145 52.253143
    endloop
endfacet
facet normal -0.09910737 0.99506015 -0.00574785
    outer loop
        vertex -1.4083565 9.90033 66.4038
        vertex 0 10 59.375
        vertex -1.8872992 9.82029 60.805557
    endloop
endfacet
facet normal 0.50792873 0.86139494 0.00267181
    outer loop
        vertex 5.639427 8.258139 66.99029
        vertex 4.3588996 9 71.25
        vertex 5.9449687 8.040979 78.91724
    endloop
endfacet
facet normal -0.45110357 0.89245254 -0.00583998
    outer loop
        vertex -3.6134548 9.32432 64.22988
        vertex -5.393003 8.421135 63.666664
        vertex -4.6552534 8.850346 72.27092
    endloop
endfacet
facet normal -0.76001084 0.64991033 0.0004256
    outer loop
        vertex -7.0837865 7.0583262 59.96708
        vertex -7.111148 7.030759 53.203358
        vertex -8.054188 5.927062 54.574074
    endloop
endfacet
facet normal -0.67165458 0.74086434 0.00030254
    outer loop
        vertex -7.111148 7.030759 42.12517
        vertex -6.3179927 7.7513204 38.44959
        vertex -7.0837865 7.0583262 35.361454
    endloop
endfacet
facet normal -0.2251534 0.97432333 -0.00017564
    outer loop
        vertex -3.1242409 9.499427 34.457706
        vertex -3.0913897 9.510169 51.935184
        vertex -1.3922954 9.902601 50.790638
    endloop
endfacet
facet normal -0.87554455 0.48313737 -0.0003333
    outer loop
        vertex -9 4.3588996 83.125
        vertex -8.49012 5.283735 84.32442
        vertex -8.463379 5.326463 76.01578
    endloop
endfacet
facet normal -0.8206889 0.57137328 0.0015389
    outer loop
        vertex -7.935051 6.085636 82.604935
        vertex -8.49012 5.283735 84.32442
        vertex -7.7301044 6.3439326 96
    endloop
endfacet
facet normal -0.87450778 0.48501131 0
    outer loop
        vertex -9 4.3588996 11.875
        vertex -9 4.3588996 23.75
        vertex -8.463379 5.326463 18.984224
    endloop
endfacet
facet normal -0.87572742 0.48280597 0
    outer loop
        vertex -9 4.3588996 11.875
        vertex -8.49012 5.283735 10.675583
        vertex -9 4.3588996 0
    endloop
endfacet
facet normal -0.74899465 0.66257584 0.00043333
    outer loop
        vertex -7.935051 6.085636 12.3950615
        vertex -6.998529 7.14287 14.592936
        vertex -7.071068 7.071068 -1
    endloop
endfacet
facet normal 0.87419415 0.48557585 -0.00089967
    outer loop
        vertex 8.998226 4.3625584 50.97988
        vertex 9.05302 4.2476864 42.22222
        vertex 8.421763 5.392022 46.469822
    endloop
endfacet
facet normal 0.97111326 0.23861711 -0.0009422
    outer loop
        vertex 9.535825 3.011318 49.04801
        vertex 9.829116 1.8407806 54.894604
        vertex 9.860197 1.6662874 42.738224
    endloop
endfacet
facet normal 0.73680443 0.67610598 0.00017103
    outer loop
        vertex 7.6744056 6.4112015 34.609055
        vertex 7.03255 7.1093764 39.765434
        vertex 7.688012 6.3948784 40.5191
    endloop
endfacet
facet normal 0.9961831 0.0872791 0.00129421
    outer loop
        vertex 9.860197 1.6662874 42.738224
        vertex 9.829116 1.8407806 54.894604
        vertex 10 -0 47.5
    endloop
endfacet
facet normal 0.62503076 0.7805686 0.00701132
    outer loop
        vertex 5.639427 8.258139 66.99029
        vertex 6.9733257 7.167477 69.50172
        vertex 6.5416226 7.563542 63.892506
    endloop
endfacet
facet normal 0.88933915 0.45724818 -0.00010379
    outer loop
        vertex 8.62353 5.063075 65.533226
        vertex 8.632891 5.047097 75.34774
        vertex 9.134285 4.0699925 66.968445
    endloop
endfacet
facet normal 0.76829374 0.64008701 -0.00365828
    outer loop
        vertex 8.231179 5.678705 84.83881
        vertex 7.0254426 7.1164007 83.16872
        vertex 7.7301044 6.3439326 96
    endloop
endfacet
facet normal 0.63549316 0.77210331 -0.00222187
    outer loop
        vertex 5.9449687 8.040979 78.91724
        vertex 6.9733257 7.167477 69.50172
        vertex 5.639427 8.258139 66.99029
    endloop
endfacet
facet normal -0.6715588 0.74095124 -0.00028781
    outer loop
        vertex -6.998529 7.14287 14.592936
        vertex -6.3439326 7.7301044 -1
        vertex -7.071068 7.071068 -1
    endloop
endfacet
facet normal -0.53659868 0.84380352 -0.00757822
    outer loop
        vertex -6.0369225 7.972174 14.435185
        vertex -5.33142 8.4602585 18.82613
        vertex -4.3844156 8.987597 10.487655
    endloop
endfacet
facet normal -0.51410091 0.85772693 0.00217573
    outer loop
        vertex -5.555702 8.314696 -1
        vertex -4.3844156 8.987597 10.487655
        vertex -4.7139673 8.819212 -1
    endloop
endfacet
facet normal -0.05287843 0.99860102 0.0002909
    outer loop
        vertex -0.9801714 9.951848 -1
        vertex -1.0671917 9.942892 13.925926
        vertex 0 10 11.875
    endloop
endfacet
facet normal -0.59569943 0.80320716 0.00074805
    outer loop
        vertex -6.0369225 7.972174 80.56481
        vertex -6.3439326 7.7301044 96
        vertex -5.555702 8.314696 96
    endloop
endfacet
facet normal -0.87450778 0.48501131 0
    outer loop
        vertex -9 4.3588996 83.125
        vertex -8.463379 5.326463 76.01578
        vertex -9 4.3588996 71.25
    endloop
endfacet
facet normal -0.24297984 0.97003144 0.00002164
    outer loop
        vertex -1.9509032 9.807853 96
        vertex -2.8964097 9.571354 80.85288
        vertex -2.9028468 9.569404 96
    endloop
endfacet
facet normal -0.59479624 0.80383629 0.00804725
    outer loop
        vertex -5.5556808 8.31471 50.610428
        vertex -6.419636 7.6673517 51.41724
        vertex -5.1895595 8.54801 54.367287
    endloop
endfacet
facet normal 0.98843688 0.15149923 -0.00637092
    outer loop
        vertex 9.9619465 0.8715575 29.907408
        vertex 9.608499 2.7706964 20.231749
        vertex 9.807853 1.9509032 31.666666
    endloop
endfacet
facet normal 0.83438569 0.55118036 0.00088394
    outer loop
        vertex 8.000884 5.9988203 31.407372
        vertex 8.634769 5.043884 28.508265
        vertex 8.050727 5.931762 26.172804
    endloop
endfacet
facet normal -0.85630673 0.51646781 0
    outer loop
        vertex -9 4.3588996 71.25
        vertex -8.054188 5.927062 68.72223
        vertex -8.054188 5.927062 54.574074
    endloop
endfacet
facet normal -0.66731304 0.74477464 -0.00197299
    outer loop
        vertex -6.2802296 7.781948 61.34122
        vertex -7.0837865 7.0583262 59.96708
        vertex -6.7527804 7.3756323 67.791145
    endloop
endfacet
facet normal -0.85630661 0.51646769 0
    outer loop
        vertex -9 4.3588996 23.75
        vertex -9 4.3588996 47.5
        vertex -8.054188 5.927062 40.425926
    endloop
endfacet
facet normal -0.85630661 0.51646769 0
    outer loop
        vertex -8.054188 5.927062 40.425926
        vertex -9 4.3588996 47.5
        vertex -8.054188 5.927062 54.574074
    endloop
endfacet
facet normal -0.87554455 0.48313737 0.0003333
    outer loop
        vertex -9 4.3588996 11.875
        vertex -8.463379 5.326463 18.984224
        vertex -8.49012 5.283735 10.675583
    endloop
endfacet
facet normal -0.09015975 0.9959082 0.00616307
    outer loop
        vertex -1.0457097 9.945174 52.93673
        vertex -1.8872992 9.82029 60.805557
        vertex 0 10 59.375
    endloop
endfacet
facet normal -0.38318712 0.92366964 0.00144083
    outer loop
        vertex -3.0913897 9.510169 51.935184
        vertex -4.2144175 9.068554 36.372425
        vertex -4.51562 8.922398 49.963993
    endloop
endfacet
facet normal -0.36964199 0.92917395 -0.00062269
    outer loop
        vertex -3.0913897 9.510169 51.935184
        vertex -4.284807 9.035509 52.088818
        vertex -4.2144175 9.068554 59.613167
    endloop
endfacet
facet normal -0.74776387 0.66396481 0
    outer loop
        vertex -6.8382626 7.296449 47.5
        vertex -8.054188 5.927062 40.425926
        vertex -8.054188 5.927062 54.574074
    endloop
endfacet
facet normal -0.28072938 0.95978343 0.00256789
    outer loop
        vertex -3.5235007 9.358683 27.851852
        vertex -1.8872992 9.82029 34.194443
        vertex -2.2500658 9.743572 23.209877
    endloop
endfacet
facet normal -0.29366106 0.955908 -0.00177183
    outer loop
        vertex -3.3946497 9.406187 72.132996
        vertex -2.3191667 9.727357 67.155846
        vertex -3.6134548 9.32432 64.22988
    endloop
endfacet
facet normal 0.60265183 0.7979793 -0.00630961
    outer loop
        vertex 5.28567 8.488915 32.739708
        vertex 6.1516156 7.884011 38.946503
        vertex 6.86584 7.270505 29.574074
    endloop
endfacet
facet normal 0.87844133 0.47784671 0.00181384
    outer loop
        vertex 8.581048 5.1347466 37.106308
        vertex 8.421763 5.392022 46.469822
        vertex 9.05302 4.2476864 42.22222
    endloop
endfacet
facet normal 0.97010028 0.24270447 -0.00007306
    outer loop
        vertex 9.535825 3.011318 49.04801
        vertex 9.539883 2.9984405 60.150738
        vertex 9.829116 1.8407806 54.894604
    endloop
endfacet
facet normal 0.9948231 0.101595 -0.00230095
    outer loop
        vertex 9.829116 1.8407806 54.894604
        vertex 9.892139 1.4647785 65.54123
        vertex 10 -0 47.5
    endloop
endfacet
facet normal -0.40329847 0.91506696 0.00168664
    outer loop
        vertex -4.6552534 8.850346 72.27092
        vertex -3.3946497 9.406187 72.132996
        vertex -3.6134548 9.32432 64.22988
    endloop
endfacet
facet normal 0.49040613 0.87149388 0.00049521
    outer loop
        vertex 4.3588996 9 59.375
        vertex 5.436344 8.393222 60.219135
        vertex 5.3551927 8.4452305 49.056084
    endloop
endfacet
facet normal 0.67845458 0.73464155 -0.00110246
    outer loop
        vertex 7.3070927 6.8268876 44.685555
        vertex 6.2630816 7.7957563 47.821407
        vertex 7.169607 6.9711356 56.198788
    endloop
endfacet
facet normal 0.76452261 0.64459026 0.00294091
    outer loop
        vertex 8.231179 5.678705 84.83881
        vertex 8.010488 5.9859905 74.859146
        vertex 7.0254426 7.1164007 83.16872
    endloop
endfacet
facet normal -0.1467313 0.98917639 -0.00026193
    outer loop
        vertex -1.9509032 9.807853 -1
        vertex -1.0671917 9.942892 13.925926
        vertex -0.9801714 9.951848 -1
    endloop
endfacet
facet normal 0.48290575 0.8756724 0
    outer loop
        vertex 5.28567 8.488915 32.739708
        vertex 4.3588996 9 23.75
        vertex 4.3588996 9 35.625
    endloop
endfacet
facet normal -0.0490669 0.99879551 0
    outer loop
        vertex -0.9801714 9.951848 -1
        vertex 0 10 11.875
        vertex 0 10 0
    endloop
endfacet
facet normal 0.71030003 0.70389897 -0.00038
    outer loop
        vertex 6.589365 7.5219855 10.55765
        vertex 6.650375 7.4680996 24.78155
        vertex 7.5759883 6.5272045 12.066034
    endloop
endfacet
facet normal 0.94154239 0.33688962 -0.00181541
    outer loop
        vertex 9.404952 3.3980706 5.6087484
        vertex 9.569404 2.9028468 -1
        vertex 9.238795 3.8268342 -1
    endloop
endfacet
facet normal -0.42755538 0.90398866 0.00098514
    outer loop
        vertex -3.8268342 9.238795 96
        vertex -4.3844156 8.987597 84.512344
        vertex -4.7139673 8.819212 96
    endloop
endfacet
facet normal -0.74095035 0.67155796 -0.00161297
    outer loop
        vertex -7.935051 6.085636 82.604935
        vertex -7.7301044 6.3439326 96
        vertex -7.071068 7.071068 96
    endloop
endfacet
facet normal -0.75900918 0.65108001 0
    outer loop
        vertex -8.054188 5.927062 26.277779
        vertex -8.054188 5.927062 40.425926
        vertex -7.0837865 7.0583262 35.361454
    endloop
endfacet
facet normal -0.05431504 0.99852234 -0.00171907
    outer loop
        vertex 0 10 23.75
        vertex -1.1250817 9.936508 22.41838
        vertex -0.8428596 9.964416 29.71142
    endloop
endfacet
facet normal 0.87726855 0.47996795 -0.00554043
    outer loop
        vertex 9.108714 4.1269035 24.114313
        vertex 8.276037 5.613129 21.020576
        vertex 8.634769 5.043884 28.508265
    endloop
endfacet
facet normal 0.97030073 0.24189582 -0.00168288
    outer loop
        vertex 9.4724455 3.205118 40.361988
        vertex 9.535825 3.011318 49.04801
        vertex 9.860197 1.6662874 42.738224
    endloop
endfacet
facet normal 0.81850004 0.57450628 0.00060647
    outer loop
        vertex 8.421763 5.392022 46.469822
        vertex 7.8644295 6.176629 55.400585
        vertex 8.472332 5.3122125 53.825188
    endloop
endfacet
facet normal -0.75994867 0.64998305 -0.00042505
    outer loop
        vertex -7.0837865 7.0583262 35.361454
        vertex -8.054188 5.927062 40.425926
        vertex -7.111148 7.030759 42.12517
    endloop
endfacet
facet normal -0.51026732 0.86001539 0.00085093
    outer loop
        vertex -5.393003 8.421135 63.666664
        vertex -5.5485764 8.319453 73.14312
        vertex -4.6552534 8.850346 72.27092
    endloop
endfacet
facet normal -0.82195234 0.56955624 -0.00028361
    outer loop
        vertex -7.935051 6.085636 12.3950615
        vertex -8.49012 5.283735 10.675583
        vertex -8.463379 5.326463 18.984224
    endloop
endfacet
facet normal 0.85848808 0.51283318 -0.00060509
    outer loop
        vertex 8.8847 4.5893464 16.888737
        vertex 8.219858 5.695079 10.770039
        vertex 8.276037 5.613129 21.020576
    endloop
endfacet
facet normal 0.49685267 0.86783487 -0.00009586
    outer loop
        vertex 5.540545 8.324803 11.938678
        vertex 5.555702 8.314696 -1
        vertex 4.3588996 9 0
    endloop
endfacet
facet normal 0.85772896 0.5141021 0.00024568
    outer loop
        vertex 8.819212 4.7139673 -1
        vertex 8.314696 5.555702 -1
        vertex 8.8428955 4.669389 9.598446
    endloop
endfacet
facet normal 0.93590599 0.3522405 -0.00256525
    outer loop
        vertex 9.608499 2.7706964 20.231749
        vertex 9.108714 4.1269035 24.114313
        vertex 9.479224 3.1850133 29.958086
    endloop
endfacet
facet normal 0.51390821 0.85740548 0.02746357
    outer loop
        vertex 4.7139673 8.819212 -1
        vertex 4.3588996 9 0
        vertex 5.555702 8.314696 -1
    endloop
endfacet
facet normal 0.47110909 0.88204032 -0.00781331
    outer loop
        vertex 5.698697 8.217351 87.43124
        vertex 4.3588996 9 95
        vertex 4.7139673 8.819212 96
    endloop
endfacet
facet normal 0.6715349 0.74092489 -0.00843589
    outer loop
        vertex 5.698697 8.217351 87.43124
        vertex 6.3439326 7.7301044 96
        vertex 7.071068 7.071068 96
    endloop
endfacet
facet normal -0.50333726 0.86408651 0.00246535
    outer loop
        vertex -4.51562 8.922398 49.963993
        vertex -5.1895595 8.54801 43.589508
        vertex -5.5556808 8.31471 50.610428
    endloop
endfacet
facet normal 0.64384252 0.76515305 0.00277295
    outer loop
        vertex 5.9449687 8.040979 78.91724
        vertex 5.698697 8.217351 87.43124
        vertex 7.0254426 7.1164007 83.16872
    endloop
endfacet
facet normal -0.3652848 0.93089581 0.00003538
    outer loop
        vertex -2.9028468 9.569404 -1
        vertex -4.3844156 8.987597 10.487655
        vertex -2.8964097 9.571354 14.1471195
    endloop
endfacet
facet normal 0.0490669 0.99879551 0
    outer loop
        vertex 0 10 0
        vertex 0.9801714 9.951848 -1
        vertex 0.0000000000000006123234 10 -1
    endloop
endfacet
facet normal -0.0490669 0.99879551 -0
    outer loop
        vertex 0 10 0
        vertex 0.0000000000000006123234 10 -1
        vertex -0.9801714 9.951848 -1
    endloop
endfacet
facet normal -0.33688718 0.94153547 0.00423669
    outer loop
        vertex -2.9028468 9.569404 -1
        vertex -3.8268342 9.238795 -1
        vertex -4.3844156 8.987597 10.487655
    endloop
endfacet
facet normal -0.36738446 0.93006909 0.0001189
    outer loop
        vertex -3.1242409 9.499427 34.457706
        vertex -4.2144175 9.068554 36.372425
        vertex -3.0913897 9.510169 51.935184
    endloop
endfacet
facet normal -0.24297982 0.97003132 -0.00002164
    outer loop
        vertex -1.9509032 9.807853 -1
        vertex -2.9028468 9.569404 -1
        vertex -2.8964097 9.571354 14.1471195
    endloop
endfacet
facet normal 0.16831677 0.98565757 0.01218422
    outer loop
        vertex 1.9509032 9.807853 -1
        vertex 1.1251794 9.936497 0
        vertex 2.2360685 9.746795 0
    endloop
endfacet
facet normal -0.05343588 0.99857128 0
    outer loop
        vertex 0 10 83.125
        vertex 0 10 71.25
        vertex -1.0671917 9.942892 81.07407
    endloop
endfacet
facet normal 0.27814227 0.96042144 0.01508908
    outer loop
        vertex 2.9028468 9.569404 -1
        vertex 2.2360685 9.746795 0
        vertex 3.318558 9.433301 0
    endloop
endfacet
facet normal 0.05634723 0.99838555 0.00715571
    outer loop
        vertex 0 10 0
        vertex 1.1251794 9.936497 0
        vertex 0.9801714 9.951848 -1
    endloop
endfacet
facet normal 0.38443491 0.92301577 0.0158673
    outer loop
        vertex 3.8268342 9.238795 -1
        vertex 3.318558 9.433301 0
        vertex 4.3588996 9 0
    endloop
endfacet
facet normal 0.33686635 0.94147724 -0.01190153
    outer loop
        vertex 2.9028468 9.569404 -1
        vertex 3.318558 9.433301 0
        vertex 3.8268342 9.238795 -1
    endloop
endfacet
facet normal 0.51410174 0.8577283 -0.00116492
    outer loop
        vertex 5.698697 8.217351 87.43124
        vertex 4.7139673 8.819212 96
        vertex 5.555702 8.314696 96
    endloop
endfacet
facet normal -0.99879551 0.0490669 0
    outer loop
        vertex -9.951848 0.9801714 -1
        vertex -10 -0 -1
        vertex -10 -0 0
    endloop
endfacet
facet normal -0.98915803 0.14672858 -0.00609196
    outer loop
        vertex -9.807853 1.9509032 -1
        vertex -9.951848 0.9801714 -1
        vertex -9.936497 1.1251794 0
    endloop
endfacet
facet normal -0.98565757 0.16831677 0.01218423
    outer loop
        vertex -9.746795 2.2360685 0
        vertex -9.807853 1.9509032 -1
        vertex -9.936497 1.1251794 0
    endloop
endfacet
facet normal -0.96042144 0.27814227 0.01508908
    outer loop
        vertex -9.433301 3.318558 0
        vertex -9.569404 2.9028468 -1
        vertex -9.746795 2.2360685 0
    endloop
endfacet
facet normal -0.94147724 0.33686635 -0.01190153
    outer loop
        vertex -9.433301 3.318558 0
        vertex -9.238795 3.8268342 -1
        vertex -9.569404 2.9028468 -1
    endloop
endfacet
facet normal -0.90392798 0.42752671 -0.01161842
    outer loop
        vertex -9 4.3588996 0
        vertex -8.819212 4.7139673 -1
        vertex -9.238795 3.8268342 -1
    endloop
endfacet
facet normal -0.85740548 0.51390821 0.02746357
    outer loop
        vertex -9 4.3588996 0
        vertex -8.314696 5.555702 -1
        vertex -8.819212 4.7139673 -1
    endloop
endfacet
facet normal -0.59851432 0.801112 -0.00044103
    outer loop
        vertex -5.393003 8.421135 31.333334
        vertex -5.33142 8.4602585 18.82613
        vertex -6.5790787 7.530984 24.015432
    endloop
endfacet
facet normal 0.57266319 0.81979078 0
    outer loop
        vertex 6.1516156 7.884011 38.946503
        vertex 5.28567 8.488915 32.739708
        vertex 5.28567 8.488915 38.017487
    endloop
endfacet
facet normal -0.25055611 0.96809834 0.00267173
    outer loop
        vertex -3.1242409 9.499427 34.457706
        vertex -1.3922954 9.902601 50.790638
        vertex -1.8872992 9.82029 34.194443
    endloop
endfacet
facet normal -0.80320609 0.5956986 0.00180798
    outer loop
        vertex -8.314696 5.555702 -1
        vertex -8.49012 5.283735 10.675583
        vertex -7.7301044 6.3439326 -1
    endloop
endfacet
facet normal -0.74095035 0.6715579 0.00161297
    outer loop
        vertex -7.7301044 6.3439326 -1
        vertex -7.935051 6.085636 12.3950615
        vertex -7.071068 7.071068 -1
    endloop
endfacet
facet normal -0.19871134 0.98005372 -0.00289816
    outer loop
        vertex -1.0671917 9.942892 81.07407
        vertex -2.8964097 9.571354 80.85288
        vertex -1.9509032 9.807853 96
    endloop
endfacet
facet normal -0.1467313 0.98917639 0.00026193
    outer loop
        vertex -1.0671917 9.942892 81.07407
        vertex -1.9509032 9.807853 96
        vertex -0.9801714 9.951848 96
    endloop
endfacet
facet normal 0.50129092 0.86527872 0
    outer loop
        vertex 5.639427 8.258139 66.99029
        vertex 4.3588996 9 59.375
        vertex 4.3588996 9 71.25
    endloop
endfacet
facet normal -0.05287843 0.99860102 -0.0002909
    outer loop
        vertex -0.9801714 9.951848 96
        vertex 0 10 83.125
        vertex -1.0671917 9.942892 81.07407
    endloop
endfacet
facet normal -0.36528477 0.93089581 -0.00003538
    outer loop
        vertex -2.8964097 9.571354 80.85288
        vertex -4.3844156 8.987597 84.512344
        vertex -2.9028468 9.569404 96
    endloop
endfacet
facet normal -0.0490669 0.99879551 0
    outer loop
        vertex -0.9801714 9.951848 96
        vertex 0.0000000000000006123234 10 96
        vertex 0 10 95
    endloop
endfacet
facet normal 0.0490669 0.99879551 -0
    outer loop
        vertex 0 10 95
        vertex 0.0000000000000006123234 10 96
        vertex 0.9801714 9.951848 96
    endloop
endfacet
facet normal 0.14672858 0.98915803 0.00609196
    outer loop
        vertex 1.1251794 9.936497 95
        vertex 0.9801714 9.951848 96
        vertex 1.9509032 9.807853 96
    endloop
endfacet
facet normal 0.16831677 0.98565757 -0.01218423
    outer loop
        vertex 2.2360685 9.746795 95
        vertex 1.1251794 9.936497 95
        vertex 1.9509032 9.807853 96
    endloop
endfacet
facet normal 0.27814227 0.96042144 -0.01508908
    outer loop
        vertex 3.318558 9.433301 95
        vertex 2.2360685 9.746795 95
        vertex 2.9028468 9.569404 96
    endloop
endfacet
facet normal 0.33686635 0.94147724 0.01190152
    outer loop
        vertex 3.8268342 9.238795 96
        vertex 3.318558 9.433301 95
        vertex 2.9028468 9.569404 96
    endloop
endfacet
facet normal 0.38443491 0.92301577 -0.01586731
    outer loop
        vertex 4.3588996 9 95
        vertex 3.318558 9.433301 95
        vertex 3.8268342 9.238795 96
    endloop
endfacet
facet normal 0.24296753 0.96998227 -0.01006069
    outer loop
        vertex 1.9509032 9.807853 -1
        vertex 2.2360685 9.746795 0
        vertex 2.9028468 9.569404 -1
    endloop
endfacet
facet normal 0.42752671 0.90392798 -0.01161842
    outer loop
        vertex 4.3588996 9 0
        vertex 4.7139673 8.819212 -1
        vertex 3.8268342 9.238795 -1
    endloop
endfacet
facet normal 0.51157403 0.85923398 -0.00300191
    outer loop
        vertex 4.3588996 9 83.125
        vertex 5.698697 8.217351 87.43124
        vertex 5.9449687 8.040979 78.91724
    endloop
endfacet
facet normal 0.74095124 0.67155874 -0.00026204
    outer loop
        vertex 7.7301044 6.3439326 96
        vertex 7.0254426 7.1164007 83.16872
        vertex 7.071068 7.071068 96
    endloop
endfacet
facet normal 0.60815316 0.79381961 0.00039879
    outer loop
        vertex 6.650375 7.4680996 24.78155
        vertex 6.589365 7.5219855 10.55765
        vertex 5.540545 8.324803 11.938678
    endloop
endfacet
facet normal 0.99879551 0.0490669 -0
    outer loop
        vertex 10 -0 -1
        vertex 9.951848 0.9801714 -1
        vertex 10 -0 0
    endloop
endfacet
facet normal 0.9970358 0.07692391 -0.00150388
    outer loop
        vertex 10 -0 0
        vertex 9.89853 1.4209464 5.4096937
        vertex 9.9619465 0.8715575 19.35185
    endloop
endfacet
facet normal 0.99879551 0.0490669 -0
    outer loop
        vertex 10 -0 95
        vertex 9.951848 0.9801714 96
        vertex 10 -0 96
    endloop
endfacet
facet normal 0.99904817 0.04361995 0
    outer loop
        vertex 10 -0 23.75
        vertex 10 -0 0
        vertex 9.9619465 0.8715575 19.35185
    endloop
endfacet
facet normal 0.90578395 0.42371264 0.00479077
    outer loop
        vertex 9.134285 4.0699925 66.968445
        vertex 8.632891 5.047097 75.34774
        vertex 9.476596 3.192827 79.82784
    endloop
endfacet
facet normal 0.91588187 0.40144658 0.00110561
    outer loop
        vertex 9.461859 3.2362373 17.22908
        vertex 9.404952 3.3980706 5.6087484
        vertex 8.8428955 4.669389 9.598446
    endloop
endfacet
facet normal 0.97003031 0.24297956 -0.00149416
    outer loop
        vertex 9.807853 1.9509032 -1
        vertex 9.569404 2.9028468 -1
        vertex 9.678951 2.5135427 6.811428
    endloop
endfacet
facet normal 0.98781997 0.15560022 -0.00047823
    outer loop
        vertex 9.938309 1.1090573 91.557846
        vertex 9.796316 2.008032 90.75817
        vertex 9.807853 1.9509032 96
    endloop
endfacet
facet normal 0.8647117 0.50225836 0.003175
    outer loop
        vertex 8.632891 5.047097 75.34774
        vertex 8.231179 5.678705 84.83881
        vertex 9.045261 4.2641835 86.888885
    endloop
endfacet
facet normal 0.85505706 0.51853329 0.00074941
    outer loop
        vertex 8.8428955 4.669389 9.598446
        vertex 8.314696 5.555702 -1
        vertex 8.219858 5.695079 10.770039
    endloop
endfacet
facet normal 0.96710378 0.254379 -0.00118298
    outer loop
        vertex 9.476596 3.192827 79.82784
        vertex 9.526835 3.0396383 87.95892
        vertex 9.817202 1.9032991 80.987885
    endloop
endfacet
facet normal 0.74093133 0.67154074 0.00734387
    outer loop
        vertex 7.071068 7.071068 -1
        vertex 6.528637 7.5747538 7.668237
        vertex 7.7301044 6.3439326 -1
    endloop
endfacet
facet normal 0.76168531 0.64794689 0.0006151
    outer loop
        vertex 7.8612185 6.1807156 58.509335
        vertex 7.326653 6.805891 61.907406
        vertex 7.9267006 6.0965085 66.125854
    endloop
endfacet
facet normal 0.69926739 0.71485734 -0.00199398
    outer loop
        vertex 7.5759883 6.5272045 12.066034
        vertex 6.650375 7.4680996 24.78155
        vertex 7.309523 6.8242855 25.125399
    endloop
endfacet
facet normal 0.98917568 0.14673118 0.00124238
    outer loop
        vertex 9.938309 1.1090573 91.557846
        vertex 9.807853 1.9509032 96
        vertex 9.951848 0.9801714 96
    endloop
endfacet
facet normal 0.91498131 0.40346107 -0.00532324
    outer loop
        vertex 8.632891 5.047097 75.34774
        vertex 9.045261 4.2641835 86.888885
        vertex 9.476596 3.192827 79.82784
    endloop
endfacet
facet normal 0.60486037 0.79633158 0.00008652
    outer loop
        vertex 5.555702 8.314696 -1
        vertex 5.540545 8.324803 11.938678
        vertex 6.528637 7.5747538 7.668237
    endloop
endfacet
facet normal 0.85772181 0.51409781 -0.00409887
    outer loop
        vertex 8.314696 5.555702 96
        vertex 8.819212 4.7139673 96
        vertex 9.045261 4.2641835 86.888885
    endloop
endfacet
facet normal 0.42752671 0.90392798 0.01161843
    outer loop
        vertex 4.7139673 8.819212 96
        vertex 4.3588996 9 95
        vertex 3.8268342 9.238795 96
    endloop
endfacet
facet normal 0.14672858 0.98915803 -0.00609196
    outer loop
        vertex 0.9801714 9.951848 -1
        vertex 1.1251794 9.936497 0
        vertex 1.9509032 9.807853 -1
    endloop
endfacet
facet normal 0.24296753 0.96998227 0.01006068
    outer loop
        vertex 2.9028468 9.569404 96
        vertex 2.2360685 9.746795 95
        vertex 1.9509032 9.807853 96
    endloop
endfacet
facet normal 0.05634723 0.99838555 -0.00715571
    outer loop
        vertex 1.1251794 9.936497 95
        vertex 0 10 95
        vertex 0.9801714 9.951848 96
    endloop
endfacet
facet normal -0.36820379 0.92974406 0.00137732
    outer loop
        vertex -4.2144175 9.068554 36.372425
        vertex -3.2246087 9.465828 32.80624
        vertex -4.071563 9.133585 30.663809
    endloop
endfacet
facet normal -0.0490669 0.99879551 0
    outer loop
        vertex 0 10 95
        vertex 0 10 83.125
        vertex -0.9801714 9.951848 96
    endloop
endfacet
facet normal -0.59569937 0.80320716 -0.00074805
    outer loop
        vertex -6.3439326 7.7301044 -1
        vertex -6.0369225 7.972174 14.435185
        vertex -5.555702 8.314696 -1
    endloop
endfacet
facet normal -0.37841606 0.92563558 -0.00013563
    outer loop
        vertex -4.4015284 8.979228 75.139
        vertex -4.3844156 8.987597 84.512344
        vertex -3.1529584 9.489934 76.97222
    endloop
endfacet
facet normal -0.51410091 0.85772693 -0.00217573
    outer loop
        vertex -5.555702 8.314696 96
        vertex -4.7139673 8.819212 96
        vertex -4.3844156 8.987597 84.512344
    endloop
endfacet
facet normal -0.65298522 0.75736982 -0.00111024
    outer loop
        vertex -6.3439326 7.7301044 96
        vertex -6.0369225 7.972174 80.56481
        vertex -6.998529 7.14287 80.40707
    endloop
endfacet
facet normal -0.90392798 0.42752671 0.01161843
    outer loop
        vertex -8.819212 4.7139673 96
        vertex -9 4.3588996 95
        vertex -9.238795 3.8268342 96
    endloop
endfacet
facet normal -0.92301577 0.38443491 -0.0158673
    outer loop
        vertex -9.238795 3.8268342 96
        vertex -9 4.3588996 95
        vertex -9.433301 3.318558 95
    endloop
endfacet
facet normal -0.94147724 0.33686635 0.01190153
    outer loop
        vertex -9.569404 2.9028468 96
        vertex -9.238795 3.8268342 96
        vertex -9.433301 3.318558 95
    endloop
endfacet
facet normal -0.96042144 0.27814227 -0.01508908
    outer loop
        vertex -9.433301 3.318558 95
        vertex -9.746795 2.2360685 95
        vertex -9.569404 2.9028468 96
    endloop
endfacet
facet normal -0.96998227 0.24296753 0.01006068
    outer loop
        vertex -9.569404 2.9028468 96
        vertex -9.746795 2.2360685 95
        vertex -9.807853 1.9509032 96
    endloop
endfacet
facet normal 0.68291217 0.73049784 -0.00199271
    outer loop
        vertex 6.2630816 7.7957563 47.821407
        vertex 6.4337506 7.6555114 54.898884
        vertex 7.169607 6.9711356 56.198788
    endloop
endfacet
facet normal -0.99879551 0.0490669 0
    outer loop
        vertex -10 -0 96
        vertex -9.951848 0.9801714 96
        vertex -10 -0 95
    endloop
endfacet
facet normal -0.86833704 0.49597234 0.00149359
    outer loop
        vertex -8.314696 5.555702 96
        vertex -8.49012 5.283735 84.32442
        vertex -9 4.3588996 95
    endloop
endfacet
facet normal -0.99838555 0.05634723 -0.00715571
    outer loop
        vertex -10 -0 95
        vertex -9.951848 0.9801714 96
        vertex -9.936497 1.1251794 95
    endloop
endfacet
facet normal -0.74899471 0.66257584 -0.00043333
    outer loop
        vertex -7.935051 6.085636 82.604935
        vertex -7.071068 7.071068 96
        vertex -6.998529 7.14287 80.40707
    endloop
endfacet
facet normal -0.98915803 0.14672858 0.00609196
    outer loop
        vertex -9.936497 1.1251794 95
        vertex -9.951848 0.9801714 96
        vertex -9.807853 1.9509032 96
    endloop
endfacet
facet normal -0.85740548 0.51390821 -0.02746357
    outer loop
        vertex -9 4.3588996 95
        vertex -8.819212 4.7139673 96
        vertex -8.314696 5.555702 96
    endloop
endfacet
facet normal -0.6715588 0.7409513 0.00028781
    outer loop
        vertex -6.998529 7.14287 80.40707
        vertex -7.071068 7.071068 96
        vertex -6.3439326 7.7301044 96
    endloop
endfacet
facet normal -0.82195228 0.56955624 0.00028361
    outer loop
        vertex -8.463379 5.326463 76.01578
        vertex -8.49012 5.283735 84.32442
        vertex -7.935051 6.085636 82.604935
    endloop
endfacet
facet normal -0.51866484 0.85497314 0.00280238
    outer loop
        vertex -6.0369225 7.972174 14.435185
        vertex -4.3844156 8.987597 10.487655
        vertex -5.555702 8.314696 -1
    endloop
endfacet
facet normal -0.73020399 0.6832124 0.00479633
    outer loop
        vertex -6.8957567 7.242136 16.94856
        vertex -7.8464227 6.199488 20.736855
        vertex -6.5790787 7.530984 24.015432
    endloop
endfacet
facet normal -0.92301577 0.38443491 0.01586731
    outer loop
        vertex -9 4.3588996 0
        vertex -9.238795 3.8268342 -1
        vertex -9.433301 3.318558 0
    endloop
endfacet
facet normal -0.98565757 0.16831677 -0.01218423
    outer loop
        vertex -9.936497 1.1251794 95
        vertex -9.807853 1.9509032 96
        vertex -9.746795 2.2360685 95
    endloop
endfacet
facet normal -0.99838555 0.05634723 0.00715571
    outer loop
        vertex -9.951848 0.9801714 -1
        vertex -10 -0 0
        vertex -9.936497 1.1251794 0
    endloop
endfacet
facet normal 0.93027395 0.36686361 0.00116378
    outer loop
        vertex 9.476596 3.192827 79.82784
        vertex 9.045261 4.2641835 86.888885
        vertex 9.526835 3.0396383 87.95892
    endloop
endfacet
facet normal -0.96998227 0.24296753 -0.01006068
    outer loop
        vertex -9.569404 2.9028468 -1
        vertex -9.807853 1.9509032 -1
        vertex -9.746795 2.2360685 0
    endloop
endfacet
facet normal 0 0 -1
    outer loop
        vertex -2.4048457 -0.6831663 -1
        vertex -9.238795 -3.8268342 -1
        vertex -9.569404 -2.9028468 -1
    endloop
endfacet
facet normal -0 0 -1
    outer loop
        vertex -2.4048457 -0.6831663 -1
        vertex -9.951848 -0.9801714 -1
        vertex -2.5 -0 -1
    endloop
endfacet
facet normal 0 0 -1
    outer loop
        vertex -2.1266272 -1.3143278 -1
        vertex -8.819212 -4.7139673 -1
        vertex -9.238795 -3.8268342 -1
    endloop
endfacet
facet normal -0 0 -1
    outer loop
        vertex -1.6865222 -1.8454382 -1
        vertex -7.7301044 -6.3439326 -1
        vertex -2.1266272 -1.3143278 -1
    endloop
endfacet
facet normal 0 0 -0.99999994
    outer loop
        vertex -6.3439326 -7.7301044 -1
        vertex -7.071068 -7.071068 -1
        vertex -1.6865222 -1.8454382 -1
    endloop
endfacet
facet normal 0 -0 -0.99999994
    outer loop
        vertex -1.6865222 -1.8454382 -1
        vertex -1.118034 -2.236068 -1
        vertex -5.555702 -8.314696 -1
    endloop
endfacet
facet normal 0 0 -1
    outer loop
        vertex -1.118034 -2.236068 -1
        vertex -2.9028468 -9.569404 -1
        vertex -3.8268342 -9.238795 -1
    endloop
endfacet
facet normal 0 0 -1
    outer loop
        vertex -0.46443725 -2.456481 -1
        vertex -1.9509032 -9.807853 -1
        vertex -2.9028468 -9.569404 -1
    endloop
endfacet
facet normal 0 0 -1
    outer loop
        vertex 10 -0 -1
        vertex 9.951848 -0.9801714 -1
        vertex 1.5 -2 -1
    endloop
endfacet
facet normal 0 0 -1
    outer loop
        vertex 9.951848 -0.9801714 -1
        vertex 9.807853 -1.9509032 -1
        vertex 1.5 -2 -1
    endloop
endfacet
facet normal 0 -0 -0.99999994
    outer loop
        vertex 9.569404 2.9028468 -1
        vertex 9.807853 1.9509032 -1
        vertex 1.5 2 -1
    endloop
endfacet
facet normal -0 -0 -1
    outer loop
        vertex 9.807853 1.9509032 -1
        vertex 9.951848 0.9801714 -1
        vertex 1.5 2 -1
    endloop
endfacet
facet normal -0 0 -1
    outer loop
        vertex 8.314696 5.555702 -1
        vertex 1.5 2 -1
        vertex 7.7301044 6.3439326 -1
    endloop
endfacet
facet normal -0 0 -1
    outer loop
        vertex 8.819212 4.7139673 -1
        vertex 1.5 2 -1
        vertex 8.314696 5.555702 -1
    endloop
endfacet
facet normal 0 0 -1
    outer loop
        vertex 1.5 2 -1
        vertex 6.3439326 7.7301044 -1
        vertex 7.071068 7.071068 -1
    endloop
endfacet
facet normal 0 0 -1
    outer loop
        vertex 0.89637446 2.3337765 -1
        vertex 3.8268342 9.238795 -1
        vertex 4.7139673 8.819212 -1
    endloop
endfacet
facet normal 0 0 -1
    outer loop
        vertex 0.224514 2.4898984 -1
        vertex 0.0000000000000006123234 10 -1
        vertex 0.9801714 9.951848 -1
    endloop
endfacet
facet normal 0 0 -1
    outer loop
        vertex 0.224514 2.4898984 -1
        vertex 0.9801714 9.951848 -1
        vertex 1.9509032 9.807853 -1
    endloop
endfacet
facet normal 0 0 -1
    outer loop
        vertex -0.46443725 2.456481 -1
        vertex -2.9028468 9.569404 -1
        vertex -1.9509032 9.807853 -1
    endloop
endfacet
facet normal 0 0 -1
    outer loop
        vertex -0.46443725 2.456481 -1
        vertex -1.9509032 9.807853 -1
        vertex -0.9801714 9.951848 -1
    endloop
endfacet
facet normal 0 0 -1
    outer loop
        vertex -1.118034 2.236068 -1
        vertex -5.555702 8.314696 -1
        vertex -4.7139673 8.819212 -1
    endloop
endfacet
facet normal 0 0 -1
    outer loop
        vertex -1.118034 2.236068 -1
        vertex -4.7139673 8.819212 -1
        vertex -3.8268342 9.238795 -1
    endloop
endfacet
facet normal 0 0 -1
    outer loop
        vertex -2.5 -0 -1
        vertex -10 -0 -1
        vertex -9.951848 0.9801714 -1
    endloop
endfacet
facet normal -0 0 -1
    outer loop
        vertex -2.5 -0 -1
        vertex -9.951848 -0.9801714 -1
        vertex -10 -0 -1
    endloop
endfacet
facet normal -0 -0 -1
    outer loop
        vertex 9.951848 0.9801714 -1
        vertex 10 -0 -1
        vertex 1.5 2 -1
    endloop
endfacet
facet normal -0 0 -1
    outer loop
        vertex 10 -0 -1
        vertex 1.5 -2 -1
        vertex 1.5 2 -1
    endloop
endfacet
facet normal 0 0 -0.99999994
    outer loop
        vertex 9.807853 -1.9509032 -1
        vertex 9.569404 -2.9028468 -1
        vertex 1.5 -2 -1
    endloop
endfacet
facet normal -0 0 -1
    outer loop
        vertex 9.569404 -2.9028468 -1
        vertex 9.238795 -3.8268342 -1
        vertex 1.5 -2 -1
    endloop
endfacet
facet normal -0 0 -1
    outer loop
        vertex 9.238795 -3.8268342 -1
        vertex 8.819212 -4.7139673 -1
        vertex 1.5 -2 -1
    endloop
endfacet
facet normal -0 0 -1
    outer loop
        vertex 8.819212 -4.7139673 -1
        vertex 8.314696 -5.555702 -1
        vertex 1.5 -2 -1
    endloop
endfacet
facet normal -0 0 -1
    outer loop
        vertex 8.314696 -5.555702 -1
        vertex 7.7301044 -6.3439326 -1
        vertex 1.5 -2 -1
    endloop
endfacet
facet normal -0 0 -0.99999994
    outer loop
        vertex 7.7301044 -6.3439326 -1
        vertex 7.071068 -7.071068 -1
        vertex 1.5 -2 -1
    endloop
endfacet
facet normal -0 0 -1
    outer loop
        vertex 7.071068 -7.071068 -1
        vertex 6.3439326 -7.7301044 -1
        vertex 1.5 -2 -1
    endloop
endfacet
facet normal -0 0 -1
    outer loop
        vertex 6.3439326 -7.7301044 -1
        vertex 5.555702 -8.314696 -1
        vertex 1.5 -2 -1
    endloop
endfacet
facet normal 0 0 -1
    outer loop
        vertex 0.89637446 -2.3337765 -1
        vertex 4.7139673 -8.819212 -1
        vertex 3.8268342 -9.238795 -1
    endloop
endfacet
facet normal 0 -0 -1
    outer loop
        vertex 1.5 -2 -1
        vertex 4.7139673 -8.819212 -1
        vertex 0.89637446 -2.3337765 -1
    endloop
endfacet
facet normal 0 0 -1
    outer loop
        vertex 0.89637446 -2.3337765 -1
        vertex 3.8268342 -9.238795 -1
        vertex 2.9028468 -9.569404 -1
    endloop
endfacet
facet normal 0 0 -1
    outer loop
        vertex 0.89637446 -2.3337765 -1
        vertex 2.9028468 -9.569404 -1
        vertex 1.9509032 -9.807853 -1
    endloop
endfacet
facet normal 0 -0 -1
    outer loop
        vertex 0.89637446 -2.3337765 -1
        vertex 1.9509032 -9.807853 -1
        vertex 0.224514 -2.4898984 -1
    endloop
endfacet
facet normal -0 0 -1
    outer loop
        vertex 1.9509032 -9.807853 -1
        vertex 0.9801714 -9.951848 -1
        vertex 0.224514 -2.4898984 -1
    endloop
endfacet
facet normal 0 -0 -1
    outer loop
        vertex 0.224514 -2.4898984 -1
        vertex 0.9801714 -9.951848 -1
        vertex -0.0000000000000006123234 -10 -1
    endloop
endfacet
facet normal -0 0 -1
    outer loop
        vertex 0.224514 -2.4898984 -1
        vertex -0.0000000000000006123234 -10 -1
        vertex -0.46443725 -2.456481 -1
    endloop
endfacet
facet normal 0 0 -0.99999994
    outer loop
        vertex -0.0000000000000006123234 -10 -1
        vertex -0.9801714 -9.951848 -1
        vertex -0.46443725 -2.456481 -1
    endloop
endfacet
facet normal 0 0 -1
    outer loop
        vertex -0.9801714 -9.951848 -1
        vertex -1.9509032 -9.807853 -1
        vertex -0.46443725 -2.456481 -1
    endloop
endfacet
facet normal -0 0 -0.99999994
    outer loop
        vertex -0.46443725 -2.456481 -1
        vertex -2.9028468 -9.569404 -1
        vertex -1.118034 -2.236068 -1
    endloop
endfacet
facet normal 0 0 -1
    outer loop
        vertex -1.118034 -2.236068 -1
        vertex -3.8268342 -9.238795 -1
        vertex -4.7139673 -8.819212 -1
    endloop
endfacet
facet normal 0 0 -1
    outer loop
        vertex -1.118034 -2.236068 -1
        vertex -4.7139673 -8.819212 -1
        vertex -5.555702 -8.314696 -1
    endloop
endfacet
facet normal 0 0 -0.99999994
    outer loop
        vertex -1.6865222 -1.8454382 -1
        vertex -5.555702 -8.314696 -1
        vertex -6.3439326 -7.7301044 -1
    endloop
endfacet
facet normal 0 0 -1
    outer loop
        vertex -7.7301044 -6.3439326 -1
        vertex -8.314696 -5.555702 -1
        vertex -2.1266272 -1.3143278 -1
    endloop
endfacet
facet normal 0 0 -1
    outer loop
        vertex -7.7301044 -6.3439326 -1
        vertex -1.6865222 -1.8454382 -1
        vertex -7.071068 -7.071068 -1
    endloop
endfacet
facet normal 0 0 -1
    outer loop
        vertex -8.314696 -5.555702 -1
        vertex -8.819212 -4.7139673 -1
        vertex -2.1266272 -1.3143278 -1
    endloop
endfacet
facet normal -0 0 -1
    outer loop
        vertex -2.1266272 -1.3143278 -1
        vertex -9.238795 -3.8268342 -1
        vertex -2.4048457 -0.6831663 -1
    endloop
endfacet
facet normal 0 0 -1
    outer loop
        vertex -9.951848 -0.9801714 -1
        vertex -2.4048457 -0.6831663 -1
        vertex -9.807853 -1.9509032 -1
    endloop
endfacet
facet normal 0 0 -1
    outer loop
        vertex -9.951848 0.9801714 -1
        vertex -2.4048457 0.6831663 -1
        vertex -2.5 -0 -1
    endloop
endfacet
facet normal 0 0 -1
    outer loop
        vertex -9.951848 0.9801714 -1
        vertex -9.807853 1.9509032 -1
        vertex -2.4048457 0.6831663 -1
    endloop
endfacet
facet normal 0 0 -1
    outer loop
        vertex -9.807853 1.9509032 -1
        vertex -9.569404 2.9028468 -1
        vertex -2.4048457 0.6831663 -1
    endloop
endfacet
facet normal 0 0 -1
    outer loop
        vertex -9.569404 2.9028468 -1
        vertex -9.238795 3.8268342 -1
        vertex -2.4048457 0.6831663 -1
    endloop
endfacet
facet normal 0 0 -1
    outer loop
        vertex -9.238795 3.8268342 -1
        vertex -2.1266272 1.3143278 -1
        vertex -2.4048457 0.6831663 -1
    endloop
endfacet
facet normal 0 -0 -0.99999994
    outer loop
        vertex -8.819212 4.7139673 -1
        vertex -2.1266272 1.3143278 -1
        vertex -9.238795 3.8268342 -1
    endloop
endfacet
facet normal 0 -0 -1
    outer loop
        vertex -8.314696 5.555702 -1
        vertex -2.1266272 1.3143278 -1
        vertex -8.819212 4.7139673 -1
    endloop
endfacet
facet normal 0 -0 -1
    outer loop
        vertex -7.7301044 6.3439326 -1
        vertex -2.1266272 1.3143278 -1
        vertex -8.314696 5.555702 -1
    endloop
endfacet
facet normal -0 0 -1
    outer loop
        vertex -1.6865222 1.8454382 -1
        vertex -2.1266272 1.3143278 -1
        vertex -7.7301044 6.3439326 -1
    endloop
endfacet
facet normal 0 -0 -0.99999994
    outer loop
        vertex -6.3439326 7.7301044 -1
        vertex -1.6865222 1.8454382 -1
        vertex -7.071068 7.071068 -1
    endloop
endfacet
facet normal 0 0 -0.99999994
    outer loop
        vertex -1.6865222 1.8454382 -1
        vertex -7.7301044 6.3439326 -1
        vertex -7.071068 7.071068 -1
    endloop
endfacet
facet normal 0 -0 -1
    outer loop
        vertex -5.555702 8.314696 -1
        vertex -1.6865222 1.8454382 -1
        vertex -6.3439326 7.7301044 -1
    endloop
endfacet
facet normal -0 0 -0.99999994
    outer loop
        vertex -1.118034 2.236068 -1
        vertex -1.6865222 1.8454382 -1
        vertex -5.555702 8.314696 -1
    endloop
endfacet
facet normal 0 0 -1
    outer loop
        vertex 4.7139673 -8.819212 -1
        vertex 1.5 -2 -1
        vertex 5.555702 -8.314696 -1
    endloop
endfacet
facet normal 0 -0 -1
    outer loop
        vertex -2.9028468 9.569404 -1
        vertex -1.118034 2.236068 -1
        vertex -3.8268342 9.238795 -1
    endloop
endfacet
facet normal -0 0 -0.99999994
    outer loop
        vertex -0.46443725 2.456481 -1
        vertex -1.118034 2.236068 -1
        vertex -2.9028468 9.569404 -1
    endloop
endfacet
facet normal 0 0 -0.99999994
    outer loop
        vertex -0.9801714 9.951848 -1
        vertex 0.0000000000000006123234 10 -1
        vertex -0.46443725 2.456481 -1
    endloop
endfacet
facet normal 0 -0 -1
    outer loop
        vertex 0.0000000000000006123234 10 -1
        vertex 0.224514 2.4898984 -1
        vertex -0.46443725 2.456481 -1
    endloop
endfacet
facet normal 0 0 -0.99999994
    outer loop
        vertex 1.9509032 9.807853 -1
        vertex 0.89637446 2.3337765 -1
        vertex 0.224514 2.4898984 -1
    endloop
endfacet
facet normal -0 0 -1
    outer loop
        vertex 2.9028468 9.569404 -1
        vertex 0.89637446 2.3337765 -1
        vertex 1.9509032 9.807853 -1
    endloop
endfacet
facet normal -0 0 -1
    outer loop
        vertex 3.8268342 9.238795 -1
        vertex 0.89637446 2.3337765 -1
        vertex 2.9028468 9.569404 -1
    endloop
endfacet
facet normal 0 0 -1
    outer loop
        vertex 4.7139673 8.819212 -1
        vertex 1.5 2 -1
        vertex 0.89637446 2.3337765 -1
    endloop
endfacet
facet normal 0 -0 -1
    outer loop
        vertex 5.555702 8.314696 -1
        vertex 6.3439326 7.7301044 -1
        vertex 1.5 2 -1
    endloop
endfacet
facet normal -0 0 -1
    outer loop
        vertex 5.555702 8.314696 -1
        vertex 1.5 2 -1
        vertex 4.7139673 8.819212 -1
    endloop
endfacet
facet normal 0 0 -0.99999994
    outer loop
        vertex 1.5 2 -1
        vertex 7.071068 7.071068 -1
        vertex 7.7301044 6.3439326 -1
    endloop
endfacet
facet normal -0 0 -1
    outer loop
        vertex 9.238795 3.8268342 -1
        vertex 1.5 2 -1
        vertex 8.819212 4.7139673 -1
    endloop
endfacet
facet normal -0 0 -1
    outer loop
        vertex 9.569404 2.9028468 -1
        vertex 1.5 2 -1
        vertex 9.238795 3.8268342 -1
    endloop
endfacet
facet normal 0 0 -1
    outer loop
        vertex -2.4048457 -0.6831663 -1
        vertex -9.569404 -2.9028468 -1
        vertex -9.807853 -1.9509032 -1
    endloop
endfacet
facet normal 0 0 1
    outer loop
        vertex 9.807853 -1.9509032 96
        vertex 9.951848 -0.9801714 96
        vertex 10 -0 96
    endloop
endfacet
facet normal 0 0 1
    outer loop
        vertex 9.569404 -2.9028468 96
        vertex 9.807853 -1.9509032 96
        vertex 10 -0 96
    endloop
endfacet
facet normal 0 0 1
    outer loop
        vertex 9.238795 -3.8268342 96
        vertex 9.569404 -2.9028468 96
        vertex 10 -0 96
    endloop
endfacet
facet normal 0 0 1
    outer loop
        vertex 8.819212 -4.7139673 96
        vertex 9.238795 -3.8268342 96
        vertex 10 -0 96
    endloop
endfacet
facet normal 0 0 1
    outer loop
        vertex 8.314696 -5.555702 96
        vertex 8.819212 -4.7139673 96
        vertex 10 -0 96
    endloop
endfacet
facet normal 0 0 1
    outer loop
        vertex 7.7301044 -6.3439326 96
        vertex 8.314696 -5.555702 96
        vertex 10 -0 96
    endloop
endfacet
facet normal 0 0 1
    outer loop
        vertex 7.071068 -7.071068 96
        vertex 7.7301044 -6.3439326 96
        vertex 10 -0 96
    endloop
endfacet
facet normal 0 0 1
    outer loop
        vertex 6.3439326 -7.7301044 96
        vertex 7.071068 -7.071068 96
        vertex 10 -0 96
    endloop
endfacet
facet normal 0 0 0.99999994
    outer loop
        vertex 5.555702 -8.314696 96
        vertex 6.3439326 -7.7301044 96
        vertex 10 -0 96
    endloop
endfacet
facet normal 0 0 1
    outer loop
        vertex 4.7139673 -8.819212 96
        vertex 5.555702 -8.314696 96
        vertex 10 -0 96
    endloop
endfacet
facet normal 0 0 1
    outer loop
        vertex 3.8268342 -9.238795 96
        vertex 4.7139673 -8.819212 96
        vertex 10 -0 96
    endloop
endfacet
facet normal 0 -0 1
    outer loop
        vertex 2.9028468 -9.569404 96
        vertex 10 -0 96
        vertex 1.9509032 -9.807853 96
    endloop
endfacet
facet normal 0 0 1
    outer loop
        vertex 2.9028468 -9.569404 96
        vertex 3.8268342 -9.238795 96
        vertex 10 -0 96
    endloop
endfacet
facet normal 0 -0 1
    outer loop
        vertex 1.9509032 -9.807853 96
        vertex 10 -0 96
        vertex 0.9801714 -9.951848 96
    endloop
endfacet
facet normal 0 -0 1
    outer loop
        vertex 0.9801714 -9.951848 96
        vertex 10 -0 96
        vertex -0.0000000000000006123234 -10 96
    endloop
endfacet
facet normal 0 -0 1
    outer loop
        vertex -0.0000000000000006123234 -10 96
        vertex 10 -0 96
        vertex -0.9801714 -9.951848 96
    endloop
endfacet
facet normal 0 -0 0.99999994
    outer loop
        vertex -0.9801714 -9.951848 96
        vertex 10 -0 96
        vertex -1.9509032 -9.807853 96
    endloop
endfacet
facet normal 0 0 1
    outer loop
        vertex 10 -0 96
        vertex -2.9028468 -9.569404 96
        vertex -1.9509032 -9.807853 96
    endloop
endfacet
facet normal 0 0 1
    outer loop
        vertex 10 -0 96
        vertex -3.8268342 -9.238795 96
        vertex -2.9028468 -9.569404 96
    endloop
endfacet
facet normal 0 0 1
    outer loop
        vertex 10 -0 96
        vertex -4.7139673 -8.819212 96
        vertex -3.8268342 -9.238795 96
    endloop
endfacet
facet normal 0 0 1
    outer loop
        vertex 10 -0 96
        vertex -5.555702 -8.314696 96
        vertex -4.7139673 -8.819212 96
    endloop
endfacet
facet normal 0 0 1
    outer loop
        vertex 10 -0 96
        vertex -6.3439326 -7.7301044 96
        vertex -5.555702 -8.314696 96
    endloop
endfacet
facet normal 0 0 1
    outer loop
        vertex 10 -0 96
        vertex -7.071068 -7.071068 96
        vertex -6.3439326 -7.7301044 96
    endloop
endfacet
facet normal 0 0 1
    outer loop
        vertex 10 -0 96
        vertex -7.7301044 -6.3439326 96
        vertex -7.071068 -7.071068 96
    endloop
endfacet
facet normal 0 0 1
    outer loop
        vertex 10 -0 96
        vertex -8.314696 -5.555702 96
        vertex -7.7301044 -6.3439326 96
    endloop
endfacet
facet normal -0 0 1
    outer loop
        vertex -9.238795 -3.8268342 96
        vertex -8.819212 -4.7139673 96
        vertex 10 -0 96
    endloop
endfacet
facet normal 0 0 1
    outer loop
        vertex 10 -0 96
        vertex -8.819212 -4.7139673 96
        vertex -8.314696 -5.555702 96
    endloop
endfacet
facet normal -0 0 1
    outer loop
        vertex -9.569404 -2.9028468 96
        vertex -9.238795 -3.8268342 96
        vertex 10 -0 96
    endloop
endfacet
facet normal -0 0 1
    outer loop
        vertex -9.807853 -1.9509032 96
        vertex -9.569404 -2.9028468 96
        vertex 10 -0 96
    endloop
endfacet
facet normal 0 -0 1
    outer loop
        vertex -9.951848 -0.9801714 96
        vertex 10 -0 96
        vertex -10 -0 96
    endloop
endfacet
facet normal 0 0 1
    outer loop
        vertex -10 -0 96
        vertex 10 -0 96
        vertex -9.951848 0.9801714 96
    endloop
endfacet
facet normal -0 0 1
    outer loop
        vertex -9.951848 0.9801714 96
        vertex 10 -0 96
        vertex -9.807853 1.9509032 96
    endloop
endfacet
facet normal 0 0 1
    outer loop
        vertex 10 -0 96
        vertex -9.569404 2.9028468 96
        vertex -9.807853 1.9509032 96
    endloop
endfacet
facet normal 0 0 1
    outer loop
        vertex 10 -0 96
        vertex -9.238795 3.8268342 96
        vertex -9.569404 2.9028468 96
    endloop
endfacet
facet normal 0 0 1
    outer loop
        vertex 10 -0 96
        vertex -8.819212 4.7139673 96
        vertex -9.238795 3.8268342 96
    endloop
endfacet
facet normal 0 0 1
    outer loop
        vertex 10 -0 96
        vertex -8.314696 5.555702 96
        vertex -8.819212 4.7139673 96
    endloop
endfacet
facet normal 0 0 1
    outer loop
        vertex 10 -0 96
        vertex -7.7301044 6.3439326 96
        vertex -8.314696 5.555702 96
    endloop
endfacet
facet normal 0 0 1
    outer loop
        vertex 10 -0 96
        vertex -7.071068 7.071068 96
        vertex -7.7301044 6.3439326 96
    endloop
endfacet
facet normal 0 0 1
    outer loop
        vertex 10 -0 96
        vertex -6.3439326 7.7301044 96
        vertex -7.071068 7.071068 96
    endloop
endfacet
facet normal 0 0 1
    outer loop
        vertex 10 -0 96
        vertex -5.555702 8.314696 96
        vertex -6.3439326 7.7301044 96
    endloop
endfacet
facet normal 0 0 1
    outer loop
        vertex -3.8268342 9.238795 96
        vertex -4.7139673 8.819212 96
        vertex 10 -0 96
    endloop
endfacet
facet normal 0 0 1
    outer loop
        vertex 10 -0 96
        vertex -4.7139673 8.819212 96
        vertex -5.555702 8.314696 96
    endloop
endfacet
facet normal 0 0 1
    outer loop
        vertex -2.9028468 9.569404 96
        vertex -3.8268342 9.238795 96
        vertex 10 -0 96
    endloop
endfacet
facet normal 0 0 1
    outer loop
        vertex -1.9509032 9.807853 96
        vertex -2.9028468 9.569404 96
        vertex 10 -0 96
    endloop
endfacet
facet normal 0 0 0.99999994
    outer loop
        vertex -0.9801714 9.951848 96
        vertex -1.9509032 9.807853 96
        vertex 10 -0 96
    endloop
endfacet
facet normal 0 0 1
    outer loop
        vertex 0.0000000000000006123234 10 96
        vertex -0.9801714 9.951848 96
        vertex 10 -0 96
    endloop
endfacet
facet normal 0 0 1
    outer loop
        vertex 0.9801714 9.951848 96
        vertex 0.0000000000000006123234 10 96
        vertex 10 -0 96
    endloop
endfacet
facet normal 0 0 1
    outer loop
        vertex 0.9801714 9.951848 96
        vertex 10 -0 96
        vertex 1.9509032 9.807853 96
    endloop
endfacet
facet normal 0 0 1
    outer loop
        vertex 1.9509032 9.807853 96
        vertex 10 -0 96
        vertex 2.9028468 9.569404 96
    endloop
endfacet
facet normal 0 0 1
    outer loop
        vertex 2.9028468 9.569404 96
        vertex 10 -0 96
        vertex 3.8268342 9.238795 96
    endloop
endfacet
facet normal 0 0 1
    outer loop
        vertex 3.8268342 9.238795 96
        vertex 10 -0 96
        vertex 4.7139673 8.819212 96
    endloop
endfacet
facet normal 0 0 1
    outer loop
        vertex 4.7139673 8.819212 96
        vertex 10 -0 96
        vertex 5.555702 8.314696 96
    endloop
endfacet
facet normal 0 0 0.99999994
    outer loop
        vertex 5.555702 8.314696 96
        vertex 10 -0 96
        vertex 6.3439326 7.7301044 96
    endloop
endfacet
facet normal 0 0 1
    outer loop
        vertex 6.3439326 7.7301044 96
        vertex 10 -0 96
        vertex 7.071068 7.071068 96
    endloop
endfacet
facet normal 0 0 1
    outer loop
        vertex 7.071068 7.071068 96
        vertex 10 -0 96
        vertex 7.7301044 6.3439326 96
    endloop
endfacet
facet normal 0 0 1
    outer loop
        vertex 10 -0 96
        vertex 8.819212 4.7139673 96
        vertex 8.314696 5.555702 96
    endloop
endfacet
facet normal 0 0 1
    outer loop
        vertex 7.7301044 6.3439326 96
        vertex 10 -0 96
        vertex 8.314696 5.555702 96
    endloop
endfacet
facet normal 0 0 1
    outer loop
        vertex 10 -0 96
        vertex 9.238795 3.8268342 96
        vertex 8.819212 4.7139673 96
    endloop
endfacet
facet normal 0 0 1
    outer loop
        vertex 10 -0 96
        vertex 9.569404 2.9028468 96
        vertex 9.238795 3.8268342 96
    endloop
endfacet
facet normal 0 0 1
    outer loop
        vertex 10 -0 96
        vertex 9.807853 1.9509032 96
        vertex 9.569404 2.9028468 96
    endloop
endfacet
facet normal 0 0 1
    outer loop
        vertex 10 -0 96
        vertex 9.951848 0.9801714 96
        vertex 9.807853 1.9509032 96
    endloop
endfacet
facet normal -0 0 1
    outer loop
        vertex -9.951848 -0.9801714 96
        vertex -9.807853 -1.9509032 96
        vertex 10 -0 96
    endloop
endfacet
facet normal 0.87535739 -0.4834097 -0.00803172
    outer loop
        vertex 8.495955 -5.2743473 71.414
        vertex 8.118597 -5.8385253 64.24314
        vertex 9 -4.3588996 71.25
    endloop
endfacet
facet normal 0.82666069 -0.56270027 0.00076918
    outer loop
        vertex 8.495955 -5.2743473 71.414
        vertex 8.002059 -5.997254 73.37071
        vertex 8.118597 -5.8385253 64.24314
    endloop
endfacet
facet normal -0.62058884 -0.78407228 0.01000382
    outer loop
        vertex -5.8221917 -8.130319 58.268238
        vertex -5.3129735 -8.471854 63.08905
        vertex -6.6402545 -7.4771 58.71708
    endloop
endfacet
facet normal -0.54754561 -0.83677465 -0.00144542
    outer loop
        vertex -5.8221917 -8.130319 58.268238
        vertex -5.0730324 -8.617676 56.614197
        vertex -5.3129735 -8.471854 63.08905
    endloop
endfacet
facet normal 0.18055393 -0.98356503 -0.00047224
    outer loop
        vertex 2.3185945 -9.727493 82.55199
        vertex 2.2707627 -9.73877 87.75
        vertex 1.2887352 -9.91661 82.685814
    endloop
endfacet
facet normal 0.29146299 -0.95656008 0.00648975
    outer loop
        vertex 2.3185945 -9.727493 82.55199
        vertex 3.334618 -9.427636 81.11866
        vertex 3.625768 -9.319539 83.97577
    endloop
endfacet
facet normal 0.26914769 -0.9630397 -0.01068417
    outer loop
        vertex 2.3185945 -9.727493 82.55199
        vertex 1.5796001 -9.8744545 77.18244
        vertex 3.334618 -9.427636 81.11866
    endloop
endfacet
facet normal 0.06310896 -0.99799734 -0.00430911
    outer loop
        vertex 1.2887352 -9.91661 82.685814
        vertex 0 -10 83.125
        vertex 1.5796001 -9.8744545 77.18244
    endloop
endfacet
facet normal 0.46070036 -0.88755089 -0.00292135
    outer loop
        vertex 5.063075 -8.62353 29.466772
        vertex 4.9506187 -8.688578 31.494629
        vertex 4.0699925 -9.134285 28.03155
    endloop
endfacet
facet normal 0.56085122 -0.82790422 0.00454586
    outer loop
        vertex 5.063075 -8.62353 29.466772
        vertex 6.0965085 -7.9267006 28.874142
        vertex 4.9506187 -8.688578 31.494629
    endloop
endfacet
facet normal 0.25669652 -0.96645451 -0.00852954
    outer loop
        vertex 1.9244058 -9.8130865 54.691902
        vertex 1.6662874 -9.860197 52.261772
        vertex 3.205118 -9.4724455 54.638012
    endloop
endfacet
facet normal 0.14798085 -0.98898423 0.00345456
    outer loop
        vertex 1.9244058 -9.8130865 54.691902
        vertex 0.8715575 -9.9619465 57.175926
        vertex 1.6662874 -9.860197 52.261772
    endloop
endfacet
facet normal 0.0738451 -0.99719739 0.01201114
    outer loop
        vertex 0 -10 59.375
        vertex 0.8715575 -9.9619465 57.175926
        vertex 1.9509032 -9.807853 63.333332
    endloop
endfacet
facet normal 0.10878848 -0.9940505 -0.0053638
    outer loop
        vertex 0 -10 59.375
        vertex 1.9509032 -9.807853 63.333332
        vertex 1.4717946 -9.891098 69.04356
    endloop
endfacet
facet normal 0.67584664 -0.73703992 0.00186172
    outer loop
        vertex 6.616928 -7.4977508 68.428566
        vertex 7.1513777 -6.9898353 75.49085
        vertex 6.3274364 -7.7436132 76.18563
    endloop
endfacet
facet normal 0.71824896 -0.69571549 0.00992485
    outer loop
        vertex 6.616928 -7.4977508 68.428566
        vertex 7.270505 -6.86584 65.42593
        vertex 8.002059 -5.997254 73.37071
    endloop
endfacet
facet normal -0.93012035 -0.3672353 -0.00379692
    outer loop
        vertex -9.397676 -3.4181414 68.70606
        vertex -9.560909 -2.9307027 61.548008
        vertex -8.951793 -4.457063 59.962963
    endloop
endfacet
facet normal -0.95503086 -0.29650199 0.00158784
    outer loop
        vertex -9.397676 -3.4181414 68.70606
        vertex -9.681262 -2.5046277 68.72223
        vertex -9.560909 -2.9307027 61.548008
    endloop
endfacet
facet normal -0.92840195 -0.37156814 -0.0026556
    outer loop
        vertex -9.225462 -3.8588684 85.100716
        vertex -9.467528 -3.2196147 80.28395
        vertex -9.0495825 -4.255004 79.03974
    endloop
endfacet
facet normal -0.9395467 -0.34241617 0.00177337
    outer loop
        vertex -9.225462 -3.8588684 85.100716
        vertex -9.551664 -2.9606948 85.70226
        vertex -9.467528 -3.2196147 80.28395
    endloop
endfacet
facet normal -0.89926052 -0.43741319 -0.00038795
    outer loop
        vertex -9.207918 -3.900544 91.42371
        vertex -9.225462 -3.8588684 85.100716
        vertex -8.733029 -4.8717756 85.70336
    endloop
endfacet
facet normal -0.96676201 -0.25566253 -0.00279485
    outer loop
        vertex -9.551664 -2.9606948 85.70226
        vertex -9.813078 -1.924448 81.33539
        vertex -9.467528 -3.2196147 80.28395
    endloop
endfacet
facet normal -0.93954676 -0.34241617 -0.00177337
    outer loop
        vertex -9.225462 -3.8588684 9.899282
        vertex -9.467528 -3.2196147 14.716049
        vertex -9.551664 -2.9606948 9.297736
    endloop
endfacet
facet normal -0.89990664 -0.43607605 -0.00238743
    outer loop
        vertex -9.225462 -3.8588684 9.899282
        vertex -8.733029 -4.8717756 9.2966385
        vertex -9.0495825 -4.255004 15.960258
    endloop
endfacet
facet normal -0.96676207 -0.25566253 0.00279485
    outer loop
        vertex -9.551664 -2.9606948 9.297736
        vertex -9.467528 -3.2196147 14.716049
        vertex -9.813078 -1.924448 13.664609
    endloop
endfacet
facet normal -0.89926052 -0.43741316 0.00038795
    outer loop
        vertex -9.225462 -3.8588684 9.899282
        vertex -9.207918 -3.900544 3.576284
        vertex -8.733029 -4.8717756 9.2966385
    endloop
endfacet
facet normal 0.79266417 -0.60964292 -0.00438045
    outer loop
        vertex 7.6555114 -6.4337506 40.10112
        vertex 7.4374475 -6.6846375 35.558224
        vertex 8.393222 -5.436344 34.780865
    endloop
endfacet
facet normal 0.729855 -0.68359667 0.00271864
    outer loop
        vertex 7.6555114 -6.4337506 40.10112
        vertex 6.9711356 -7.169607 38.801212
        vertex 7.4374475 -6.6846375 35.558224
    endloop
endfacet
facet normal 0.38205576 -0.9241308 -0.00396893
    outer loop
        vertex 4.206152 -9.0723915 82.29833
        vertex 3.625768 -9.319539 83.97577
        vertex 3.334618 -9.427636 81.11866
    endloop
endfacet
facet normal 0.45383286 -0.89071351 0.02578915
    outer loop
        vertex 4.206152 -9.0723915 82.29833
        vertex 5.1760244 -8.556212 83.05864
        vertex 3.625768 -9.319539 83.97577
    endloop
endfacet
facet normal 0.65835565 -0.75270706 0.00008795
    outer loop
        vertex 6.176629 -7.8644295 39.59942
        vertex 6.1807156 -7.8612185 36.490665
        vertex 6.9711356 -7.169607 38.801212
    endloop
endfacet
facet normal 0.57513767 -0.81805664 -0.00008894
    outer loop
        vertex 6.176629 -7.8644295 39.59942
        vertex 5.3122125 -8.472332 41.174812
        vertex 6.1807156 -7.8612185 36.490665
    endloop
endfacet
facet normal 0.61807388 -0.78611779 -0.00184988
    outer loop
        vertex 6.3274364 -7.7436132 76.18563
        vertex 5.758926 -8.175254 69.66564
        vertex 6.616928 -7.4977508 68.428566
    endloop
endfacet
facet normal 0.57668602 -0.81691098 -0.00946622
    outer loop
        vertex 6.3274364 -7.7436132 76.18563
        vertex 5.5736613 -8.302669 78.51041
        vertex 4.790612 -8.777815 71.81066
    endloop
endfacet
facet normal 0.47443619 -0.88025713 -0.00759206
    outer loop
        vertex 5.5736613 -8.302669 78.51041
        vertex 5.1760244 -8.556212 83.05864
        vertex 4.206152 -9.0723915 82.29833
    endloop
endfacet
facet normal 0.60335863 -0.79742682 0.00829663
    outer loop
        vertex 5.5736613 -8.302669 78.51041
        vertex 6.6686897 -7.4517503 80.6619
        vertex 5.1760244 -8.556212 83.05864
    endloop
endfacet
facet normal -0.8852973 -0.46502441 0.00098599
    outer loop
        vertex -9.0495825 -4.255004 15.960258
        vertex -8.733029 -4.8717756 9.2966385
        vertex -8.608321 -5.0888915 18.87037
    endloop
endfacet
facet normal -0.92840189 -0.37156811 0.00265559
    outer loop
        vertex -9.0495825 -4.255004 15.960258
        vertex -9.467528 -3.2196147 14.716049
        vertex -9.225462 -3.8588684 9.899282
    endloop
endfacet
facet normal -0.89990664 -0.43607602 0.00238742
    outer loop
        vertex -9.0495825 -4.255004 79.03974
        vertex -8.733029 -4.8717756 85.70336
        vertex -9.225462 -3.8588684 85.100716
    endloop
endfacet
facet normal -0.88529724 -0.46502441 -0.00098599
    outer loop
        vertex -9.0495825 -4.255004 79.03974
        vertex -8.608321 -5.0888915 76.12963
        vertex -8.733029 -4.8717756 85.70336
    endloop
endfacet
facet normal 0.36498761 -0.93094081 0.01154209
    outer loop
        vertex 4.066109 -9.136015 33.661526
        vertex 4.6083126 -8.874877 37.578186
        vertex 2.9984405 -9.539883 34.84926
    endloop
endfacet
facet normal 0.44701311 -0.89452457 -0.00224112
    outer loop
        vertex 4.066109 -9.136015 33.661526
        vertex 4.9506187 -8.688578 31.494629
        vertex 4.6083126 -8.874877 37.578186
    endloop
endfacet
facet normal 0.3537617 -0.93533552 -0.0000434
    outer loop
        vertex 4.0699925 -9.134285 28.03155
        vertex 4.066109 -9.136015 33.661526
        vertex 2.9984405 -9.539883 34.84926
    endloop
endfacet
facet normal 0.55527091 -0.83166885 0.00101119
    outer loop
        vertex 4.9506187 -8.688578 31.494629
        vertex 6.0965085 -7.9267006 28.874142
        vertex 6.1807156 -7.8612185 36.490665
    endloop
endfacet
facet normal -0.78713804 -0.61675638 0.00503035
    outer loop
        vertex -7.8335795 -6.2157083 44.115227
        vertex -7.43357 -6.688949 48.685184
        vertex -8.415568 -5.401685 52.851852
    endloop
endfacet
facet normal -0.75934172 -0.65069145 -0.00091681
    outer loop
        vertex -7.8335795 -6.2157083 44.115227
        vertex -7.3112044 -6.822484 42.11111
        vertex -7.43357 -6.688949 48.685184
    endloop
endfacet
facet normal -0.94154352 -0.33689007 -0.00092653
    outer loop
        vertex -9.207918 -3.900544 91.42371
        vertex -9.238795 -3.8268342 96
        vertex -9.569404 -2.9028468 96
    endloop
endfacet
facet normal -0.90036637 -0.43513167 -0.00086713
    outer loop
        vertex -9.207918 -3.900544 91.42371
        vertex -8.733029 -4.8717756 85.70336
        vertex -8.819212 -4.7139673 96
    endloop
endfacet
facet normal -0.90398872 -0.42755544 -0.0007872
    outer loop
        vertex -9.207918 -3.900544 3.576284
        vertex -9.238795 -3.8268342 -1
        vertex -8.819212 -4.7139673 -1
    endloop
endfacet
facet normal -0.94154358 -0.33689004 0.00092653
    outer loop
        vertex -9.207918 -3.900544 3.576284
        vertex -9.569404 -2.9028468 -1
        vertex -9.238795 -3.8268342 -1
    endloop
endfacet
facet normal 0.48613209 -0.87388504 0.00073322
    outer loop
        vertex 5.3122125 -8.472332 41.174812
        vertex 5.392022 -8.421763 48.53018
        vertex 4.3625584 -8.998226 44.02012
    endloop
endfacet
facet normal 0.6578778 -0.75312436 -0.00075097
    outer loop
        vertex 6.8268876 -7.3070927 50.314445
        vertex 6.176629 -7.8644295 39.59942
        vertex 6.9711356 -7.169607 38.801212
    endloop
endfacet
facet normal 0.56453967 -0.82537162 -0.00752821
    outer loop
        vertex 5.512869 -8.343158 60.167427
        vertex 5.1347466 -8.581048 57.89369
        vertex 6.3948784 -7.688012 54.480904
    endloop
endfacet
facet normal 0.51003593 -0.86013752 0.00517313
    outer loop
        vertex 5.512869 -8.343158 60.167427
        vertex 4.6445937 -8.855945 60.512344
        vertex 5.1347466 -8.581048 57.89369
    endloop
endfacet
facet normal 0.81558722 -0.57863271 -0.00124074
    outer loop
        vertex 8.450086 -5.3475285 53.161903
        vertex 8.118597 -5.8385253 64.24314
        vertex 7.884011 -6.1516156 56.053497
    endloop
endfacet
facet normal 0.87390345 -0.48609957 0
    outer loop
        vertex 8.450086 -5.3475285 53.161903
        vertex 9 -4.3588996 47.5
        vertex 9 -4.3588996 71.25
    endloop
endfacet
facet normal 0.27176234 -0.96232742 0.00843672
    outer loop
        vertex 1.5596832 -9.877621 22.036179
        vertex 2.185233 -9.758317 15.494335
        vertex 3.192827 -9.476596 15.172153
    endloop
endfacet
facet normal 0.08119944 -0.99669415 0.00272529
    outer loop
        vertex 1.5596832 -9.877621 22.036179
        vertex 0 -10 23.75
        vertex 1.0811243 -9.941387 12.9740505
    endloop
endfacet
facet normal 0.19813034 -0.98017544 0.00069557
    outer loop
        vertex 1.5596832 -9.877621 22.036179
        vertex 2.469409 -9.690305 26.864197
        vertex 1.4437895 -9.895226 30.239864
    endloop
endfacet
facet normal 0.22232182 -0.97496486 -0.0040649
    outer loop
        vertex 1.5596832 -9.877621 22.036179
        vertex 3.192827 -9.476596 15.172153
        vertex 2.469409 -9.690305 26.864197
    endloop
endfacet
facet normal 0.50151473 -0.86499 -0.0165899
    outer loop
        vertex 4.790612 -8.777815 71.81066
        vertex 4.2671604 -9.043857 69.85795
        vertex 5.758926 -8.175254 69.66564
    endloop
endfacet
facet normal 0.44295502 -0.8965373 0.0034059
    outer loop
        vertex 4.790612 -8.777815 71.81066
        vertex 3.8956184 -9.210004 74.44387
        vertex 4.2671604 -9.043857 69.85795
    endloop
endfacet
facet normal 0.04138822 -0.99914312 0
    outer loop
        vertex 0 -10 5.9375
        vertex 0.8270576 -9.96574 6.190018
        vertex 0 -10 11.875
    endloop
endfacet
facet normal 0.16564645 -0.98618162 -0.00266342
    outer loop
        vertex 0.8270576 -9.96574 6.190018
        vertex 2.4585438 -9.693068 6.6950545
        vertex 1.0811243 -9.941387 12.9740505
    endloop
endfacet
facet normal 0.24297953 -0.97003013 -0.0015596
    outer loop
        vertex 2.4585438 -9.693068 6.6950545
        vertex 1.9509032 -9.807853 -1
        vertex 2.9028468 -9.569404 -1
    endloop
endfacet
facet normal 0.05249417 -0.99861991 0.00161886
    outer loop
        vertex 0.8270576 -9.96574 6.190018
        vertex 1.0811243 -9.941387 12.9740505
        vertex 0 -10 11.875
    endloop
endfacet
facet normal 0.42755523 -0.90398824 -0.00132131
    outer loop
        vertex 4.2641835 -9.045261 8.111113
        vertex 3.8268342 -9.238795 -1
        vertex 4.7139673 -8.819212 -1
    endloop
endfacet
facet normal 0.26963672 -0.96296138 0.00123441
    outer loop
        vertex 2.4585438 -9.693068 6.6950545
        vertex 3.192827 -9.476596 15.172153
        vertex 2.185233 -9.758317 15.494335
    endloop
endfacet
facet normal 0.40346104 -0.91498137 0.00532324
    outer loop
        vertex 4.2641835 -9.045261 8.111113
        vertex 5.047097 -8.632891 19.652264
        vertex 3.192827 -9.476596 15.172153
    endloop
endfacet
facet normal 0.64459026 -0.76452255 -0.00294091
    outer loop
        vertex 5.678705 -8.231179 10.161183
        vertex 7.1164007 -7.0254426 11.831288
        vertex 5.9859905 -8.010488 20.140848
    endloop
endfacet
facet normal 0.85772842 -0.5141018 0.00116492
    outer loop
        vertex 8.217351 -5.698697 7.568763
        vertex 8.314696 -5.555702 -1
        vertex 8.819212 -4.7139673 -1
    endloop
endfacet
facet normal 0.76885259 -0.63942599 -0.0004427
    outer loop
        vertex 8.217351 -5.698697 7.568763
        vertex 7.1164007 -7.0254426 11.831288
        vertex 7.071068 -7.071068 -1
    endloop
endfacet
facet normal 0.64323092 -0.76566523 -0.0032613
    outer loop
        vertex 7.1164007 -7.0254426 11.831288
        vertex 6.8464007 -7.288813 20.411104
        vertex 5.9859905 -8.010488 20.140848
    endloop
endfacet
facet normal 0.75295335 -0.65806454 0.00349455
    outer loop
        vertex 7.1164007 -7.0254426 11.831288
        vertex 8.040979 -5.9449687 16.082762
        vertex 6.8464007 -7.288813 20.411104
    endloop
endfacet
facet normal 0.71689314 -0.69718003 -0.00209201
    outer loop
        vertex 7.563542 -6.5416226 31.107494
        vertex 7.4374475 -6.6846375 35.558224
        vertex 6.805891 -7.326653 33.09259
    endloop
endfacet
facet normal 0.79611504 -0.60514098 0.00226728
    outer loop
        vertex 7.563542 -6.5416226 31.107494
        vertex 8.258139 -5.639427 28.009716
        vertex 8.393222 -5.436344 34.780865
    endloop
endfacet
facet normal 0.0845268 -0.99641579 0.00327568
    outer loop
        vertex 0 -10 35.625
        vertex 1.4437895 -9.895226 30.239864
        vertex 1.8407806 -9.829116 40.105396
    endloop
endfacet
facet normal 0.09243499 -0.99571872 0
    outer loop
        vertex 0 -10 35.625
        vertex 1.8407806 -9.829116 40.105396
        vertex 0 -10 47.5
    endloop
endfacet
facet normal 0.21013407 -0.97766227 0.0044952
    outer loop
        vertex 1.4437895 -9.895226 30.239864
        vertex 2.469409 -9.690305 26.864197
        vertex 2.9984405 -9.539883 34.84926
    endloop
endfacet
facet normal -0.89160955 -0.45280203 -0.00168847
    outer loop
        vertex -8.713798 -4.9060903 29.778807
        vertex -8.951793 -4.457063 35.037037
        vertex -9.145759 -4.0441437 26.728395
    endloop
endfacet
facet normal -0.83600247 -0.54871309 -0.00373019
    outer loop
        vertex -8.713798 -4.9060903 29.778807
        vertex -7.8995295 -6.1316752 27.570988
        vertex -8.346088 -5.508431 35.97325
    endloop
endfacet
facet normal -0.89050019 -0.45497704 0.00235336
    outer loop
        vertex -9.118541 -4.105143 39.977367
        vertex -8.951793 -4.457063 35.037037
        vertex -8.634714 -5.0439777 41.54938
    endloop
endfacet
facet normal -0.93811131 -0.3463316 0.00126354
    outer loop
        vertex -9.118541 -4.105143 39.977367
        vertex -9.614945 -2.7482388 43.34568
        vertex -9.560909 -2.9307027 33.45199
    endloop
endfacet
facet normal 0.55220175 -0.83371013 0.00091133
    outer loop
        vertex 5.9859905 -8.010488 20.140848
        vertex 5.9970946 -8.002178 21.014177
        vertex 5.047097 -8.632891 19.652264
    endloop
endfacet
facet normal 0.64279598 -0.76603687 -0.00088443
    outer loop
        vertex 5.9859905 -8.010488 20.140848
        vertex 6.8464007 -7.288813 20.411104
        vertex 5.9970946 -8.002178 21.014177
    endloop
endfacet
facet normal 0.55941439 -0.82888764 0.00088409
    outer loop
        vertex 5.9970946 -8.002178 21.014177
        vertex 6.0965085 -7.9267006 28.874142
        vertex 5.063075 -8.62353 29.466772
    endloop
endfacet
facet normal 0.64588547 -0.76340592 0.00657858
    outer loop
        vertex 5.9970946 -8.002178 21.014177
        vertex 6.8464007 -7.288813 20.411104
        vertex 7.167477 -6.9733257 25.498285
    endloop
endfacet
facet normal 0.23900536 -0.97100043 0.0058979
    outer loop
        vertex 1.4717946 -9.891098 69.04356
        vertex 1.9509032 -9.807853 63.333332
        vertex 3.0384328 -9.527221 65.46433
    endloop
endfacet
facet normal 0.07379092 -0.99727374 0
    outer loop
        vertex 1.4717946 -9.891098 69.04356
        vertex 0 -10 71.25
        vertex 0 -10 59.375
    endloop
endfacet
facet normal 0.87404102 -0.48585179 -0.00054018
    outer loop
        vertex 8.4452305 -5.3551927 45.943916
        vertex 8.393222 -5.436344 34.780865
        vertex 9 -4.3588996 47.5
    endloop
endfacet
facet normal 0.73049778 -0.68291217 0.00199271
    outer loop
        vertex 7.6555114 -6.4337506 40.10112
        vertex 7.7957563 -6.2630816 47.178593
        vertex 6.9711356 -7.169607 38.801212
    endloop
endfacet
facet normal -0.7004354 -0.71369106 0.00593637
    outer loop
        vertex -6.609468 -7.5043283 47.893692
        vertex -6.3969684 -7.686273 51.09259
        vertex -7.43357 -6.688949 48.685184
    endloop
endfacet
facet normal -0.62267953 -0.78247076 -0.00314088
    outer loop
        vertex -6.609468 -7.5043283 47.893692
        vertex -5.7538776 -8.178808 46.302467
        vertex -6.3969684 -7.686273 51.09259
    endloop
endfacet
facet normal -0.57087857 -0.82102835 0.00318898
    outer loop
        vertex -5.3129735 -8.471854 31.777893
        vertex -5.0730324 -8.617676 37.188274
        vertex -6.281391 -7.7810106 36.278805
    endloop
endfacet
facet normal -0.4763535 -0.87925005 -0.00257224
    outer loop
        vertex -5.3129735 -8.471854 31.777893
        vertex -4.3588996 -9 35.625
        vertex -5.0730324 -8.617676 37.188274
    endloop
endfacet
facet normal -0.47816238 -0.87826902 0.00206024
    outer loop
        vertex -5.3129735 -8.471854 63.08905
        vertex -5.0730324 -8.617676 56.614197
        vertex -4.3588996 -9 59.375
    endloop
endfacet
facet normal -0.59241641 -0.80562454 -0.0034528
    outer loop
        vertex -5.3129735 -8.471854 63.08905
        vertex -6.2587676 -7.7992196 68.421814
        vertex -6.6402545 -7.4771 58.71708
    endloop
endfacet
facet normal 0.03816966 -0.99927127 0
    outer loop
        vertex 0 -10 89.0625
        vertex 0 -10 83.125
        vertex 0.76283973 -9.970861 88.625
    endloop
endfacet
facet normal 0.06338248 -0.99798316 -0.0035038
    outer loop
        vertex 0.76283973 -9.970861 88.625
        vertex 0 -10 83.125
        vertex 1.2887352 -9.91661 82.685814
    endloop
endfacet
facet normal -0.99401563 -0.10922393 0.00178507
    outer loop
        vertex -9.889294 -1.4838703 65.85254
        vertex -9.813078 -1.924448 81.33539
        vertex -10 -0 95
    endloop
endfacet
facet normal -0.97934079 -0.2022147 -0.0009333
    outer loop
        vertex -9.889294 -1.4838703 65.85254
        vertex -9.681262 -2.5046277 68.72223
        vertex -9.813078 -1.924448 81.33539
    endloop
endfacet
facet normal -0.97934079 -0.20221469 0.0009333
    outer loop
        vertex -9.889294 -1.4838703 29.147463
        vertex -9.813078 -1.924448 13.664609
        vertex -9.681262 -2.5046277 26.277779
    endloop
endfacet
facet normal -0.9972285 -0.0743997 0
    outer loop
        vertex -9.889294 -1.4838703 29.147463
        vertex -10 -0 47.5
        vertex -10 -0 0
    endloop
endfacet
facet normal 0.53661436 -0.84376115 -0.01058519
    outer loop
        vertex 5.3122125 -8.472332 41.174812
        vertex 4.6083126 -8.874877 37.578186
        vertex 6.1807156 -7.8612185 36.490665
    endloop
endfacet
facet normal 0.36956251 -0.92920583 -0.00008903
    outer loop
        vertex 4.3625584 -8.998226 44.02012
        vertex 3.011318 -9.535825 45.95199
        vertex 2.9984405 -9.539883 34.84926
    endloop
endfacet
facet normal 0.67459655 -0.7381826 0.00245864
    outer loop
        vertex 6.3948784 -7.688012 54.480904
        vertex 6.8268876 -7.3070927 50.314445
        vertex 7.1093764 -7.03255 55.234566
    endloop
endfacet
facet normal 0.58209759 -0.81311601 0.00216187
    outer loop
        vertex 6.3948784 -7.688012 54.480904
        vertex 5.1347466 -8.581048 57.89369
        vertex 5.392022 -8.421763 48.53018
    endloop
endfacet
facet normal 0.71577841 -0.69832581 -0.00150812
    outer loop
        vertex 7.4374475 -6.6846375 35.558224
        vertex 6.9711356 -7.169607 38.801212
        vertex 6.805891 -7.326653 33.09259
    endloop
endfacet
facet normal 0.80540156 -0.59272927 0.00055657
    outer loop
        vertex 7.6555114 -6.4337506 40.10112
        vertex 8.393222 -5.436344 34.780865
        vertex 8.4452305 -5.3551927 45.943916
    endloop
endfacet
facet normal -0.72376943 -0.69003356 0.00339767
    outer loop
        vertex -7.762792 -6.3038926 19.231825
        vertex -7.597353 -6.502325 14.173868
        vertex -6.737075 -7.3899813 17.155464
    endloop
endfacet
facet normal -0.82018697 -0.57207882 -0.00438359
    outer loop
        vertex -7.762792 -6.3038926 19.231825
        vertex -8.608321 -5.0888915 18.87037
        vertex -7.597353 -6.502325 14.173868
    endloop
endfacet
facet normal 0.43310186 -0.90124321 -0.01354229
    outer loop
        vertex 5.1347466 -8.581048 57.89369
        vertex 4.6445937 -8.855945 60.512344
        vertex 3.6412516 -9.3135 58.874485
    endloop
endfacet
facet normal 0.59734768 -0.80198133 -0.0012977
    outer loop
        vertex 5.512869 -8.343158 60.167427
        vertex 6.4112015 -7.6744056 60.390945
        vertex 5.758926 -8.175254 69.66564
    endloop
endfacet
facet normal 0.07922944 -0.99685645 0
    outer loop
        vertex 0 -10 83.125
        vertex 0 -10 71.25
        vertex 1.5796001 -9.8744545 77.18244
    endloop
endfacet
facet normal 0.15074359 -0.98856992 -0.00243355
    outer loop
        vertex 0.76283973 -9.970861 88.625
        vertex 2.2707627 -9.73877 87.75
        vertex 1.9509032 -9.807853 96
    endloop
endfacet
facet normal 0.233495 -0.97233784 0.00626755
    outer loop
        vertex 1.5796001 -9.8744545 77.18244
        vertex 2.443009 -9.696995 72.547325
        vertex 3.334618 -9.427636 81.11866
    endloop
endfacet
facet normal -0.78912896 -0.61421102 -0.00451683
    outer loop
        vertex -8.312739 -5.558629 56.228397
        vertex -8.415568 -5.401685 52.851852
        vertex -7.4142723 -6.710333 55.87037
    endloop
endfacet
facet normal -0.86113429 -0.50837082 0.00259553
    outer loop
        vertex -8.312739 -5.558629 56.228397
        vertex -8.951793 -4.457063 59.962963
        vertex -8.415568 -5.401685 52.851852
    endloop
endfacet
facet normal -0.64369303 -0.76528132 -0.00194049
    outer loop
        vertex -6.737075 -7.3899813 77.844536
        vertex -6.9355855 -7.2040033 70.34876
        vertex -5.9014063 -8.073005 70.00686
    endloop
endfacet
facet normal -0.72735715 -0.68623662 -0.00556321
    outer loop
        vertex -6.737075 -7.3899813 77.844536
        vertex -7.597353 -6.502325 80.82613
        vertex -8.014217 -5.9809976 71.0216
    endloop
endfacet
facet normal -0.72924757 -0.68424594 -0.00233582
    outer loop
        vertex -6.737075 -7.3899813 17.155464
        vertex -6.9355855 -7.2040033 24.651236
        vertex -7.762792 -6.3038926 19.231825
    endloop
endfacet
facet normal -0.62100929 -0.78380036 -0.00209196
    outer loop
        vertex -6.737075 -7.3899813 17.155464
        vertex -5.5496416 -8.318743 12.64129
        vertex -5.9014063 -8.073005 24.993141
    endloop
endfacet
facet normal -0.68961459 -0.72417146 -0.00274963
    outer loop
        vertex -6.281391 -7.7810106 36.278805
        vertex -6.3969684 -7.686273 40.314816
        vertex -7.3112044 -6.822484 42.11111
    endloop
endfacet
facet normal -0.57074738 -0.82112044 0.00293
    outer loop
        vertex -6.281391 -7.7810106 36.278805
        vertex -5.0730324 -8.617676 37.188274
        vertex -6.3969684 -7.686273 40.314816
    endloop
endfacet
facet normal -0.70113724 -0.71302491 -0.00141612
    outer loop
        vertex -6.6402545 -7.4771 58.71708
        vertex -7.251978 -6.8854055 63.666664
        vertex -7.4142723 -6.710333 55.87037
    endloop
endfacet
facet normal -0.62345523 -0.78185755 0.00155625
    outer loop
        vertex -6.6402545 -7.4771 58.71708
        vertex -6.3969684 -7.686273 51.09259
        vertex -5.8221917 -8.130319 58.268238
    endloop
endfacet
facet normal -0.51819223 -0.85524809 0.00523199
    outer loop
        vertex -5.3129735 -8.471854 63.08905
        vertex -4.3588996 -9 71.25
        vertex -5.9014063 -8.073005 70.00686
    endloop
endfacet
facet normal -0.5874393 -0.80925661 0.00434445
    outer loop
        vertex -5.0730324 -8.617676 56.614197
        vertex -6.3969684 -7.686273 51.09259
        vertex -5.7538776 -8.178808 46.302467
    endloop
endfacet
facet normal 0.07237875 -0.99737722 0
    outer loop
        vertex 0 -10 35.625
        vertex 0 -10 23.75
        vertex 1.4437895 -9.895226 30.239864
    endloop
endfacet
facet normal -0.50945193 -0.86049253 0.00337763
    outer loop
        vertex -5.0730324 -8.617676 37.188274
        vertex -4.3588996 -9 47.5
        vertex -5.7538776 -8.178808 46.302467
    endloop
endfacet
facet normal -0.70266706 -0.71151745 0.00137361
    outer loop
        vertex -7.3112044 -6.822484 42.11111
        vertex -6.609468 -7.5043283 47.893692
        vertex -7.43357 -6.688949 48.685184
    endloop
endfacet
facet normal -0.50514525 -0.86302775 -0.00337763
    outer loop
        vertex -5.7538776 -8.178808 46.302467
        vertex -4.3588996 -9 47.5
        vertex -5.0730324 -8.617676 56.614197
    endloop
endfacet
facet normal 0.28002432 -0.95999289 -0.00027721
    outer loop
        vertex 1.9244058 -9.8130865 54.691902
        vertex 3.6412516 -9.3135 58.874485
        vertex 1.9509032 -9.807853 63.333332
    endloop
endfacet
facet normal 0.36852267 -0.92961383 -0.00306094
    outer loop
        vertex 3.205118 -9.4724455 54.638012
        vertex 4.2476864 -9.05302 52.77778
        vertex 3.6412516 -9.3135 58.874485
    endloop
endfacet
facet normal -0.73371851 -0.67944103 0.0041206
    outer loop
        vertex -7.7715325 -6.2931137 84.30815
        vertex -7.597353 -6.502325 80.82613
        vertex -6.783696 -7.347208 86.39495
    endloop
endfacet
facet normal -0.82738733 -0.56162834 0.00195915
    outer loop
        vertex -7.7715325 -6.2931137 84.30815
        vertex -8.733029 -4.8717756 85.70336
        vertex -8.608321 -5.0888915 76.12963
    endloop
endfacet
facet normal -0.74094826 -0.671556 -0.0028614
    outer loop
        vertex -6.783696 -7.347208 86.39495
        vertex -7.071068 -7.071068 96
        vertex -7.7301044 -6.3439326 96
    endloop
endfacet
facet normal -0.61866164 -0.78565753 -0.00004181
    outer loop
        vertex -6.783696 -7.347208 86.39495
        vertex -5.5496416 -8.318743 82.35871
        vertex -5.555702 -8.314696 96
    endloop
endfacet
facet normal -0.80584079 -0.59211344 0.00473408
    outer loop
        vertex -7.7715325 -6.2931137 10.691854
        vertex -7.597353 -6.502325 14.173868
        vertex -8.608321 -5.0888915 18.87037
    endloop
endfacet
facet normal -0.73371845 -0.67944103 -0.00412061
    outer loop
        vertex -7.7715325 -6.2931137 10.691854
        vertex -6.783696 -7.347208 8.605053
        vertex -7.597353 -6.502325 14.173868
    endloop
endfacet
facet normal -0.67155832 -0.7409507 -0.00120973
    outer loop
        vertex -6.783696 -7.347208 8.605053
        vertex -7.071068 -7.071068 -1
        vertex -6.3439326 -7.7301044 -1
    endloop
endfacet
facet normal -0.82980251 -0.55804718 0.00335347
    outer loop
        vertex -8.314696 -5.555702 -1
        vertex -7.7715325 -6.2931137 10.691854
        vertex -8.733029 -4.8717756 9.2966385
    endloop
endfacet
facet normal -0.78877622 -0.61464953 -0.0061649
    outer loop
        vertex -8.014217 -5.9809976 71.0216
        vertex -8.336511 -5.522916 66.58642
        vertex -7.251978 -6.8854055 63.666664
    endloop
endfacet
facet normal -0.85172021 -0.52394235 -0.00755635
    outer loop
        vertex -8.014217 -5.9809976 71.0216
        vertex -8.608321 -5.0888915 76.12963
        vertex -8.972093 -4.416057 70.47942
    endloop
endfacet
facet normal -0.77302992 -0.63434148 0.00596818
    outer loop
        vertex -7.8995295 -6.1316752 27.570988
        vertex -7.251978 -6.8854055 31.333334
        vertex -8.346088 -5.508431 35.97325
    endloop
endfacet
facet normal -0.74889272 -0.66268003 -0.00386339
    outer loop
        vertex -7.8995295 -6.1316752 27.570988
        vertex -6.9355855 -7.2040033 24.651236
        vertex -7.251978 -6.8854055 31.333334
    endloop
endfacet
facet normal -0.92999661 -0.36755195 0.0034444
    outer loop
        vertex -9.145759 -4.0441437 26.728395
        vertex -8.951793 -4.457063 35.037037
        vertex -9.560909 -2.9307027 33.45199
    endloop
endfacet
facet normal -0.82057518 -0.57153624 -0.00165182
    outer loop
        vertex -7.8995295 -6.1316752 27.570988
        vertex -8.608321 -5.0888915 18.87037
        vertex -7.762792 -6.3038926 19.231825
    endloop
endfacet
facet normal -0.97764033 -0.21024804 -0.00391405
    outer loop
        vertex -9.560909 -2.9307027 61.548008
        vertex -9.681262 -2.5046277 68.72223
        vertex -9.889294 -1.4838703 65.85254
    endloop
endfacet
facet normal -0.9196859 -0.39265496 -0.00024422
    outer loop
        vertex -9.397676 -3.4181414 68.70606
        vertex -8.951793 -4.457063 59.962963
        vertex -8.972093 -4.416057 70.47942
    endloop
endfacet
facet normal -0.94414723 -0.32950291 -0.00373034
    outer loop
        vertex -9.560909 -2.9307027 33.45199
        vertex -9.681262 -2.5046277 26.277779
        vertex -9.145759 -4.0441437 26.728395
    endloop
endfacet
facet normal -0.97397977 -0.22662687 -0.00187044
    outer loop
        vertex -9.560909 -2.9307027 33.45199
        vertex -9.843432 -1.7626256 39.041153
        vertex -9.889294 -1.4838703 29.147463
    endloop
endfacet
facet normal 0.64794689 -0.76168537 -0.0006151
    outer loop
        vertex 6.0965085 -7.9267006 28.874142
        vertex 6.805891 -7.326653 33.09259
        vertex 6.1807156 -7.8612185 36.490665
    endloop
endfacet
facet normal 0.65843314 -0.75263029 -0.00366651
    outer loop
        vertex 6.0965085 -7.9267006 28.874142
        vertex 7.167477 -6.9733257 25.498285
        vertex 6.805891 -7.326653 33.09259
    endloop
endfacet
facet normal 0.45146394 -0.89228934 0.00003722
    outer loop
        vertex 4.0699925 -9.134285 28.03155
        vertex 4.9506187 -8.688578 31.494629
        vertex 4.066109 -9.136015 33.661526
    endloop
endfacet
facet normal 0.49771336 -0.86734092 0.00100505
    outer loop
        vertex 5.555702 -8.314696 -1
        vertex 5.678705 -8.231179 10.161183
        vertex 4.2641835 -9.045261 8.111113
    endloop
endfacet
facet normal -0.90759897 -0.41981283 -0.00462512
    outer loop
        vertex -9.181408 -3.9625418 50.668724
        vertex -9.311448 -3.646496 47.5
        vertex -8.634714 -5.0439777 41.54938
    endloop
endfacet
facet normal -0.94054598 -0.33963344 0.004724
    outer loop
        vertex -9.181408 -3.9625418 50.668724
        vertex -9.614945 -2.7482388 51.65432
        vertex -9.311448 -3.646496 47.5
    endloop
endfacet
facet normal -0.90398872 -0.42755541 0.0007872
    outer loop
        vertex -9.207918 -3.900544 91.42371
        vertex -8.819212 -4.7139673 96
        vertex -9.238795 -3.8268342 96
    endloop
endfacet
facet normal -0.7292822 -0.68421298 -0.00038986
    outer loop
        vertex -7.7301044 -6.3439326 96
        vertex -7.7715325 -6.2931137 84.30815
        vertex -6.783696 -7.347208 86.39495
    endloop
endfacet
facet normal -0.49659672 -0.86798137 -0
    outer loop
        vertex -4.3588996 -9 83.125
        vertex -5.5496416 -8.318743 82.35871
        vertex -4.3588996 -9 71.25
    endloop
endfacet
facet normal -0.61742848 -0.78662676 0.00056854
    outer loop
        vertex -5.5496416 -8.318743 82.35871
        vertex -6.783696 -7.347208 86.39495
        vertex -6.737075 -7.3899813 77.844536
    endloop
endfacet
facet normal -0.80320734 -0.59569949 0.00025681
    outer loop
        vertex -8.314696 -5.555702 96
        vertex -7.7715325 -6.2931137 84.30815
        vertex -7.7301044 -6.3439326 96
    endloop
endfacet
facet normal -0.62100929 -0.78380036 0.00209196
    outer loop
        vertex -5.5496416 -8.318743 82.35871
        vertex -6.737075 -7.3899813 77.844536
        vertex -5.9014063 -8.073005 70.00686
    endloop
endfacet
facet normal -0.85772878 -0.51410198 -0.00070006
    outer loop
        vertex -8.733029 -4.8717756 9.2966385
        vertex -8.819212 -4.7139673 -1
        vertex -8.314696 -5.555702 -1
    endloop
endfacet
facet normal -0.97458619 -0.22395256 -0.00519821
    outer loop
        vertex -9.951848 -0.9801714 -1
        vertex -9.551664 -2.9606948 9.297736
        vertex -9.813078 -1.924448 13.664609
    endloop
endfacet
facet normal -0.49659672 -0.86798137 -0
    outer loop
        vertex -4.3588996 -9 11.875
        vertex -5.5496416 -8.318743 12.64129
        vertex -4.3588996 -9 0
    endloop
endfacet
facet normal -0.51365721 -0.85799211 0.00244132
    outer loop
        vertex -5.5496416 -8.318743 12.64129
        vertex -4.3588996 -9 23.75
        vertex -5.9014063 -8.073005 24.993141
    endloop
endfacet
facet normal -0.59569287 -0.80319834 0.00474519
    outer loop
        vertex -5.555702 -8.314696 -1
        vertex -6.783696 -7.347208 8.605053
        vertex -6.3439326 -7.7301044 -1
    endloop
endfacet
facet normal -0.8855834 -0.46447873 0.00118573
    outer loop
        vertex -9.0495825 -4.255004 15.960258
        vertex -8.608321 -5.0888915 18.87037
        vertex -9.145759 -4.0441437 26.728395
    endloop
endfacet
facet normal 0.32693687 -0.94501442 -0.00774997
    outer loop
        vertex 4.2671604 -9.043857 69.85795
        vertex 3.8956184 -9.210004 74.44387
        vertex 2.443009 -9.696995 72.547325
    endloop
endfacet
facet normal 0.67354101 -0.73914313 -0.00315432
    outer loop
        vertex 6.6686897 -7.4517503 80.6619
        vertex 6.3274364 -7.7436132 76.18563
        vertex 7.1513777 -6.9898353 75.49085
    endloop
endfacet
facet normal 0.21457891 -0.97669184 -0.00537223
    outer loop
        vertex 3.0384328 -9.527221 65.46433
        vertex 2.443009 -9.696995 72.547325
        vertex 1.4717946 -9.891098 69.04356
    endloop
endfacet
facet normal 0.50346482 -0.86401075 0.00296037
    outer loop
        vertex 4.2671604 -9.043857 69.85795
        vertex 4.6445937 -8.855945 60.512344
        vertex 5.758926 -8.175254 69.66564
    endloop
endfacet
facet normal -0.68874311 -0.725003 -0.00190623
    outer loop
        vertex -6.609468 -7.5043283 47.893692
        vertex -7.3112044 -6.822484 42.11111
        vertex -6.3969684 -7.686273 40.314816
    endloop
endfacet
facet normal -0.82345855 -0.56737292 -0.00199037
    outer loop
        vertex -7.8335795 -6.2157083 44.115227
        vertex -8.415568 -5.401685 52.851852
        vertex -8.634714 -5.0439777 41.54938
    endloop
endfacet
facet normal -0.97397977 -0.22662689 0.00187044
    outer loop
        vertex -9.843432 -1.7626256 55.958847
        vertex -9.560909 -2.9307027 61.548008
        vertex -9.889294 -1.4838703 65.85254
    endloop
endfacet
facet normal -0.92939192 -0.36909005 -0.00173089
    outer loop
        vertex -9.560909 -2.9307027 61.548008
        vertex -9.614945 -2.7482388 51.65432
        vertex -8.951793 -4.457063 59.962963
    endloop
endfacet
facet normal -0.92711353 -0.37475222 -0.00459717
    outer loop
        vertex -9.118541 -4.105143 39.977367
        vertex -9.560909 -2.9307027 33.45199
        vertex -8.951793 -4.457063 35.037037
    endloop
endfacet
facet normal -0.99524581 -0.09737704 0.00186976
    outer loop
        vertex -9.843432 -1.7626256 39.041153
        vertex -10 -0 47.5
        vertex -9.889294 -1.4838703 29.147463
    endloop
endfacet
facet normal 0.44339061 -0.89630967 0.00580903
    outer loop
        vertex 3.6412516 -9.3135 58.874485
        vertex 4.2476864 -9.05302 52.77778
        vertex 5.1347466 -8.581048 57.89369
    endloop
endfacet
facet normal 0.14038685 -0.99009675 0.00016919
    outer loop
        vertex 1.9244058 -9.8130865 54.691902
        vertex 1.9509032 -9.807853 63.333332
        vertex 0.8715575 -9.9619465 57.175926
    endloop
endfacet
facet normal -0.78202569 -0.62324619 0.00035416
    outer loop
        vertex -8.312739 -5.558629 56.228397
        vertex -7.251978 -6.8854055 63.666664
        vertex -8.336511 -5.522916 66.58642
    endloop
endfacet
facet normal -0.55595684 -0.83118248 -0.00690278
    outer loop
        vertex -5.8221917 -8.130319 58.268238
        vertex -6.3969684 -7.686273 51.09259
        vertex -5.0730324 -8.617676 56.614197
    endloop
endfacet
facet normal 0.330841 -0.94367737 -0.00414216
    outer loop
        vertex 2.9984405 -9.539883 34.84926
        vertex 2.469409 -9.690305 26.864197
        vertex 4.0699925 -9.134285 28.03155
    endloop
endfacet
facet normal 0.23058553 -0.97304809 -0.00275834
    outer loop
        vertex 2.9984405 -9.539883 34.84926
        vertex 1.8407806 -9.829116 40.105396
        vertex 1.4437895 -9.895226 30.239864
    endloop
endfacet
facet normal 0.25741211 -0.96625257 0.00975223
    outer loop
        vertex 1.9244058 -9.8130865 54.691902
        vertex 3.205118 -9.4724455 54.638012
        vertex 3.6412516 -9.3135 58.874485
    endloop
endfacet
facet normal 0.3709251 -0.92866158 -0.00149981
    outer loop
        vertex 3.205118 -9.4724455 54.638012
        vertex 3.011318 -9.535825 45.95199
        vertex 4.2476864 -9.05302 52.77778
    endloop
endfacet
facet normal -0.88264477 -0.47003993 0.00085341
    outer loop
        vertex -8.972093 -4.416057 70.47942
        vertex -8.608321 -5.0888915 76.12963
        vertex -9.0495825 -4.255004 79.03974
    endloop
endfacet
facet normal -0.85417116 -0.51992458 0.00837073
    outer loop
        vertex -8.972093 -4.416057 70.47942
        vertex -8.336511 -5.522916 66.58642
        vertex -8.014217 -5.9809976 71.0216
    endloop
endfacet
facet normal -0.91925442 -0.39366281 -0.00091495
    outer loop
        vertex -9.397676 -3.4181414 68.70606
        vertex -8.972093 -4.416057 70.47942
        vertex -9.0495825 -4.255004 79.03974
    endloop
endfacet
facet normal -0.74892533 -0.66264313 0.0038667
    outer loop
        vertex -8.014217 -5.9809976 71.0216
        vertex -7.251978 -6.8854055 63.666664
        vertex -6.9355855 -7.2040033 70.34876
    endloop
endfacet
facet normal -0.8653124 -0.50122362 -0.0030409
    outer loop
        vertex -8.346088 -5.508431 35.97325
        vertex -8.634714 -5.0439777 41.54938
        vertex -8.951793 -4.457063 35.037037
    endloop
endfacet
facet normal -0.78405893 -0.62068599 -0.00068498
    outer loop
        vertex -8.346088 -5.508431 35.97325
        vertex -7.251978 -6.8854055 31.333334
        vertex -7.3112044 -6.822484 42.11111
    endloop
endfacet
facet normal 0.87939447 -0.47609338 -0.0006332
    outer loop
        vertex 9 -4.3588996 83.125
        vertex 8.5707035 -5.1519933 83.22874
        vertex 8.495955 -5.2743473 71.414
    endloop
endfacet
facet normal 0.8684234 -0.49582022 0.0017348
    outer loop
        vertex 8.5707035 -5.1519933 83.22874
        vertex 9 -4.3588996 95
        vertex 8.314696 -5.555702 96
    endloop
endfacet
facet normal 0.81623346 -0.57772154 -0.00086085
    outer loop
        vertex 8.450086 -5.3475285 53.161903
        vertex 7.884011 -6.1516156 56.053497
        vertex 7.7957563 -6.2630816 47.178593
    endloop
endfacet
facet normal 0.77238423 -0.63515204 0.00215751
    outer loop
        vertex 8.118597 -5.8385253 64.24314
        vertex 7.270505 -6.86584 65.42593
        vertex 7.884011 -6.1516156 56.053497
    endloop
endfacet
facet normal 0.3758589 -0.92667592 0.00137568
    outer loop
        vertex 4.206152 -9.0723915 82.29833
        vertex 3.334618 -9.427636 81.11866
        vertex 3.8956184 -9.210004 74.44387
    endloop
endfacet
facet normal 0.29725808 -0.95479691 0.00066407
    outer loop
        vertex 3.625768 -9.319539 83.97577
        vertex 2.2707627 -9.73877 87.75
        vertex 2.3185945 -9.727493 82.55199
    endloop
endfacet
facet normal -0.97370088 -0.22782971 0.00048181
    outer loop
        vertex -9.828249 -1.8454055 47.5
        vertex -9.614945 -2.7482388 51.65432
        vertex -9.843432 -1.7626256 55.958847
    endloop
endfacet
facet normal -0.96115887 -0.27579275 0.01058568
    outer loop
        vertex -9.828249 -1.8454055 47.5
        vertex -9.614945 -2.7482388 43.34568
        vertex -9.311448 -3.646496 47.5
    endloop
endfacet
facet normal 0.79489475 -0.60673982 0.00302398
    outer loop
        vertex 7.563542 -6.5416226 31.107494
        vertex 8.393222 -5.436344 34.780865
        vertex 7.4374475 -6.6846375 35.558224
    endloop
endfacet
facet normal 0.86235017 -0.50630826 -0.00201833
    outer loop
        vertex 8.258139 -5.639427 28.009716
        vertex 9 -4.3588996 23.75
        vertex 8.393222 -5.436344 34.780865
    endloop
endfacet
facet normal -0.48431426 -0.87489402 0
    outer loop
        vertex -4.3588996 -9 59.375
        vertex -4.3588996 -9 71.25
        vertex -5.3129735 -8.471854 63.08905
    endloop
endfacet
facet normal -0.64095563 -0.76748502 0.01194083
    outer loop
        vertex -5.9014063 -8.073005 70.00686
        vertex -6.9355855 -7.2040033 70.34876
        vertex -6.2587676 -7.7992196 68.421814
    endloop
endfacet
facet normal -0.64095557 -0.76748508 -0.0119408
    outer loop
        vertex -5.9014063 -8.073005 24.993141
        vertex -6.2587676 -7.7992196 26.57819
        vertex -6.9355855 -7.2040033 24.651236
    endloop
endfacet
facet normal -0.48431426 -0.87489402 0
    outer loop
        vertex -5.3129735 -8.471854 31.777893
        vertex -4.3588996 -9 23.75
        vertex -4.3588996 -9 35.625
    endloop
endfacet
facet normal 0.65551418 -0.75518066 0.0018004
    outer loop
        vertex 6.1807156 -7.8612185 36.490665
        vertex 6.805891 -7.326653 33.09259
        vertex 6.9711356 -7.169607 38.801212
    endloop
endfacet
facet normal 0.45724809 -0.88933915 0.00010379
    outer loop
        vertex 5.047097 -8.632891 19.652264
        vertex 5.063075 -8.62353 29.466772
        vertex 4.0699925 -9.134285 28.03155
    endloop
endfacet
facet normal 0.38603544 -0.92247927 -0.00293658
    outer loop
        vertex 4.3625584 -8.998226 44.02012
        vertex 2.9984405 -9.539883 34.84926
        vertex 4.6083126 -8.874877 37.578186
    endloop
endfacet
facet normal 0.70577013 -0.70843625 0.00259704
    outer loop
        vertex 6.6686897 -7.4517503 80.6619
        vertex 7.1513777 -6.9898353 75.49085
        vertex 7.507056 -6.6063685 83.43621
    endloop
endfacet
facet normal 0.54168671 -0.84053826 0.00841349
    outer loop
        vertex 5.758926 -8.175254 69.66564
        vertex 6.3274364 -7.7436132 76.18563
        vertex 4.790612 -8.777815 71.81066
    endloop
endfacet
facet normal 0.70656151 -0.70764852 0.00211786
    outer loop
        vertex 6.6686897 -7.4517503 80.6619
        vertex 7.507056 -6.6063685 83.43621
        vertex 6.3439326 -7.7301044 96
    endloop
endfacet
facet normal 0.75682425 -0.65361422 -0.0023343
    outer loop
        vertex 7.1513777 -6.9898353 75.49085
        vertex 8.002059 -5.997254 73.37071
        vertex 7.507056 -6.6063685 83.43621
    endloop
endfacet
facet normal 0.59710878 -0.80216032 0.00019762
    outer loop
        vertex 5.512869 -8.343158 60.167427
        vertex 6.3948784 -7.688012 54.480904
        vertex 6.4112015 -7.6744056 60.390945
    endloop
endfacet
facet normal 0.72771043 -0.68587548 -0.00350964
    outer loop
        vertex 6.8268876 -7.3070927 50.314445
        vertex 7.7957563 -6.2630816 47.178593
        vertex 7.1093764 -7.03255 55.234566
    endloop
endfacet
facet normal 0.66280943 -0.74878728 -0.00119285
    outer loop
        vertex 5.9970946 -8.002178 21.014177
        vertex 7.167477 -6.9733257 25.498285
        vertex 6.0965085 -7.9267006 28.874142
    endloop
endfacet
facet normal 0.73946071 -0.67318165 -0.00492277
    outer loop
        vertex 6.8464007 -7.288813 20.411104
        vertex 8.040979 -5.9449687 16.082762
        vertex 7.167477 -6.9733257 25.498285
    endloop
endfacet
facet normal 0.85573149 -0.51742017 0
    outer loop
        vertex 9 -4.3588996 11.875
        vertex 9 -4.3588996 23.75
        vertex 8.040979 -5.9449687 16.082762
    endloop
endfacet
facet normal 0.85923398 -0.51157403 0.00300191
    outer loop
        vertex 9 -4.3588996 11.875
        vertex 8.040979 -5.9449687 16.082762
        vertex 8.217351 -5.698697 7.568763
    endloop
endfacet
facet normal 0.55200928 -0.83383679 0.00144258
    outer loop
        vertex 5.047097 -8.632891 19.652264
        vertex 5.678705 -8.231179 10.161183
        vertex 5.9859905 -8.010488 20.140848
    endloop
endfacet
facet normal 0.62090468 -0.783885 0.00133627
    outer loop
        vertex 6.4112015 -7.6744056 60.390945
        vertex 6.616928 -7.4977508 68.428566
        vertex 5.758926 -8.175254 69.66564
    endloop
endfacet
facet normal 0.82645029 -0.56300938 0.00060187
    outer loop
        vertex 8.002059 -5.997254 73.37071
        vertex 8.495955 -5.2743473 71.414
        vertex 8.5707035 -5.1519933 83.22874
    endloop
endfacet
facet normal -0.97764027 -0.21024802 0.00391406
    outer loop
        vertex -9.889294 -1.4838703 29.147463
        vertex -9.681262 -2.5046277 26.277779
        vertex -9.560909 -2.9307027 33.45199
    endloop
endfacet
facet normal -0.9658308 -0.25916666 -0.00182756
    outer loop
        vertex -9.813078 -1.924448 13.664609
        vertex -9.467528 -3.2196147 14.716049
        vertex -9.681262 -2.5046277 26.277779
    endloop
endfacet
facet normal -0.96583092 -0.25916669 0.00182756
    outer loop
        vertex -9.813078 -1.924448 81.33539
        vertex -9.681262 -2.5046277 68.72223
        vertex -9.467528 -3.2196147 80.28395
    endloop
endfacet
facet normal -0.99722856 -0.07439971 0
    outer loop
        vertex -9.889294 -1.4838703 65.85254
        vertex -10 -0 95
        vertex -10 -0 47.5
    endloop
endfacet
facet normal 0.32229242 -0.94663268 -0.00377715
    outer loop
        vertex 3.8956184 -9.210004 74.44387
        vertex 3.334618 -9.427636 81.11866
        vertex 2.443009 -9.696995 72.547325
    endloop
endfacet
facet normal 0.45754671 -0.88913399 0.00958054
    outer loop
        vertex 3.8956184 -9.210004 74.44387
        vertex 4.790612 -8.777815 71.81066
        vertex 5.5736613 -8.302669 78.51041
    endloop
endfacet
facet normal 0.48262024 -0.87582183 -0.0037362
    outer loop
        vertex 3.8956184 -9.210004 74.44387
        vertex 5.5736613 -8.302669 78.51041
        vertex 4.206152 -9.0723915 82.29833
    endloop
endfacet
facet normal 0.74955374 -0.66188061 -0.00912158
    outer loop
        vertex 7.1513777 -6.9898353 75.49085
        vertex 6.616928 -7.4977508 68.428566
        vertex 8.002059 -5.997254 73.37071
    endloop
endfacet
facet normal 0.34565264 -0.93833959 0.00656561
    outer loop
        vertex 4.2671604 -9.043857 69.85795
        vertex 2.443009 -9.696995 72.547325
        vertex 3.0384328 -9.527221 65.46433
    endloop
endfacet
facet normal 0.18086758 -0.98350531 0.00202569
    outer loop
        vertex 1.5796001 -9.8744545 77.18244
        vertex 2.3185945 -9.727493 82.55199
        vertex 1.2887352 -9.91661 82.685814
    endloop
endfacet
facet normal -0.49659672 -0.86798137 0
    outer loop
        vertex -4.3588996 -9 11.875
        vertex -4.3588996 -9 23.75
        vertex -5.5496416 -8.318743 12.64129
    endloop
endfacet
facet normal 0.0541352 -0.99853367 0
    outer loop
        vertex 0 -10 11.875
        vertex 1.0811243 -9.941387 12.9740505
        vertex 0 -10 23.75
    endloop
endfacet
facet normal 0.16820484 -0.98574984 -0.00208511
    outer loop
        vertex 1.0811243 -9.941387 12.9740505
        vertex 2.4585438 -9.693068 6.6950545
        vertex 2.185233 -9.758317 15.494335
    endloop
endfacet
facet normal 0.16785495 -0.98580986 -0.00192746
    outer loop
        vertex 1.0811243 -9.941387 12.9740505
        vertex 2.185233 -9.758317 15.494335
        vertex 1.5596832 -9.877621 22.036179
    endloop
endfacet
facet normal 0.42371267 -0.90578395 -0.00479077
    outer loop
        vertex 3.192827 -9.476596 15.172153
        vertex 5.047097 -8.632891 19.652264
        vertex 4.0699925 -9.134285 28.03155
    endloop
endfacet
facet normal -0.95504332 -0.29646575 -0.00067847
    outer loop
        vertex -9.467528 -3.2196147 80.28395
        vertex -9.681262 -2.5046277 68.72223
        vertex -9.397676 -3.4181414 68.70606
    endloop
endfacet
facet normal -0.97458613 -0.22395256 0.00519821
    outer loop
        vertex -9.813078 -1.924448 81.33539
        vertex -9.551664 -2.9606948 85.70226
        vertex -9.951848 -0.9801714 96
    endloop
endfacet
facet normal -0.99846494 -0.05507227 0.00590221
    outer loop
        vertex -9.951848 -0.9801714 -1
        vertex -9.813078 -1.924448 13.664609
        vertex -10 -0 0
    endloop
endfacet
facet normal -0.94431025 -0.32905045 -0.00199073
    outer loop
        vertex -9.681262 -2.5046277 26.277779
        vertex -9.0495825 -4.255004 15.960258
        vertex -9.145759 -4.0441437 26.728395
    endloop
endfacet
facet normal 0.751463 -0.65977436 -0.00108829
    outer loop
        vertex 7.884011 -6.1516156 56.053497
        vertex 7.270505 -6.86584 65.42593
        vertex 7.1093764 -7.03255 55.234566
    endloop
endfacet
facet normal 0.85390174 -0.52042836 0.00248438
    outer loop
        vertex 8.118597 -5.8385253 64.24314
        vertex 8.450086 -5.3475285 53.161903
        vertex 9 -4.3588996 71.25
    endloop
endfacet
facet normal 0.6815573 -0.73176366 0.00119453
    outer loop
        vertex 6.4112015 -7.6744056 60.390945
        vertex 7.1093764 -7.03255 55.234566
        vertex 7.270505 -6.86584 65.42593
    endloop
endfacet
facet normal 0.47784665 -0.87844139 -0.00181384
    outer loop
        vertex 5.392022 -8.421763 48.53018
        vertex 5.1347466 -8.581048 57.89369
        vertex 4.2476864 -9.05302 52.77778
    endloop
endfacet
facet normal 0.57450622 -0.81849992 -0.00060646
    outer loop
        vertex 5.3122125 -8.472332 41.174812
        vertex 6.176629 -7.8644295 39.59942
        vertex 5.392022 -8.421763 48.53018
    endloop
endfacet
facet normal 0.8133626 -0.58175707 0.00007062
    outer loop
        vertex 7.7957563 -6.2630816 47.178593
        vertex 8.4452305 -5.3551927 45.943916
        vertex 8.450086 -5.3475285 53.161903
    endloop
endfacet
facet normal 0.72233891 -0.69153559 0.00221868
    outer loop
        vertex 7.563542 -6.5416226 31.107494
        vertex 6.805891 -7.326653 33.09259
        vertex 7.167477 -6.9733257 25.498285
    endloop
endfacet
facet normal 0.48891199 -0.87233096 0.00194831
    outer loop
        vertex 4.6083126 -8.874877 37.578186
        vertex 5.3122125 -8.472332 41.174812
        vertex 4.3625584 -8.998226 44.02012
    endloop
endfacet
facet normal 0.61023557 -0.79220891 0.00417323
    outer loop
        vertex 6.176629 -7.8644295 39.59942
        vertex 6.8268876 -7.3070927 50.314445
        vertex 5.392022 -8.421763 48.53018
    endloop
endfacet
facet normal 0.368458 -0.92964387 -0.00098346
    outer loop
        vertex 4.3625584 -8.998226 44.02012
        vertex 4.2476864 -9.05302 52.77778
        vertex 3.011318 -9.535825 45.95199
    endloop
endfacet
facet normal -0.66672623 -0.74529207 -0.003966
    outer loop
        vertex -6.2587676 -7.7992196 68.421814
        vertex -6.9355855 -7.2040033 70.34876
        vertex -7.251978 -6.8854055 63.666664
    endloop
endfacet
facet normal -0.49688995 -0.86781359 0.00003666
    outer loop
        vertex -5.555702 -8.314696 96
        vertex -5.5496416 -8.318743 82.35871
        vertex -4.3588996 -9 95
    endloop
endfacet
facet normal -0.71883541 -0.69518018 0.00044184
    outer loop
        vertex -6.783696 -7.347208 8.605053
        vertex -6.737075 -7.3899813 17.155464
        vertex -7.597353 -6.502325 14.173868
    endloop
endfacet
facet normal -0.66672635 -0.74529213 0.003966
    outer loop
        vertex -6.2587676 -7.7992196 26.57819
        vertex -7.251978 -6.8854055 31.333334
        vertex -6.9355855 -7.2040033 24.651236
    endloop
endfacet
facet normal -0.89249313 -0.45105952 -0.00107098
    outer loop
        vertex -8.608321 -5.0888915 18.87037
        vertex -8.713798 -4.9060903 29.778807
        vertex -9.145759 -4.0441437 26.728395
    endloop
endfacet
facet normal -0.94205523 -0.33543724 -0.00370643
    outer loop
        vertex -9.118541 -4.105143 39.977367
        vertex -9.311448 -3.646496 47.5
        vertex -9.614945 -2.7482388 43.34568
    endloop
endfacet
facet normal 0.26309681 -0.96474242 -0.00722101
    outer loop
        vertex 3.0384328 -9.527221 65.46433
        vertex 1.9509032 -9.807853 63.333332
        vertex 3.6412516 -9.3135 58.874485
    endloop
endfacet
facet normal 0.19813086 -0.98017538 -0.00061999
    outer loop
        vertex 2.443009 -9.696995 72.547325
        vertex 1.5796001 -9.8744545 77.18244
        vertex 1.4717946 -9.891098 69.04356
    endloop
endfacet
facet normal 0.74095094 -0.67155856 0.00087341
    outer loop
        vertex 7.507056 -6.6063685 83.43621
        vertex 7.7301044 -6.3439326 96
        vertex 7.071068 -7.071068 96
    endloop
endfacet
facet normal 0.80743635 -0.5899412 0.00400789
    outer loop
        vertex 7.507056 -6.6063685 83.43621
        vertex 8.002059 -5.997254 73.37071
        vertex 8.5707035 -5.1519933 83.22874
    endloop
endfacet
facet normal 0.51410198 -0.85772866 0.00092434
    outer loop
        vertex 5.1760244 -8.556212 83.05864
        vertex 5.555702 -8.314696 96
        vertex 4.7139673 -8.819212 96
    endloop
endfacet
facet normal 0.77046078 -0.6374861 -0.00124888
    outer loop
        vertex 8.002059 -5.997254 73.37071
        vertex 7.270505 -6.86584 65.42593
        vertex 8.118597 -5.8385253 64.24314
    endloop
endfacet
facet normal 0.24297965 -0.97003061 0.00129776
    outer loop
        vertex 2.2707627 -9.73877 87.75
        vertex 2.9028468 -9.569404 96
        vertex 1.9509032 -9.807853 96
    endloop
endfacet
facet normal 0.3368831 -0.94152415 -0.00648199
    outer loop
        vertex 2.2707627 -9.73877 87.75
        vertex 3.8268342 -9.238795 96
        vertex 2.9028468 -9.569404 96
    endloop
endfacet
facet normal -0.94043434 -0.33993644 0.00514643
    outer loop
        vertex -9.181408 -3.9625418 50.668724
        vertex -8.951793 -4.457063 59.962963
        vertex -9.614945 -2.7482388 51.65432
    endloop
endfacet
facet normal -0.79455596 -0.60719091 0.00032692
    outer loop
        vertex -8.415568 -5.401685 52.851852
        vertex -7.43357 -6.688949 48.685184
        vertex -7.4142723 -6.710333 55.87037
    endloop
endfacet
facet normal -0.78806448 -0.61558729 0.00258147
    outer loop
        vertex -8.312739 -5.558629 56.228397
        vertex -7.4142723 -6.710333 55.87037
        vertex -7.251978 -6.8854055 63.666664
    endloop
endfacet
facet normal -0.59584248 -0.80308926 -0.00438022
    outer loop
        vertex -5.9014063 -8.073005 70.00686
        vertex -6.2587676 -7.7992196 68.421814
        vertex -5.3129735 -8.471854 63.08905
    endloop
endfacet
facet normal -0.58020514 -0.81447041 0.0001757
    outer loop
        vertex -5.3129735 -8.471854 31.777893
        vertex -6.281391 -7.7810106 36.278805
        vertex -6.2587676 -7.7992196 26.57819
    endloop
endfacet
facet normal -0.67965412 -0.73353243 0.00054756
    outer loop
        vertex -6.281391 -7.7810106 36.278805
        vertex -7.3112044 -6.822484 42.11111
        vertex -7.251978 -6.8854055 31.333334
    endloop
endfacet
facet normal 0.87132812 -0.49070075 0
    outer loop
        vertex 8.393222 -5.436344 34.780865
        vertex 9 -4.3588996 23.75
        vertex 9 -4.3588996 47.5
    endloop
endfacet
facet normal 0.78056854 -0.62503076 -0.00701133
    outer loop
        vertex 8.258139 -5.639427 28.009716
        vertex 7.563542 -6.5416226 31.107494
        vertex 7.167477 -6.9733257 25.498285
    endloop
endfacet
facet normal -0.96115887 -0.27579275 -0.01058568
    outer loop
        vertex -9.828249 -1.8454055 47.5
        vertex -9.311448 -3.646496 47.5
        vertex -9.614945 -2.7482388 51.65432
    endloop
endfacet
facet normal -0.89206022 -0.45189232 0.00467577
    outer loop
        vertex -9.311448 -3.646496 47.5
        vertex -9.118541 -4.105143 39.977367
        vertex -8.634714 -5.0439777 41.54938
    endloop
endfacet
facet normal -0.88059682 -0.47385377 -0.00345724
    outer loop
        vertex -8.951793 -4.457063 59.962963
        vertex -9.181408 -3.9625418 50.668724
        vertex -8.415568 -5.401685 52.851852
    endloop
endfacet
facet normal -0.9956966 -0.09266902 0.00088038
    outer loop
        vertex -9.828249 -1.8454055 47.5
        vertex -10 -0 47.5
        vertex -9.843432 -1.7626256 39.041153
    endloop
endfacet
facet normal 0.24189582 -0.97030073 0.00168288
    outer loop
        vertex 1.6662874 -9.860197 52.261772
        vertex 3.011318 -9.535825 45.95199
        vertex 3.205118 -9.4724455 54.638012
    endloop
endfacet
facet normal 0.48557585 -0.87419415 0.00089967
    outer loop
        vertex 4.2476864 -9.05302 52.77778
        vertex 4.3625584 -8.998226 44.02012
        vertex 5.392022 -8.421763 48.53018
    endloop
endfacet
facet normal 0.23861711 -0.97111332 0.0009422
    outer loop
        vertex 1.8407806 -9.829116 40.105396
        vertex 3.011318 -9.535825 45.95199
        vertex 1.6662874 -9.860197 52.261772
    endloop
endfacet
facet normal 0.87373006 -0.48641106 -0.00007123
    outer loop
        vertex 9 -4.3588996 47.5
        vertex 8.450086 -5.3475285 53.161903
        vertex 8.4452305 -5.3551927 45.943916
    endloop
endfacet
facet normal 0.55321473 -0.83303881 -0.00010614
    outer loop
        vertex 5.047097 -8.632891 19.652264
        vertex 5.9970946 -8.002178 21.014177
        vertex 5.063075 -8.62353 29.466772
    endloop
endfacet
facet normal 0.77210331 -0.63549316 0.00222187
    outer loop
        vertex 7.167477 -6.9733257 25.498285
        vertex 8.040979 -5.9449687 16.082762
        vertex 8.258139 -5.639427 28.009716
    endloop
endfacet
facet normal 0.64008701 -0.76829374 0.00365829
    outer loop
        vertex 7.1164007 -7.0254426 11.831288
        vertex 5.678705 -8.231179 10.161183
        vertex 6.3439326 -7.7301044 -1
    endloop
endfacet
facet normal 0.34156626 -0.93984115 -0.00558651
    outer loop
        vertex 2.4585438 -9.693068 6.6950545
        vertex 4.2641835 -9.045261 8.111113
        vertex 3.192827 -9.476596 15.172153
    endloop
endfacet
facet normal -0.69879019 -0.71532178 -0.00267294
    outer loop
        vertex -6.3969684 -7.686273 51.09259
        vertex -6.6402545 -7.4771 58.71708
        vertex -7.4142723 -6.710333 55.87037
    endloop
endfacet
facet normal -0.74905419 -0.66250002 0.0033999
    outer loop
        vertex -6.9355855 -7.2040033 70.34876
        vertex -6.737075 -7.3899813 77.844536
        vertex -8.014217 -5.9809976 71.0216
    endloop
endfacet
facet normal -0.92695016 -0.37518367 0.0008408
    outer loop
        vertex -9.467528 -3.2196147 80.28395
        vertex -9.397676 -3.4181414 68.70606
        vertex -9.0495825 -4.255004 79.03974
    endloop
endfacet
facet normal -0.67155832 -0.74095076 0.00120973
    outer loop
        vertex -6.783696 -7.347208 86.39495
        vertex -6.3439326 -7.7301044 96
        vertex -7.071068 -7.071068 96
    endloop
endfacet
facet normal -0.83187878 -0.55495608 0.00125619
    outer loop
        vertex -8.608321 -5.0888915 18.87037
        vertex -7.8995295 -6.1316752 27.570988
        vertex -8.713798 -4.9060903 29.778807
    endloop
endfacet
facet normal -0.51824862 -0.85521346 -0.00532768
    outer loop
        vertex -5.3129735 -8.471854 31.777893
        vertex -5.9014063 -8.073005 24.993141
        vertex -4.3588996 -9 23.75
    endloop
endfacet
facet normal -0.7292822 -0.68421298 0.00038986
    outer loop
        vertex -6.783696 -7.347208 8.605053
        vertex -7.7715325 -6.2931137 10.691854
        vertex -7.7301044 -6.3439326 -1
    endloop
endfacet
facet normal -0.97003132 -0.24297981 0.00030606
    outer loop
        vertex -9.807853 -1.9509032 -1
        vertex -9.569404 -2.9028468 -1
        vertex -9.551664 -2.9606948 9.297736
    endloop
endfacet
facet normal -0.97370088 -0.22782972 -0.00048181
    outer loop
        vertex -9.843432 -1.7626256 39.041153
        vertex -9.614945 -2.7482388 43.34568
        vertex -9.828249 -1.8454055 47.5
    endloop
endfacet
facet normal -0.76926559 -0.63889003 -0.00707653
    outer loop
        vertex -7.8335795 -6.2157083 44.115227
        vertex -8.346088 -5.508431 35.97325
        vertex -7.3112044 -6.822484 42.11111
    endloop
endfacet
facet normal -0.69297922 -0.72095752 -0.00028447
    outer loop
        vertex -6.3969684 -7.686273 51.09259
        vertex -7.4142723 -6.710333 55.87037
        vertex -7.43357 -6.688949 48.685184
    endloop
endfacet
facet normal -0.9956966 -0.09266902 -0.00088038
    outer loop
        vertex -9.828249 -1.8454055 47.5
        vertex -9.843432 -1.7626256 55.958847
        vertex -10 -0 47.5
    endloop
endfacet
facet normal 0.61931354 -0.78510731 -0.00756361
    outer loop
        vertex 6.8268876 -7.3070927 50.314445
        vertex 6.3948784 -7.688012 54.480904
        vertex 5.392022 -8.421763 48.53018
    endloop
endfacet
facet normal 0.4049055 -0.91432863 0.00738621
    outer loop
        vertex 4.6445937 -8.855945 60.512344
        vertex 3.0384328 -9.527221 65.46433
        vertex 3.6412516 -9.3135 58.874485
    endloop
endfacet
facet normal 0.69082409 -0.72302061 -0.00179106
    outer loop
        vertex 6.4112015 -7.6744056 60.390945
        vertex 7.270505 -6.86584 65.42593
        vertex 6.616928 -7.4977508 68.428566
    endloop
endfacet
facet normal 0.7505765 -0.66078305 0.00083529
    outer loop
        vertex 7.1093764 -7.03255 55.234566
        vertex 7.7957563 -6.2630816 47.178593
        vertex 7.884011 -6.1516156 56.053497
    endloop
endfacet
facet normal 0.14673118 -0.98917562 0.00121346
    outer loop
        vertex 0.9801714 -9.951848 -1
        vertex 1.9509032 -9.807853 -1
        vertex 0.8270576 -9.96574 6.190018
    endloop
endfacet
facet normal -0.59566486 -0.80322081 0.00444298
    outer loop
        vertex -6.2587676 -7.7992196 26.57819
        vertex -5.9014063 -8.073005 24.993141
        vertex -5.3129735 -8.471854 31.777893
    endloop
endfacet
facet normal 0.3262547 -0.94527739 0.00290833
    outer loop
        vertex 2.469409 -9.690305 26.864197
        vertex 3.192827 -9.476596 15.172153
        vertex 4.0699925 -9.134285 28.03155
    endloop
endfacet
facet normal 0.81201559 -0.58363211 -0.0020167
    outer loop
        vertex 7.7957563 -6.2630816 47.178593
        vertex 7.6555114 -6.4337506 40.10112
        vertex 8.4452305 -5.3551927 45.943916
    endloop
endfacet
facet normal 0.8032071 -0.59569937 -0.00081616
    outer loop
        vertex 7.7301044 -6.3439326 -1
        vertex 8.314696 -5.555702 -1
        vertex 8.217351 -5.698697 7.568763
    endloop
endfacet
facet normal 0.24270444 -0.97010022 0.00007306
    outer loop
        vertex 1.8407806 -9.829116 40.105396
        vertex 2.9984405 -9.539883 34.84926
        vertex 3.011318 -9.535825 45.95199
    endloop
endfacet
facet normal 0.87599427 -0.48232153 0
    outer loop
        vertex 9 -4.3588996 71.25
        vertex 9 -4.3588996 83.125
        vertex 8.495955 -5.2743473 71.414
    endloop
endfacet
facet normal 0.6067344 -0.7948851 0.00557325
    outer loop
        vertex 6.6686897 -7.4517503 80.6619
        vertex 5.5736613 -8.302669 78.51041
        vertex 6.3274364 -7.7436132 76.18563
    endloop
endfacet
facet normal -0.58222538 -0.81301576 -0.00434478
    outer loop
        vertex -5.7538776 -8.178808 46.302467
        vertex -6.3969684 -7.686273 40.314816
        vertex -5.0730324 -8.617676 37.188274
    endloop
endfacet
facet normal -0.82918495 -0.55896246 0.00363833
    outer loop
        vertex -8.346088 -5.508431 35.97325
        vertex -7.8335795 -6.2157083 44.115227
        vertex -8.634714 -5.0439777 41.54938
    endloop
endfacet
facet normal -0.97312886 -0.23025885 0.00106838
    outer loop
        vertex -9.614945 -2.7482388 51.65432
        vertex -9.560909 -2.9307027 61.548008
        vertex -9.843432 -1.7626256 55.958847
    endloop
endfacet
facet normal -0.99524587 -0.09737704 -0.00186976
    outer loop
        vertex -9.843432 -1.7626256 55.958847
        vertex -9.889294 -1.4838703 65.85254
        vertex -10 -0 47.5
    endloop
endfacet
facet normal -0.59569281 -0.80319834 -0.00474519
    outer loop
        vertex -6.3439326 -7.7301044 96
        vertex -6.783696 -7.347208 86.39495
        vertex -5.555702 -8.314696 96
    endloop
endfacet
facet normal -0.82980245 -0.55804712 -0.00335347
    outer loop
        vertex -8.314696 -5.555702 96
        vertex -8.733029 -4.8717756 85.70336
        vertex -7.7715325 -6.2931137 84.30815
    endloop
endfacet
facet normal -0.47198454 -0.88160682 -0
    outer loop
        vertex -4.3588996 -9 59.375
        vertex -5.0730324 -8.617676 56.614197
        vertex -4.3588996 -9 47.5
    endloop
endfacet
facet normal -0.99401551 -0.10922392 -0.00178507
    outer loop
        vertex -9.813078 -1.924448 13.664609
        vertex -9.889294 -1.4838703 29.147463
        vertex -10 -0 0
    endloop
endfacet
facet normal -0.92960638 -0.3685112 0.00560406
    outer loop
        vertex -9.681262 -2.5046277 26.277779
        vertex -9.467528 -3.2196147 14.716049
        vertex -9.0495825 -4.255004 15.960258
    endloop
endfacet
facet normal -0.47198454 -0.88160682 0
    outer loop
        vertex -5.0730324 -8.617676 37.188274
        vertex -4.3588996 -9 35.625
        vertex -4.3588996 -9 47.5
    endloop
endfacet
facet normal 0.04138822 -0.99914312 0
    outer loop
        vertex 0 -10 0
        vertex 0.8270576 -9.96574 6.190018
        vertex 0 -10 5.9375
    endloop
endfacet
facet normal -0.49688995 -0.86781359 -0.00003666
    outer loop
        vertex -5.555702 -8.314696 -1
        vertex -4.3588996 -9 0
        vertex -5.5496416 -8.318743 12.64129
    endloop
endfacet
facet normal -0.9731288 -0.23025885 -0.00106838
    outer loop
        vertex -9.843432 -1.7626256 39.041153
        vertex -9.560909 -2.9307027 33.45199
        vertex -9.614945 -2.7482388 43.34568
    endloop
endfacet
facet normal 0.0872791 -0.99618304 -0.00129421
    outer loop
        vertex 1.8407806 -9.829116 40.105396
        vertex 1.6662874 -9.860197 52.261772
        vertex 0 -10 47.5
    endloop
endfacet
facet normal 0.67610598 -0.73680443 -0.00017103
    outer loop
        vertex 7.1093764 -7.03255 55.234566
        vertex 6.4112015 -7.6744056 60.390945
        vertex 6.3948784 -7.688012 54.480904
    endloop
endfacet
facet normal -0.86536115 -0.50114858 -0.00025807
    outer loop
        vertex -8.336511 -5.522916 66.58642
        vertex -8.951793 -4.457063 59.962963
        vertex -8.312739 -5.558629 56.228397
    endloop
endfacet
facet normal -0.98912472 -0.14672363 0.01021991
    outer loop
        vertex -9.951848 -0.9801714 -1
        vertex -9.807853 -1.9509032 -1
        vertex -9.551664 -2.9606948 9.297736
    endloop
endfacet
facet normal 0.04361995 -0.99904817 0
    outer loop
        vertex 0.8715575 -9.9619465 57.175926
        vertex 0 -10 59.375
        vertex 0 -10 47.5
    endloop
endfacet
facet normal -0.49659672 -0.86798131 0
    outer loop
        vertex -5.5496416 -8.318743 82.35871
        vertex -4.3588996 -9 83.125
        vertex -4.3588996 -9 95
    endloop
endfacet
facet normal 0.51409787 -0.85772181 0.00409888
    outer loop
        vertex 4.2641835 -9.045261 8.111113
        vertex 4.7139673 -8.819212 -1
        vertex 5.555702 -8.314696 -1
    endloop
endfacet
facet normal -0.67759877 -0.73543185 -0.00019981
    outer loop
        vertex -7.251978 -6.8854055 31.333334
        vertex -6.2587676 -7.7992196 26.57819
        vertex -6.281391 -7.7810106 36.278805
    endloop
endfacet
facet normal -0.93985325 -0.34157842 0.00035634
    outer loop
        vertex -9.225462 -3.8588684 85.100716
        vertex -9.207918 -3.900544 91.42371
        vertex -9.551664 -2.9606948 85.70226
    endloop
endfacet
facet normal 0.37662947 -0.92635769 -0.00341564
    outer loop
        vertex 4.6445937 -8.855945 60.512344
        vertex 4.2671604 -9.043857 69.85795
        vertex 3.0384328 -9.527221 65.46433
    endloop
endfacet
facet normal 0.87942934 -0.4760294 0
    outer loop
        vertex 9 -4.3588996 95
        vertex 8.5707035 -5.1519933 83.22874
        vertex 9 -4.3588996 83.125
    endloop
endfacet
facet normal 0.14673108 -0.98917484 -0.00177379
    outer loop
        vertex 0.9801714 -9.951848 96
        vertex 0.76283973 -9.970861 88.625
        vertex 1.9509032 -9.807853 96
    endloop
endfacet
facet normal 0.59569943 -0.80320728 -0.00055472
    outer loop
        vertex 5.678705 -8.231179 10.161183
        vertex 5.555702 -8.314696 -1
        vertex 6.3439326 -7.7301044 -1
    endloop
endfacet
facet normal -0.74138087 -0.67108244 0.00170252
    outer loop
        vertex -7.762792 -6.3038926 19.231825
        vertex -6.9355855 -7.2040033 24.651236
        vertex -7.8995295 -6.1316752 27.570988
    endloop
endfacet
facet normal -0.51390821 -0.85740548 0.02746357
    outer loop
        vertex -4.7139673 -8.819212 -1
        vertex -4.3588996 -9 0
        vertex -5.555702 -8.314696 -1
    endloop
endfacet
facet normal 0.16366354 -0.98650843 0.00391866
    outer loop
        vertex 2.4585438 -9.693068 6.6950545
        vertex 0.8270576 -9.96574 6.190018
        vertex 1.9509032 -9.807853 -1
    endloop
endfacet
facet normal -0.51365721 -0.85799193 -0.00244132
    outer loop
        vertex -5.9014063 -8.073005 70.00686
        vertex -4.3588996 -9 71.25
        vertex -5.5496416 -8.318743 82.35871
    endloop
endfacet
facet normal 0.07707618 -0.9970246 -0.00105072
    outer loop
        vertex 1.5596832 -9.877621 22.036179
        vertex 1.4437895 -9.895226 30.239864
        vertex 0 -10 23.75
    endloop
endfacet
facet normal -0.68397993 -0.72949594 0.00267337
    outer loop
        vertex -6.6402545 -7.4771 58.71708
        vertex -6.2587676 -7.7992196 68.421814
        vertex -7.251978 -6.8854055 63.666664
    endloop
endfacet
facet normal 0.33495411 -0.94222629 0.00393594
    outer loop
        vertex 2.4585438 -9.693068 6.6950545
        vertex 3.8268342 -9.238795 -1
        vertex 4.2641835 -9.045261 8.111113
    endloop
endfacet
facet normal -0.0490669 -0.99879551 0
    outer loop
        vertex 0 -10 0
        vertex -0.9801714 -9.951848 -1
        vertex -0.0000000000000006123234 -10 -1
    endloop
endfacet
facet normal 0.0490669 -0.99879551 -0
    outer loop
        vertex 0 -10 0
        vertex -0.0000000000000006123234 -10 -1
        vertex 0.9801714 -9.951848 -1
    endloop
endfacet
facet normal 0.50225842 -0.8647117 -0.003175
    outer loop
        vertex 5.678705 -8.231179 10.161183
        vertex 5.047097 -8.632891 19.652264
        vertex 4.2641835 -9.045261 8.111113
    endloop
endfacet
facet normal 0.04814617 -0.99883991 -0.00090462
    outer loop
        vertex 0.8270576 -9.96574 6.190018
        vertex 0 -10 0
        vertex 0.9801714 -9.951848 -1
    endloop
endfacet
facet normal -0.16831677 -0.98565757 0.01218422
    outer loop
        vertex -1.9509032 -9.807853 -1
        vertex -1.1251794 -9.936497 0
        vertex -2.2360685 -9.746795 0
    endloop
endfacet
facet normal -0.27814227 -0.96042144 0.01508908
    outer loop
        vertex -2.9028468 -9.569404 -1
        vertex -2.2360685 -9.746795 0
        vertex -3.318558 -9.433301 0
    endloop
endfacet
facet normal -0.05634723 -0.99838555 0.00715571
    outer loop
        vertex 0 -10 0
        vertex -1.1251794 -9.936497 0
        vertex -0.9801714 -9.951848 -1
    endloop
endfacet
facet normal -0.38443491 -0.92301577 0.0158673
    outer loop
        vertex -3.8268342 -9.238795 -1
        vertex -3.318558 -9.433301 0
        vertex -4.3588996 -9 0
    endloop
endfacet
facet normal -0.33686635 -0.94147724 -0.01190153
    outer loop
        vertex -2.9028468 -9.569404 -1
        vertex -3.318558 -9.433301 0
        vertex -3.8268342 -9.238795 -1
    endloop
endfacet
facet normal -0.51390821 -0.85740548 -0.02746357
    outer loop
        vertex -4.3588996 -9 95
        vertex -4.7139673 -8.819212 96
        vertex -5.555702 -8.314696 96
    endloop
endfacet
facet normal -0.99879551 -0.0490669 0
    outer loop
        vertex -9.951848 -0.9801714 96
        vertex -10 -0 96
        vertex -10 -0 95
    endloop
endfacet
facet normal -0.93974638 -0.3418723 0.00030164
    outer loop
        vertex -9.569404 -2.9028468 96
        vertex -9.551664 -2.9606948 85.70226
        vertex -9.207918 -3.900544 91.42371
    endloop
endfacet
facet normal -0.86678547 -0.49868101 0.00027132
    outer loop
        vertex -8.972093 -4.416057 70.47942
        vertex -8.951793 -4.457063 59.962963
        vertex -8.336511 -5.522916 66.58642
    endloop
endfacet
facet normal -0.88426816 -0.46697357 0.00236618
    outer loop
        vertex -8.415568 -5.401685 52.851852
        vertex -9.181408 -3.9625418 50.668724
        vertex -8.634714 -5.0439777 41.54938
    endloop
endfacet
facet normal -0.99846488 -0.05507227 -0.00590221
    outer loop
        vertex -9.813078 -1.924448 81.33539
        vertex -9.951848 -0.9801714 96
        vertex -10 -0 95
    endloop
endfacet
facet normal -0.80320734 -0.59569949 -0.00025681
    outer loop
        vertex -8.314696 -5.555702 -1
        vertex -7.7301044 -6.3439326 -1
        vertex -7.7715325 -6.2931137 10.691854
    endloop
endfacet
facet normal -0.86770552 -0.49706849 0.0031736
    outer loop
        vertex -8.713798 -4.9060903 29.778807
        vertex -8.346088 -5.508431 35.97325
        vertex -8.951793 -4.457063 35.037037
    endloop
endfacet
facet normal -0.98912472 -0.14672364 -0.01021991
    outer loop
        vertex -9.807853 -1.9509032 96
        vertex -9.951848 -0.9801714 96
        vertex -9.551664 -2.9606948 85.70226
    endloop
endfacet
facet normal -0.7409482 -0.67155606 0.0028614
    outer loop
        vertex -7.7301044 -6.3439326 -1
        vertex -7.071068 -7.071068 -1
        vertex -6.783696 -7.347208 8.605053
    endloop
endfacet
facet normal -0.61727184 -0.78674835 0.00158002
    outer loop
        vertex -6.609468 -7.5043283 47.893692
        vertex -6.3969684 -7.686273 40.314816
        vertex -5.7538776 -8.178808 46.302467
    endloop
endfacet
facet normal -0.97003132 -0.24297982 -0.00030606
    outer loop
        vertex -9.807853 -1.9509032 96
        vertex -9.551664 -2.9606948 85.70226
        vertex -9.569404 -2.9028468 96
    endloop
endfacet
facet normal -0.85772878 -0.51410198 0.00070006
    outer loop
        vertex -8.314696 -5.555702 96
        vertex -8.819212 -4.7139673 96
        vertex -8.733029 -4.8717756 85.70336
    endloop
endfacet
facet normal -0.61742848 -0.78662682 -0.00056854
    outer loop
        vertex -5.5496416 -8.318743 12.64129
        vertex -6.737075 -7.3899813 17.155464
        vertex -6.783696 -7.347208 8.605053
    endloop
endfacet
facet normal -0.82031935 -0.57188821 0.00446945
    outer loop
        vertex -8.014217 -5.9809976 71.0216
        vertex -7.597353 -6.502325 80.82613
        vertex -8.608321 -5.0888915 76.12963
    endloop
endfacet
facet normal -0.42752671 -0.90392798 0.01161842
    outer loop
        vertex -4.3588996 -9 95
        vertex -3.8268342 -9.238795 96
        vertex -4.7139673 -8.819212 96
    endloop
endfacet
facet normal -0.24296753 -0.96998227 -0.01006069
    outer loop
        vertex -1.9509032 -9.807853 -1
        vertex -2.2360685 -9.746795 0
        vertex -2.9028468 -9.569404 -1
    endloop
endfacet
facet normal -0.14672858 -0.98915803 -0.00609196
    outer loop
        vertex -0.9801714 -9.951848 -1
        vertex -1.1251794 -9.936497 0
        vertex -1.9509032 -9.807853 -1
    endloop
endfacet
facet normal -0.33686635 -0.94147724 0.01190153
    outer loop
        vertex -2.9028468 -9.569404 96
        vertex -3.8268342 -9.238795 96
        vertex -3.318558 -9.433301 95
    endloop
endfacet
facet normal -0.24296753 -0.96998227 0.01006069
    outer loop
        vertex -1.9509032 -9.807853 96
        vertex -2.9028468 -9.569404 96
        vertex -2.2360685 -9.746795 95
    endloop
endfacet
facet normal -0.16831677 -0.98565757 -0.01218423
    outer loop
        vertex -1.1251794 -9.936497 95
        vertex -1.9509032 -9.807853 96
        vertex -2.2360685 -9.746795 95
    endloop
endfacet
facet normal -0.05634723 -0.99838555 -0.00715571
    outer loop
        vertex 0 -10 95
        vertex -0.9801714 -9.951848 96
        vertex -1.1251794 -9.936497 95
    endloop
endfacet
facet normal -0.0490669 -0.99879551 -0
    outer loop
        vertex 0 -10 95
        vertex -0.0000000000000006123234 -10 96
        vertex -0.9801714 -9.951848 96
    endloop
endfacet
facet normal 0.03816966 -0.99927127 0
    outer loop
        vertex 0 -10 95
        vertex 0 -10 89.0625
        vertex 0.76283973 -9.970861 88.625
    endloop
endfacet
facet normal 0.09738296 -0.99523503 -0.00485769
    outer loop
        vertex 0.8715575 -9.9619465 57.175926
        vertex 0 -10 47.5
        vertex 1.6662874 -9.860197 52.261772
    endloop
endfacet
facet normal 0.15477446 -0.9879387 0.00468041
    outer loop
        vertex 2.2707627 -9.73877 87.75
        vertex 0.76283973 -9.970861 88.625
        vertex 1.2887352 -9.91661 82.685814
    endloop
endfacet
facet normal 0.90392798 -0.42752671 0.01161843
    outer loop
        vertex 8.819212 -4.7139673 96
        vertex 9 -4.3588996 95
        vertex 9.238795 -3.8268342 96
    endloop
endfacet
facet normal 0.92301577 -0.38443491 -0.0158673
    outer loop
        vertex 9.238795 -3.8268342 96
        vertex 9 -4.3588996 95
        vertex 9.433301 -3.318558 95
    endloop
endfacet
facet normal 0.96042144 -0.27814227 -0.01508908
    outer loop
        vertex 9.569404 -2.9028468 96
        vertex 9.433301 -3.318558 95
        vertex 9.746795 -2.2360685 95
    endloop
endfacet
facet normal 0.98565757 -0.16831677 -0.01218422
    outer loop
        vertex 9.807853 -1.9509032 96
        vertex 9.746795 -2.2360685 95
        vertex 9.936497 -1.1251794 95
    endloop
endfacet
facet normal 0.99838555 -0.05634723 -0.00715571
    outer loop
        vertex 9.951848 -0.9801714 96
        vertex 9.936497 -1.1251794 95
        vertex 10 -0 95
    endloop
endfacet
facet normal 0.98915803 -0.14672858 0.00609196
    outer loop
        vertex 9.807853 -1.9509032 96
        vertex 9.936497 -1.1251794 95
        vertex 9.951848 -0.9801714 96
    endloop
endfacet
facet normal 0.80699861 -0.59054822 -0.00249091
    outer loop
        vertex 8.314696 -5.555702 96
        vertex 7.507056 -6.6063685 83.43621
        vertex 8.5707035 -5.1519933 83.22874
    endloop
endfacet
facet normal 0.96998227 -0.24296753 0.01006068
    outer loop
        vertex 9.569404 -2.9028468 96
        vertex 9.746795 -2.2360685 95
        vertex 9.807853 -1.9509032 96
    endloop
endfacet
facet normal 0.80320603 -0.59569848 -0.00181641
    outer loop
        vertex 7.7301044 -6.3439326 96
        vertex 7.507056 -6.6063685 83.43621
        vertex 8.314696 -5.555702 96
    endloop
endfacet
facet normal 0.86139488 -0.50792879 -0.00267181
    outer loop
        vertex 8.040979 -5.9449687 16.082762
        vertex 9 -4.3588996 23.75
        vertex 8.258139 -5.639427 28.009716
    endloop
endfacet
facet normal 0.74092489 -0.6715349 0.00843589
    outer loop
        vertex 7.071068 -7.071068 -1
        vertex 7.7301044 -6.3439326 -1
        vertex 8.217351 -5.698697 7.568763
    endloop
endfacet
facet normal 0.6715588 -0.74095124 0.00026204
    outer loop
        vertex 6.3439326 -7.7301044 -1
        vertex 7.071068 -7.071068 -1
        vertex 7.1164007 -7.0254426 11.831288
    endloop
endfacet
facet normal 0.33688709 -0.94153517 0.00432044
    outer loop
        vertex 2.9028468 -9.569404 -1
        vertex 3.8268342 -9.238795 -1
        vertex 2.4585438 -9.693068 6.6950545
    endloop
endfacet
facet normal 0.88204032 -0.47110918 0.00781332
    outer loop
        vertex 8.819212 -4.7139673 -1
        vertex 9 -4.3588996 0
        vertex 8.217351 -5.698697 7.568763
    endloop
endfacet
facet normal 0.92301577 -0.38443491 0.0158673
    outer loop
        vertex 9.238795 -3.8268342 -1
        vertex 9.433301 -3.318558 0
        vertex 9 -4.3588996 0
    endloop
endfacet
facet normal 0.96042144 -0.27814227 0.01508908
    outer loop
        vertex 9.569404 -2.9028468 -1
        vertex 9.746795 -2.2360685 0
        vertex 9.433301 -3.318558 0
    endloop
endfacet
facet normal 0.94147724 -0.33686635 0.01190152
    outer loop
        vertex 9.238795 -3.8268342 96
        vertex 9.433301 -3.318558 95
        vertex 9.569404 -2.9028468 96
    endloop
endfacet
facet normal 0.99879551 -0.0490669 0
    outer loop
        vertex 10 -0 0
        vertex 9.951848 -0.9801714 -1
        vertex 10 -0 -1
    endloop
endfacet
facet normal -0.93985325 -0.34157848 -0.00035634
    outer loop
        vertex -9.207918 -3.900544 3.576284
        vertex -9.225462 -3.8588684 9.899282
        vertex -9.551664 -2.9606948 9.297736
    endloop
endfacet
facet normal 0.98915803 -0.14672858 -0.00609196
    outer loop
        vertex 9.807853 -1.9509032 -1
        vertex 9.951848 -0.9801714 -1
        vertex 9.936497 -1.1251794 0
    endloop
endfacet
facet normal 0.99879551 -0.0490669 0
    outer loop
        vertex 10 -0 95
        vertex 10 -0 96
        vertex 9.951848 -0.9801714 96
    endloop
endfacet
facet normal 0.96998227 -0.24296753 -0.01006068
    outer loop
        vertex 9.569404 -2.9028468 -1
        vertex 9.807853 -1.9509032 -1
        vertex 9.746795 -2.2360685 0
    endloop
endfacet
facet normal 0.94147724 -0.33686635 -0.01190152
    outer loop
        vertex 9.238795 -3.8268342 -1
        vertex 9.569404 -2.9028468 -1
        vertex 9.433301 -3.318558 0
    endloop
endfacet
facet normal 0.90392798 -0.42752671 -0.01161843
    outer loop
        vertex 8.819212 -4.7139673 -1
        vertex 9.238795 -3.8268342 -1
        vertex 9 -4.3588996 0
    endloop
endfacet
facet normal 0.76515299 -0.64384252 -0.00277295
    outer loop
        vertex 8.217351 -5.698697 7.568763
        vertex 8.040979 -5.9449687 16.082762
        vertex 7.1164007 -7.0254426 11.831288
    endloop
endfacet
facet normal 0.59265459 -0.80545408 -0.00206888
    outer loop
        vertex 5.1760244 -8.556212 83.05864
        vertex 6.6686897 -7.4517503 80.6619
        vertex 6.3439326 -7.7301044 96
    endloop
endfacet
facet normal 0.67155313 -0.74094498 -0.00410125
    outer loop
        vertex 6.3439326 -7.7301044 96
        vertex 7.507056 -6.6063685 83.43621
        vertex 7.071068 -7.071068 96
    endloop
endfacet
facet normal 0.5956977 -0.80320495 -0.00248708
    outer loop
        vertex 6.3439326 -7.7301044 96
        vertex 5.555702 -8.314696 96
        vertex 5.1760244 -8.556212 83.05864
    endloop
endfacet
facet normal 0.86347002 -0.50440013 0
    outer loop
        vertex 8.217351 -5.698697 7.568763
        vertex 9 -4.3588996 0
        vertex 9 -4.3588996 11.875
    endloop
endfacet
facet normal 0.85740548 -0.51390821 -0.02746357
    outer loop
        vertex 8.819212 -4.7139673 96
        vertex 8.314696 -5.555702 96
        vertex 9 -4.3588996 95
    endloop
endfacet
facet normal 0.07534314 -0.99715704 0.00104115
    outer loop
        vertex 1.5796001 -9.8744545 77.18244
        vertex 0 -10 71.25
        vertex 1.4717946 -9.891098 69.04356
    endloop
endfacet
facet normal 0.44054231 -0.89772832 -0.00251492
    outer loop
        vertex 5.1760244 -8.556212 83.05864
        vertex 4.7139673 -8.819212 96
        vertex 3.625768 -9.319539 83.97577
    endloop
endfacet
facet normal 0.42755538 -0.90398854 -0.00107911
    outer loop
        vertex 4.7139673 -8.819212 96
        vertex 3.8268342 -9.238795 96
        vertex 3.625768 -9.319539 83.97577
    endloop
endfacet
facet normal 0.73464155 -0.67845458 0.00110246
    outer loop
        vertex 6.9711356 -7.169607 38.801212
        vertex 7.7957563 -6.2630816 47.178593
        vertex 6.8268876 -7.3070927 50.314445
    endloop
endfacet
facet normal 0.29914087 -0.95420796 0.00140543
    outer loop
        vertex 3.625768 -9.319539 83.97577
        vertex 3.8268342 -9.238795 96
        vertex 2.2707627 -9.73877 87.75
    endloop
endfacet
facet normal 0.54422742 -0.83892322 0.00493158
    outer loop
        vertex 4.6083126 -8.874877 37.578186
        vertex 4.9506187 -8.688578 31.494629
        vertex 6.1807156 -7.8612185 36.490665
    endloop
endfacet
facet normal 0.04788203 -0.99885225 0.00116411
    outer loop
        vertex 0.9801714 -9.951848 96
        vertex 0 -10 95
        vertex 0.76283973 -9.970861 88.625
    endloop
endfacet
facet normal 0.0490669 -0.99879551 0
    outer loop
        vertex 0 -10 95
        vertex 0.9801714 -9.951848 96
        vertex -0.0000000000000006123234 -10 96
    endloop
endfacet
facet normal -0.14672858 -0.98915803 0.00609196
    outer loop
        vertex -1.1251794 -9.936497 95
        vertex -0.9801714 -9.951848 96
        vertex -1.9509032 -9.807853 96
    endloop
endfacet
facet normal -0.27814227 -0.96042144 -0.01508908
    outer loop
        vertex -2.2360685 -9.746795 95
        vertex -2.9028468 -9.569404 96
        vertex -3.318558 -9.433301 95
    endloop
endfacet
facet normal -0.38443491 -0.92301577 -0.0158673
    outer loop
        vertex -3.8268342 -9.238795 96
        vertex -4.3588996 -9 95
        vertex -3.318558 -9.433301 95
    endloop
endfacet
facet normal -0.42752671 -0.90392798 -0.01161842
    outer loop
        vertex -4.3588996 -9 0
        vertex -4.7139673 -8.819212 -1
        vertex -3.8268342 -9.238795 -1
    endloop
endfacet
facet normal -0.71883541 -0.69518012 -0.00044184
    outer loop
        vertex -6.737075 -7.3899813 77.844536
        vertex -6.783696 -7.347208 86.39495
        vertex -7.597353 -6.502325 80.82613
    endloop
endfacet
facet normal -0.64369303 -0.76528126 0.0019405
    outer loop
        vertex -6.737075 -7.3899813 17.155464
        vertex -5.9014063 -8.073005 24.993141
        vertex -6.9355855 -7.2040033 24.651236
    endloop
endfacet
facet normal -0.6186617 -0.78565747 0.00004181
    outer loop
        vertex -5.555702 -8.314696 -1
        vertex -5.5496416 -8.318743 12.64129
        vertex -6.783696 -7.347208 8.605053
    endloop
endfacet
facet normal -0.80584085 -0.59211344 -0.00473408
    outer loop
        vertex -7.7715325 -6.2931137 84.30815
        vertex -8.608321 -5.0888915 76.12963
        vertex -7.597353 -6.502325 80.82613
    endloop
endfacet
facet normal -0.90036643 -0.43513161 0.00086713
    outer loop
        vertex -9.207918 -3.900544 3.576284
        vertex -8.819212 -4.7139673 -1
        vertex -8.733029 -4.8717756 9.2966385
    endloop
endfacet
facet normal -0.99879551 -0.0490669 0
    outer loop
        vertex -9.951848 -0.9801714 -1
        vertex -10 -0 0
        vertex -10 -0 -1
    endloop
endfacet
facet normal 0.98565757 -0.16831677 0.01218423
    outer loop
        vertex 9.746795 -2.2360685 0
        vertex 9.807853 -1.9509032 -1
        vertex 9.936497 -1.1251794 0
    endloop
endfacet
facet normal -0.93974638 -0.3418723 -0.00030164
    outer loop
        vertex -9.569404 -2.9028468 -1
        vertex -9.207918 -3.900544 3.576284
        vertex -9.551664 -2.9606948 9.297736
    endloop
endfacet
facet normal 0.50911546 -0.86069578 0.00202594
    outer loop
        vertex 4.6445937 -8.855945 60.512344
        vertex 5.512869 -8.343158 60.167427
        vertex 5.758926 -8.175254 69.66564
    endloop
endfacet
facet normal 0.99838555 -0.05634723 0.00715571
    outer loop
        vertex 9.951848 -0.9801714 -1
        vertex 10 -0 0
        vertex 9.936497 -1.1251794 0
    endloop
endfacet
facet normal -0.82738733 -0.56162834 -0.00195915
    outer loop
        vertex -7.7715325 -6.2931137 10.691854
        vertex -8.608321 -5.0888915 18.87037
        vertex -8.733029 -4.8717756 9.2966385
    endloop
endfacet
facet normal 1 0 0
    outer loop
        vertex 77 -8 0
        vertex 77 -0 0
        vertex 77 -8 95
    endloop
endfacet
facet normal 1 -0 0
    outer loop
        vertex 77 -8 95
        vertex 77 -0 0
        vertex 77 -0 95
    endloop
endfacet
facet normal 0 -0 1
    outer loop
        vertex 77 -8 95
        vertex 77 -0 95
        vertex 9.936497 -1.1251794 95
    endloop
endfacet
facet normal 0 0 1
    outer loop
        vertex 9.746795 -2.2360685 95
        vertex 9 -8 95
        vertex 26 -8 95
    endloop
endfacet
facet normal 0 0 1
    outer loop
        vertex 9.433301 -3.318558 95
        vertex 9 -4.3588996 95
        vertex 9 -8 95
    endloop
endfacet
facet normal 0 0 0.99999994
    outer loop
        vertex 9.746795 -2.2360685 95
        vertex 9.433301 -3.318558 95
        vertex 9 -8 95
    endloop
endfacet
facet normal 0 0 1
    outer loop
        vertex 9.936497 -1.1251794 95
        vertex 9.746795 -2.2360685 95
        vertex 77 -8 95
    endloop
endfacet
facet normal -0 0 1
    outer loop
        vertex 43.5 -0 95
        vertex 9.936497 -1.1251794 95
        vertex 77 -0 95
    endloop
endfacet
facet normal -0 0 1
    outer loop
        vertex 10 -0 95
        vertex 9.936497 -1.1251794 95
        vertex 43.5 -0 95
    endloop
endfacet
facet normal 0 0 0.99999994
    outer loop
        vertex 9.746795 -2.2360685 95
        vertex 43 -8 95
        vertex 60 -8 95
    endloop
endfacet
facet normal 0 0 1
    outer loop
        vertex 9.746795 -2.2360685 95
        vertex 60 -8 95
        vertex 77 -8 95
    endloop
endfacet
facet normal 0 0 1
    outer loop
        vertex 9.746795 -2.2360685 95
        vertex 26 -8 95
        vertex 43 -8 95
    endloop
endfacet
facet normal 0 0 -1
    outer loop
        vertex 43 -3 0
        vertex 10 -0 0
        vertex 43.5 -0 0
    endloop
endfacet
facet normal 0 -0 -0.99999994
    outer loop
        vertex 9.936497 -1.1251794 0
        vertex 11 -3 0
        vertex 9.746795 -2.2360685 0
    endloop
endfacet
facet normal 0 0 -1
    outer loop
        vertex 9.936497 -1.1251794 0
        vertex 10 -0 0
        vertex 11 -3 0
    endloop
endfacet
facet normal 0 -0 -0.99999994
    outer loop
        vertex 9.746795 -2.2360685 0
        vertex 11 -3 0
        vertex 9.433301 -3.318558 0
    endloop
endfacet
facet normal 0 -0 -1
    outer loop
        vertex 9.433301 -3.318558 0
        vertex 11 -3 0
        vertex 9 -4.3588996 0
    endloop
endfacet
facet normal 0 0 -1
    outer loop
        vertex 9 -8 0
        vertex 11 -6.5 0
        vertex 13 -8 0
    endloop
endfacet
facet normal 0 0 -1
    outer loop
        vertex 43 -3 0
        vertex 11 -3 0
        vertex 10 -0 0
    endloop
endfacet
facet normal -0 0 -1
    outer loop
        vertex 11 -6.5 0
        vertex 9 -8 0
        vertex 9 -4.3588996 0
    endloop
endfacet
facet normal 0 0 -1
    outer loop
        vertex 11 -6.5 0
        vertex 13 -6.5 0
        vertex 13 -8 0
    endloop
endfacet
facet normal 0 0 -1
    outer loop
        vertex 75 -3 0
        vertex 43 -3 0
        vertex 77 -0 0
    endloop
endfacet
facet normal 0 0 -1
    outer loop
        vertex 75 -6.5 0
        vertex 75 -3 0
        vertex 77 -8 0
    endloop
endfacet
facet normal 0 0 -1
    outer loop
        vertex 77 -8 0
        vertex 75 -3 0
        vertex 77 -0 0
    endloop
endfacet
facet normal 0 0 -1
    outer loop
        vertex 77 -8 0
        vertex 73 -8 0
        vertex 75 -6.5 0
    endloop
endfacet
facet normal 0 -0 -1
    outer loop
        vertex 11 -3 0
        vertex 11 -6.5 0
        vertex 9 -4.3588996 0
    endloop
endfacet
facet normal 0 0 -1
    outer loop
        vertex 73 -6.5 0
        vertex 75 -6.5 0
        vertex 73 -8 0
    endloop
endfacet
facet normal 0 0 -1
    outer loop
        vertex 43 -3 0
        vertex 43.5 -0 0
        vertex 77 -0 0
    endloop
endfacet
facet normal 0 1 0
    outer loop
        vertex 43 -0 87.5
        vertex 43.5 -0 95
        vertex 68 -0 87.5
    endloop
endfacet
facet normal 0 1 0
    outer loop
        vertex 18 -0 27.5
        vertex 18 -0 7.5
        vertex 10 -0 23.75
    endloop
endfacet
facet normal 0 1 0
    outer loop
        vertex 18 -0 27.5
        vertex 10 -0 23.75
        vertex 10 -0 47.5
    endloop
endfacet
facet normal -0 1 0
    outer loop
        vertex 43 -0 7.5
        vertex 68 -0 7.5
        vertex 43.5 -0 0
    endloop
endfacet
facet normal -0 1 0
    outer loop
        vertex 43.5 -0 95
        vertex 77 -0 95
        vertex 68 -0 87.5
    endloop
endfacet
facet normal 0 1 0
    outer loop
        vertex 18 -0 87.5
        vertex 10 -0 47.5
        vertex 10 -0 95
    endloop
endfacet
facet normal 0 1 0
    outer loop
        vertex 18 -0 7.5
        vertex 10 -0 0
        vertex 10 -0 23.75
    endloop
endfacet
facet normal -0 1 0
    outer loop
        vertex 18 -0 7.5
        vertex 43 -0 7.5
        vertex 43.5 -0 0
    endloop
endfacet
facet normal 0 1 0
    outer loop
        vertex 18 -0 87.5
        vertex 43.5 -0 95
        vertex 43 -0 87.5
    endloop
endfacet
facet normal -0 1 0
    outer loop
        vertex 68 -0 7.5
        vertex 68 -0 87.5
        vertex 77 -0 0
    endloop
endfacet
facet normal -0 1 0
    outer loop
        vertex 68 -0 87.5
        vertex 77 -0 95
        vertex 77 -0 0
    endloop
endfacet
facet normal 0 1 -0
    outer loop
        vertex 18 -0 27.5
        vertex 10 -0 47.5
        vertex 18 -0 47.5
    endloop
endfacet
facet normal 0 1 0
    outer loop
        vertex 18 -0 7.5
        vertex 43.5 -0 0
        vertex 10 -0 0
    endloop
endfacet
facet normal 0 1 -0
    outer loop
        vertex 18 -0 47.5
        vertex 10 -0 47.5
        vertex 18 -0 87.5
    endloop
endfacet
facet normal 0 1 -0
    outer loop
        vertex 18 -0 87.5
        vertex 10 -0 95
        vertex 43.5 -0 95
    endloop
endfacet
facet normal 0 1 0
    outer loop
        vertex 77 -0 0
        vertex 43.5 -0 0
        vertex 68 -0 7.5
    endloop
endfacet
facet normal 0 -1 0
    outer loop
        vertex 28 -8 93
        vertex 26 -8 95
        vertex 13 -8 93
    endloop
endfacet
facet normal 0 -1 0
    outer loop
        vertex 28 -8 93
        vertex 43 -8 95
        vertex 26 -8 95
    endloop
endfacet
facet normal 0 -1 0
    outer loop
        vertex 60 -8 95
        vertex 73 -8 93
        vertex 77 -8 95
    endloop
endfacet
facet normal 0 -1 0
    outer loop
        vertex 43 -8 95
        vertex 43 -8 93
        vertex 58 -8 93
    endloop
endfacet
facet normal 0 -1 0
    outer loop
        vertex 73 -8 0
        vertex 77 -8 0
        vertex 73 -8 93
    endloop
endfacet
facet normal 0 -1 0
    outer loop
        vertex 73 -8 93
        vertex 77 -8 0
        vertex 77 -8 95
    endloop
endfacet
facet normal 0 -1 0
    outer loop
        vertex 58 -8 93
        vertex 60 -8 95
        vertex 43 -8 95
    endloop
endfacet
facet normal 0 -1 0
    outer loop
        vertex 73 -8 93
        vertex 60 -8 95
        vertex 58 -8 93
    endloop
endfacet
facet normal -0 -1 0
    outer loop
        vertex 13 -8 93
        vertex 9 -8 95
        vertex 9 -8 71.25
    endloop
endfacet
facet normal 0 -1 0
    outer loop
        vertex 9 -8 0
        vertex 13 -8 0
        vertex 13 -8 93
    endloop
endfacet
facet normal 0 -1 0
    outer loop
        vertex 43 -8 93
        vertex 43 -8 95
        vertex 28 -8 93
    endloop
endfacet
facet normal 0 -1 0
    outer loop
        vertex 13 -8 93
        vertex 26 -8 95
        vertex 9 -8 95
    endloop
endfacet
facet normal 0 -1 0
    outer loop
        vertex 13 -8 93
        vertex 9 -8 47.5
        vertex 9 -8 23.75
    endloop
endfacet
facet normal 0 -1 0
    outer loop
        vertex 13 -8 93
        vertex 9 -8 23.75
        vertex 9 -8 0
    endloop
endfacet
facet normal 0 -1 0
    outer loop
        vertex 13 -8 93
        vertex 9 -8 71.25
        vertex 9 -8 47.5
    endloop
endfacet
facet normal 1 -0 0
    outer loop
        vertex 11 -6.5 93
        vertex 11 -6.5 0
        vertex 11 -3 93
    endloop
endfacet
facet normal 1 0 0
    outer loop
        vertex 11 -6.5 0
        vertex 11 -3 0
        vertex 11 -3 93
    endloop
endfacet
facet normal 0 1 -0
    outer loop
        vertex 13 -6.5 0
        vertex 11 -6.5 0
        vertex 13 -6.5 93
    endloop
endfacet
facet normal 0 1 0
    outer loop
        vertex 11 -6.5 0
        vertex 11 -6.5 93
        vertex 13 -6.5 93
    endloop
endfacet
facet normal 0 0 -1
    outer loop
        vertex 27 -3 93
        vertex 43 -3 93
        vertex 28 -8 93
    endloop
endfacet
facet normal -0 0 -1
    outer loop
        vertex 59 -3 93
        vertex 58 -8 93
        vertex 43 -3 93
    endloop
endfacet
facet normal 0 0 -1
    outer loop
        vertex 43 -3 93
        vertex 58 -8 93
        vertex 43 -8 93
    endloop
endfacet
facet normal 0 0 -1
    outer loop
        vertex 73 -8 93
        vertex 58 -8 93
        vertex 73 -6.5 93
    endloop
endfacet
facet normal -0 0 -1
    outer loop
        vertex 75 -3 93
        vertex 73 -6.5 93
        vertex 59 -3 93
    endloop
endfacet
facet normal 0 0 -1
    outer loop
        vertex 13 -8 93
        vertex 13 -6.5 93
        vertex 28 -8 93
    endloop
endfacet
facet normal 0 0 -1
    outer loop
        vertex 13 -6.5 93
        vertex 27 -3 93
        vertex 28 -8 93
    endloop
endfacet
facet normal 0 0 -1
    outer loop
        vertex 11 -6.5 93
        vertex 11 -3 93
        vertex 13 -6.5 93
    endloop
endfacet
facet normal 0 -0 -1
    outer loop
        vertex 75 -3 93
        vertex 75 -6.5 93
        vertex 73 -6.5 93
    endloop
endfacet
facet normal 0 0 -1
    outer loop
        vertex 28 -8 93
        vertex 43 -3 93
        vertex 43 -8 93
    endloop
endfacet
facet normal 0 0 -1
    outer loop
        vertex 11 -3 93
        vertex 27 -3 93
        vertex 13 -6.5 93
    endloop
endfacet
facet normal 0 0 -1
    outer loop
        vertex 58 -8 93
        vertex 59 -3 93
        vertex 73 -6.5 93
    endloop
endfacet
facet normal 1 0 0
    outer loop
        vertex 13 -8 0
        vertex 13 -6.5 0
        vertex 13 -8 93
    endloop
endfacet
facet normal 1 0 -0
    outer loop
        vertex 13 -6.5 0
        vertex 13 -6.5 93
        vertex 13 -8 93
    endloop
endfacet
facet normal -0 -1 -0
    outer loop
        vertex 43 -3 7.5
        vertex 18 -3 7.5
        vertex 43 -3 0
    endloop
endfacet
facet normal -0 -1 -0
    outer loop
        vertex 18 -3 27.5
        vertex 11 -3 93
        vertex 18 -3 7.5
    endloop
endfacet
facet normal 0 -1 0
    outer loop
        vertex 43 -3 7.5
        vertex 43 -3 0
        vertex 68 -3 7.5
    endloop
endfacet
facet normal 0 -1 -0
    outer loop
        vertex 18 -3 7.5
        vertex 11 -3 0
        vertex 43 -3 0
    endloop
endfacet
facet normal 0 -1 -0
    outer loop
        vertex 68 -3 7.5
        vertex 43 -3 0
        vertex 75 -3 0
    endloop
endfacet
facet normal 0 -1 0
    outer loop
        vertex 43 -3 87.5
        vertex 68 -3 87.5
        vertex 59 -3 93
    endloop
endfacet
facet normal 0 -1 0
    outer loop
        vertex 68 -3 87.5
        vertex 68 -3 7.5
        vertex 75 -3 93
    endloop
endfacet
facet normal 0 -1 0
    outer loop
        vertex 43 -3 87.5
        vertex 59 -3 93
        vertex 43 -3 93
    endloop
endfacet
facet normal -0 -1 0
    outer loop
        vertex 18 -3 7.5
        vertex 11 -3 93
        vertex 11 -3 0
    endloop
endfacet
facet normal 0 -1 0
    outer loop
        vertex 43 -3 87.5
        vertex 27 -3 93
        vertex 18 -3 87.5
    endloop
endfacet
facet normal 0 -1 0
    outer loop
        vertex 43 -3 87.5
        vertex 43 -3 93
        vertex 27 -3 93
    endloop
endfacet
facet normal 0 -1 0
    outer loop
        vertex 75 -3 0
        vertex 75 -3 93
        vertex 68 -3 7.5
    endloop
endfacet
facet normal 0 -1 0
    outer loop
        vertex 18 -3 87.5
        vertex 27 -3 93
        vertex 11 -3 93
    endloop
endfacet
facet normal -0 -1 0
    outer loop
        vertex 75 -3 93
        vertex 59 -3 93
        vertex 68 -3 87.5
    endloop
endfacet
facet normal -0 -1 -0
    outer loop
        vertex 18 -3 87.5
        vertex 11 -3 93
        vertex 18 -3 47.5
    endloop
endfacet
facet normal -0 -1 -0
    outer loop
        vertex 18 -3 47.5
        vertex 11 -3 93
        vertex 18 -3 27.5
    endloop
endfacet
facet normal 0 1 0
    outer loop
        vertex 73 -6.5 0
        vertex 73 -6.5 93
        vertex 75 -6.5 0
    endloop
endfacet
facet normal -0 1 0
    outer loop
        vertex 73 -6.5 93
        vertex 75 -6.5 93
        vertex 75 -6.5 0
    endloop
endfacet
facet normal -1 0 0
    outer loop
        vertex 73 -6.5 0
        vertex 73 -8 0
        vertex 73 -6.5 93
    endloop
endfacet
facet normal -1 0 0
    outer loop
        vertex 73 -8 0
        vertex 73 -8 93
        vertex 73 -6.5 93
    endloop
endfacet
facet normal -1 0 0
    outer loop
        vertex 75 -6.5 0
        vertex 75 -6.5 93
        vertex 75 -3 0
    endloop
endfacet
facet normal -1 0 0
    outer loop
        vertex 75 -6.5 93
        vertex 75 -3 93
        vertex 75 -3 0
    endloop
endfacet
facet normal 0 0 1
    outer loop
        vertex 18 -0 7.5
        vertex 18 -3 7.5
        vertex 43 -3 7.5
    endloop
endfacet
facet normal 0 -0 1
    outer loop
        vertex 43 -3 7.5
        vertex 43 -0 7.5
        vertex 18 -0 7.5
    endloop
endfacet
facet normal 0 0 1
    outer loop
        vertex 68 -0 7.5
        vertex 43 -3 7.5
        vertex 68 -3 7.5
    endloop
endfacet
facet normal 0 0 1
    outer loop
        vertex 43 -3 7.5
        vertex 68 -0 7.5
        vertex 43 -0 7.5
    endloop
endfacet
facet normal 1 0 0
    outer loop
        vertex 18 -3 27.5
        vertex 18 -0 27.5
        vertex 18 -3 47.5
    endloop
endfacet
facet normal 1 0 0
    outer loop
        vertex 18 -0 27.5
        vertex 18 -3 7.5
        vertex 18 -0 7.5
    endloop
endfacet
facet normal 1 0 0
    outer loop
        vertex 18 -0 87.5
        vertex 18 -3 87.5
        vertex 18 -0 47.5
    endloop
endfacet
facet normal 1 0 0
    outer loop
        vertex 18 -3 7.5
        vertex 18 -0 27.5
        vertex 18 -3 27.5
    endloop
endfacet
facet normal 1 0 0
    outer loop
        vertex 18 -0 47.5
        vertex 18 -3 87.5
        vertex 18 -3 47.5
    endloop
endfacet
facet normal 1 0 0
    outer loop
        vertex 18 -0 47.5
        vertex 18 -3 47.5
        vertex 18 -0 27.5
    endloop
endfacet
facet normal 0 -0 -1
    outer loop
        vertex 68 -0 87.5
        vertex 68 -3 87.5
        vertex 43 -3 87.5
    endloop
endfacet
facet normal 0 0 -1
    outer loop
        vertex 43 -3 87.5
        vertex 43 -0 87.5
        vertex 68 -0 87.5
    endloop
endfacet
facet normal 0 0 -1
    outer loop
        vertex 18 -0 87.5
        vertex 43 -3 87.5
        vertex 18 -3 87.5
    endloop
endfacet
facet normal 0 0 -1
    outer loop
        vertex 43 -3 87.5
        vertex 18 -0 87.5
        vertex 43 -0 87.5
    endloop
endfacet
facet normal -1 0 0
    outer loop
        vertex 68 -0 7.5
        vertex 68 -3 7.5
        vertex 68 -0 87.5
    endloop
endfacet
facet normal -1 0 0
    outer loop
        vertex 68 -3 7.5
        vertex 68 -3 87.5
        vertex 68 -0 87.5
    endloop
endfacet
facet normal -1 0 0
    outer loop
        vertex 9 -8 71.25
        vertex 9 -4.3588996 71.25
        vertex 9 -8 47.5
    endloop
endfacet
facet normal -1 0 0
    outer loop
        vertex 9 -8 23.75
        vertex 9 -8 47.5
        vertex 9 -4.3588996 23.75
    endloop
endfacet
facet normal -1 0 0
    outer loop
        vertex 9 -8 47.5
        vertex 9 -4.3588996 47.5
        vertex 9 -4.3588996 23.75
    endloop
endfacet
facet normal -1 0 -0
    outer loop
        vertex 9 -4.3588996 11.875
        vertex 9 -4.3588996 0
        vertex 9 -8 0
    endloop
endfacet
facet normal -1 0 0
    outer loop
        vertex 9 -8 0
        vertex 9 -8 23.75
        vertex 9 -4.3588996 11.875
    endloop
endfacet
facet normal -1 0 0
    outer loop
        vertex 9 -4.3588996 11.875
        vertex 9 -8 23.75
        vertex 9 -4.3588996 23.75
    endloop
endfacet
facet normal -1 -0 -0
    outer loop
        vertex 9 -4.3588996 95
        vertex 9 -4.3588996 83.125
        vertex 9 -8 95
    endloop
endfacet
facet normal -1 0 0
    outer loop
        vertex 9 -4.3588996 47.5
        vertex 9 -8 47.5
        vertex 9 -4.3588996 71.25
    endloop
endfacet
facet normal -1 -0 0
    outer loop
        vertex 9 -4.3588996 83.125
        vertex 9 -8 71.25
        vertex 9 -8 95
    endloop
endfacet
facet normal -1 0 -0
    outer loop
        vertex 9 -4.3588996 83.125
        vertex 9 -4.3588996 71.25
        vertex 9 -8 71.25
    endloop
endfacet
facet normal 0 1 -0
    outer loop
        vertex 8 77 0
        vertex 0 77 0
        vertex 8 77 95
    endloop
endfacet
facet normal 0 1 0
    outer loop
        vertex 8 77 95
        vertex 0 77 0
        vertex 0 77 95
    endloop
endfacet
facet normal 0 0 1
    outer loop
        vertex 8 77 95
        vertex 0 77 95
        vertex 1.1251794 9.936497 95
    endloop
endfacet
facet normal -0 0 1
    outer loop
        vertex 2.2360685 9.746795 95
        vertex 8 9 95
        vertex 8 26 95
    endloop
endfacet
facet normal 0 0 1
    outer loop
        vertex 3.318558 9.433301 95
        vertex 4.3588996 9 95
        vertex 8 9 95
    endloop
endfacet
facet normal 0 0 0.99999994
    outer loop
        vertex 2.2360685 9.746795 95
        vertex 3.318558 9.433301 95
        vertex 8 9 95
    endloop
endfacet
facet normal -0 0 1
    outer loop
        vertex 1.1251794 9.936497 95
        vertex 2.2360685 9.746795 95
        vertex 8 77 95
    endloop
endfacet
facet normal 0 0 1
    outer loop
        vertex 0 77 95
        vertex 0 43.5 95
        vertex 1.1251794 9.936497 95
    endloop
endfacet
facet normal 0 0 1
    outer loop
        vertex 0 43.5 95
        vertex 0 10 95
        vertex 1.1251794 9.936497 95
    endloop
endfacet
facet normal 0 0 0.99999994
    outer loop
        vertex 2.2360685 9.746795 95
        vertex 8 43 95
        vertex 8 60 95
    endloop
endfacet
facet normal 0 0 1
    outer loop
        vertex 2.2360685 9.746795 95
        vertex 8 60 95
        vertex 8 77 95
    endloop
endfacet
facet normal 0 0 1
    outer loop
        vertex 2.2360685 9.746795 95
        vertex 8 26 95
        vertex 8 43 95
    endloop
endfacet
facet normal -0 0 -1
    outer loop
        vertex 3 43 0
        vertex 0 10 0
        vertex 0 43.5 0
    endloop
endfacet
facet normal 0 0 -0.99999994
    outer loop
        vertex 1.1251794 9.936497 0
        vertex 3 11 0
        vertex 2.2360685 9.746795 0
    endloop
endfacet
facet normal 0 0 -1
    outer loop
        vertex 1.1251794 9.936497 0
        vertex 0 10 0
        vertex 3 11 0
    endloop
endfacet
facet normal 0 0 -0.99999994
    outer loop
        vertex 2.2360685 9.746795 0
        vertex 3 11 0
        vertex 3.318558 9.433301 0
    endloop
endfacet
facet normal 0 0 -1
    outer loop
        vertex 3.318558 9.433301 0
        vertex 3 11 0
        vertex 4.3588996 9 0
    endloop
endfacet
facet normal 0 0 -1
    outer loop
        vertex 8 9 0
        vertex 6.5 11 0
        vertex 8 13 0
    endloop
endfacet
facet normal 0 -0 -1
    outer loop
        vertex 3 43 0
        vertex 3 11 0
        vertex 0 10 0
    endloop
endfacet
facet normal 0 -0 -1
    outer loop
        vertex 6.5 11 0
        vertex 8 9 0
        vertex 4.3588996 9 0
    endloop
endfacet
facet normal 0 0 -1
    outer loop
        vertex 6.5 11 0
        vertex 6.5 13 0
        vertex 8 13 0
    endloop
endfacet
facet normal -0 -0 -1
    outer loop
        vertex 3 75 0
        vertex 3 43 0
        vertex 0 77 0
    endloop
endfacet
facet normal 0 0 -1
    outer loop
        vertex 6.5 75 0
        vertex 3 75 0
        vertex 8 77 0
    endloop
endfacet
facet normal -0 0 -1
    outer loop
        vertex 8 77 0
        vertex 3 75 0
        vertex 0 77 0
    endloop
endfacet
facet normal 0 -0 -1
    outer loop
        vertex 8 77 0
        vertex 8 73 0
        vertex 6.5 75 0
    endloop
endfacet
facet normal 0 0 -1
    outer loop
        vertex 3 11 0
        vertex 6.5 11 0
        vertex 4.3588996 9 0
    endloop
endfacet
facet normal 0 0 -1
    outer loop
        vertex 8 73 0
        vertex 6.5 73 0
        vertex 6.5 75 0
    endloop
endfacet
facet normal 0 0 -1
    outer loop
        vertex 3 43 0
        vertex 0 43.5 0
        vertex 0 77 0
    endloop
endfacet
facet normal -1 0 0
    outer loop
        vertex 0 43 87.5
        vertex 0 43.5 95
        vertex 0 68 87.5
    endloop
endfacet
facet normal -1 0 0
    outer loop
        vertex 0 18 27.5
        vertex 0 10 11.875
        vertex 0 10 23.75
    endloop
endfacet
facet normal -1 -0 0
    outer loop
        vertex 0 18 47.5
        vertex 0 10 35.625
        vertex 0 10 47.5
    endloop
endfacet
facet normal -1 0 0
    outer loop
        vertex 0 43 7.5
        vertex 0 68 7.5
        vertex 0 43.5 0
    endloop
endfacet
facet normal -1 0 0
    outer loop
        vertex 0 43.5 95
        vertex 0 77 95
        vertex 0 68 87.5
    endloop
endfacet
facet normal -1 -0 0
    outer loop
        vertex 0 18 87.5
        vertex 0 10 83.125
        vertex 0 10 95
    endloop
endfacet
facet normal -1 0 -0
    outer loop
        vertex 0 18 87.5
        vertex 0 18 67.5
        vertex 0 10 83.125
    endloop
endfacet
facet normal -1 0 -0
    outer loop
        vertex 0 18 7.5
        vertex 0 43.5 0
        vertex 0 10 0
    endloop
endfacet
facet normal -1 -0 0
    outer loop
        vertex 0 18 7.5
        vertex 0 10 0
        vertex 0 10 11.875
    endloop
endfacet
facet normal -1 0 0
    outer loop
        vertex 0 18 87.5
        vertex 0 43.5 95
        vertex 0 43 87.5
    endloop
endfacet
facet normal -1 0 0
    outer loop
        vertex 0 68 7.5
        vertex 0 68 87.5
        vertex 0 77 0
    endloop
endfacet
facet normal -1 0 0
    outer loop
        vertex 0 68 87.5
        vertex 0 77 95
        vertex 0 77 0
    endloop
endfacet
facet normal -1 0 0
    outer loop
        vertex 0 10 23.75
        vertex 0 10 35.625
        vertex 0 18 27.5
    endloop
endfacet
facet normal -1 0 0
    outer loop
        vertex 0 18 27.5
        vertex 0 10 35.625
        vertex 0 18 47.5
    endloop
endfacet
facet normal -1 0 -0
    outer loop
        vertex 0 18 27.5
        vertex 0 18 7.5
        vertex 0 10 11.875
    endloop
endfacet
facet normal -1 0 0
    outer loop
        vertex 0 43.5 0
        vertex 0 18 7.5
        vertex 0 43 7.5
    endloop
endfacet
facet normal -1 0 0
    outer loop
        vertex 0 10 59.375
        vertex 0 18 47.5
        vertex 0 10 47.5
    endloop
endfacet
facet normal -1 -0 0
    outer loop
        vertex 0 18 67.5
        vertex 0 10 59.375
        vertex 0 10 71.25
    endloop
endfacet
facet normal -1 0 0
    outer loop
        vertex 0 18 47.5
        vertex 0 10 59.375
        vertex 0 18 67.5
    endloop
endfacet
facet normal -1 0 0
    outer loop
        vertex 0 18 67.5
        vertex 0 10 71.25
        vertex 0 10 83.125
    endloop
endfacet
facet normal -1 0 0
    outer loop
        vertex 0 18 87.5
        vertex 0 10 95
        vertex 0 43.5 95
    endloop
endfacet
facet normal -1 0 0
    outer loop
        vertex 0 77 0
        vertex 0 43.5 0
        vertex 0 68 7.5
    endloop
endfacet
facet normal 1 0 0
    outer loop
        vertex 8 28 93
        vertex 8 26 95
        vertex 8 13 93
    endloop
endfacet
facet normal 1 0 -0
    outer loop
        vertex 8 28 93
        vertex 8 43 95
        vertex 8 26 95
    endloop
endfacet
facet normal 1 -0 0
    outer loop
        vertex 8 60 95
        vertex 8 73 93
        vertex 8 77 95
    endloop
endfacet
facet normal 1 0 0
    outer loop
        vertex 8 43 95
        vertex 8 43 93
        vertex 8 58 93
    endloop
endfacet
facet normal 1 0 0
    outer loop
        vertex 8 73 0
        vertex 8 77 0
        vertex 8 73 93
    endloop
endfacet
facet normal 1 -0 0
    outer loop
        vertex 8 73 93
        vertex 8 77 0
        vertex 8 77 95
    endloop
endfacet
facet normal 1 0 -0
    outer loop
        vertex 8 58 93
        vertex 8 60 95
        vertex 8 43 95
    endloop
endfacet
facet normal 1 0 0
    outer loop
        vertex 8 73 93
        vertex 8 60 95
        vertex 8 58 93
    endloop
endfacet
facet normal 1 0 0
    outer loop
        vertex 8 13 93
        vertex 8 9 95
        vertex 8 9 71.25
    endloop
endfacet
facet normal 1 0 0
    outer loop
        vertex 8 9 0
        vertex 8 13 0
        vertex 8 13 93
    endloop
endfacet
facet normal 1 0 -0
    outer loop
        vertex 8 43 93
        vertex 8 43 95
        vertex 8 28 93
    endloop
endfacet
facet normal 1 0 -0
    outer loop
        vertex 8 13 93
        vertex 8 26 95
        vertex 8 9 95
    endloop
endfacet
facet normal 1 0 0
    outer loop
        vertex 8 13 93
        vertex 8 9 47.5
        vertex 8 9 23.75
    endloop
endfacet
facet normal 1 0 0
    outer loop
        vertex 8 13 93
        vertex 8 9 23.75
        vertex 8 9 0
    endloop
endfacet
facet normal 1 0 0
    outer loop
        vertex 8 13 93
        vertex 8 9 71.25
        vertex 8 9 47.5
    endloop
endfacet
facet normal 0 1 0
    outer loop
        vertex 6.5 11 93
        vertex 6.5 11 0
        vertex 3 11 93
    endloop
endfacet
facet normal 0 1 0
    outer loop
        vertex 6.5 11 0
        vertex 3 11 0
        vertex 3 11 93
    endloop
endfacet
facet normal -1 0 0
    outer loop
        vertex 6.5 13 0
        vertex 6.5 11 0
        vertex 6.5 13 93
    endloop
endfacet
facet normal -1 0 0
    outer loop
        vertex 6.5 11 0
        vertex 6.5 11 93
        vertex 6.5 13 93
    endloop
endfacet
facet normal 0 0 -1
    outer loop
        vertex 3 27 93
        vertex 3 43 93
        vertex 8 28 93
    endloop
endfacet
facet normal 0 0 -1
    outer loop
        vertex 3 59 93
        vertex 8 58 93
        vertex 3 43 93
    endloop
endfacet
facet normal 0 0 -1
    outer loop
        vertex 3 43 93
        vertex 8 58 93
        vertex 8 43 93
    endloop
endfacet
facet normal -0 -0 -1
    outer loop
        vertex 8 73 93
        vertex 8 58 93
        vertex 6.5 73 93
    endloop
endfacet
facet normal 0 0 -1
    outer loop
        vertex 3 75 93
        vertex 6.5 73 93
        vertex 3 59 93
    endloop
endfacet
facet normal 0 0 -1
    outer loop
        vertex 8 13 93
        vertex 6.5 13 93
        vertex 8 28 93
    endloop
endfacet
facet normal 0 0 -1
    outer loop
        vertex 6.5 13 93
        vertex 3 27 93
        vertex 8 28 93
    endloop
endfacet
facet normal 0 0 -1
    outer loop
        vertex 6.5 11 93
        vertex 3 11 93
        vertex 6.5 13 93
    endloop
endfacet
facet normal 0 0 -1
    outer loop
        vertex 3 75 93
        vertex 6.5 75 93
        vertex 6.5 73 93
    endloop
endfacet
facet normal 0 0 -1
    outer loop
        vertex 8 28 93
        vertex 3 43 93
        vertex 8 43 93
    endloop
endfacet
facet normal 0 0 -1
    outer loop
        vertex 3 59 93
        vertex 6.5 73 93
        vertex 8 58 93
    endloop
endfacet
facet normal 0 0 -1
    outer loop
        vertex 3 11 93
        vertex 3 27 93
        vertex 6.5 13 93
    endloop
endfacet
facet normal 0 1 -0
    outer loop
        vertex 8 13 0
        vertex 6.5 13 0
        vertex 8 13 93
    endloop
endfacet
facet normal 0 1 0
    outer loop
        vertex 6.5 13 0
        vertex 6.5 13 93
        vertex 8 13 93
    endloop
endfacet
facet normal 1 0 0
    outer loop
        vertex 3 43 7.5
        vertex 3 18 7.5
        vertex 3 43 0
    endloop
endfacet
facet normal 1 0 0
    outer loop
        vertex 3 18 27.5
        vertex 3 11 93
        vertex 3 18 7.5
    endloop
endfacet
facet normal 1 -0 0
    outer loop
        vertex 3 43 7.5
        vertex 3 43 0
        vertex 3 68 7.5
    endloop
endfacet
facet normal 1 0 0
    outer loop
        vertex 3 18 7.5
        vertex 3 11 0
        vertex 3 43 0
    endloop
endfacet
facet normal 1 0 0
    outer loop
        vertex 3 68 7.5
        vertex 3 43 0
        vertex 3 75 0
    endloop
endfacet
facet normal 1 0 0
    outer loop
        vertex 3 43 87.5
        vertex 3 68 87.5
        vertex 3 59 93
    endloop
endfacet
facet normal 1 -0 0
    outer loop
        vertex 3 68 87.5
        vertex 3 68 7.5
        vertex 3 75 93
    endloop
endfacet
facet normal 1 0 0
    outer loop
        vertex 3 43 87.5
        vertex 3 59 93
        vertex 3 43 93
    endloop
endfacet
facet normal 1 0 0
    outer loop
        vertex 3 18 7.5
        vertex 3 11 93
        vertex 3 11 0
    endloop
endfacet
facet normal 1 0 0
    outer loop
        vertex 3 43 87.5
        vertex 3 27 93
        vertex 3 18 87.5
    endloop
endfacet
facet normal 1 0 -0
    outer loop
        vertex 3 43 87.5
        vertex 3 43 93
        vertex 3 27 93
    endloop
endfacet
facet normal 1 0 -0
    outer loop
        vertex 3 75 0
        vertex 3 75 93
        vertex 3 68 7.5
    endloop
endfacet
facet normal 1 0 -0
    outer loop
        vertex 3 18 87.5
        vertex 3 27 93
        vertex 3 11 93
    endloop
endfacet
facet normal 1 -0 0
    outer loop
        vertex 3 59 93
        vertex 3 68 87.5
        vertex 3 75 93
    endloop
endfacet
facet normal 1 0 0
    outer loop
        vertex 3 18 67.5
        vertex 3 11 93
        vertex 3 18 47.5
    endloop
endfacet
facet normal 1 0 0
    outer loop
        vertex 3 18 47.5
        vertex 3 11 93
        vertex 3 18 27.5
    endloop
endfacet
facet normal 1 0 0
    outer loop
        vertex 3 18 87.5
        vertex 3 11 93
        vertex 3 18 67.5
    endloop
endfacet
facet normal -1 0 0
    outer loop
        vertex 6.5 73 0
        vertex 6.5 73 93
        vertex 6.5 75 0
    endloop
endfacet
facet normal -1 0 0
    outer loop
        vertex 6.5 73 93
        vertex 6.5 75 93
        vertex 6.5 75 0
    endloop
endfacet
facet normal 0 -1 0
    outer loop
        vertex 6.5 73 0
        vertex 8 73 0
        vertex 6.5 73 93
    endloop
endfacet
facet normal 0 -1 0
    outer loop
        vertex 8 73 0
        vertex 8 73 93
        vertex 6.5 73 93
    endloop
endfacet
facet normal 0 -1 0
    outer loop
        vertex 6.5 75 0
        vertex 6.5 75 93
        vertex 3 75 0
    endloop
endfacet
facet normal -0 -1 0
    outer loop
        vertex 6.5 75 93
        vertex 3 75 93
        vertex 3 75 0
    endloop
endfacet
facet normal 0 0 1
    outer loop
        vertex 0 18 7.5
        vertex 3 18 7.5
        vertex 3 43 7.5
    endloop
endfacet
facet normal 0 0 1
    outer loop
        vertex 3 43 7.5
        vertex 0 43 7.5
        vertex 0 18 7.5
    endloop
endfacet
facet normal 0 0 1
    outer loop
        vertex 0 68 7.5
        vertex 0 43 7.5
        vertex 3 43 7.5
    endloop
endfacet
facet normal 0 0 1
    outer loop
        vertex 3 68 7.5
        vertex 0 68 7.5
        vertex 3 43 7.5
    endloop
endfacet
facet normal 0 1 0
    outer loop
        vertex 3 18 67.5
        vertex 3 18 47.5
        vertex 0 18 67.5
    endloop
endfacet
facet normal 0 1 -0
    outer loop
        vertex 3 18 27.5
        vertex 0 18 27.5
        vertex 3 18 47.5
    endloop
endfacet
facet normal 0 1 0
    outer loop
        vertex 0 18 27.5
        vertex 3 18 7.5
        vertex 0 18 7.5
    endloop
endfacet
facet normal 0 1 -0
    outer loop
        vertex 3 18 7.5
        vertex 0 18 27.5
        vertex 3 18 27.5
    endloop
endfacet
facet normal -0 1 0
    outer loop
        vertex 0 18 87.5
        vertex 3 18 87.5
        vertex 0 18 67.5
    endloop
endfacet
facet normal 0 1 0
    outer loop
        vertex 0 18 27.5
        vertex 0 18 47.5
        vertex 3 18 47.5
    endloop
endfacet
facet normal 0 1 0
    outer loop
        vertex 0 18 67.5
        vertex 3 18 87.5
        vertex 3 18 67.5
    endloop
endfacet
facet normal 0 1 0
    outer loop
        vertex 0 18 67.5
        vertex 3 18 47.5
        vertex 0 18 47.5
    endloop
endfacet
facet normal 0 0 -1
    outer loop
        vertex 0 68 87.5
        vertex 3 68 87.5
        vertex 3 43 87.5
    endloop
endfacet
facet normal 0 0 -1
    outer loop
        vertex 3 43 87.5
        vertex 0 43 87.5
        vertex 0 68 87.5
    endloop
endfacet
facet normal 0 0 -1
    outer loop
        vertex 0 18 87.5
        vertex 0 43 87.5
        vertex 3 43 87.5
    endloop
endfacet
facet normal 0 0 -1
    outer loop
        vertex 3 18 87.5
        vertex 0 18 87.5
        vertex 3 43 87.5
    endloop
endfacet
facet normal 0 -1 0
    outer loop
        vertex 0 68 7.5
        vertex 3 68 7.5
        vertex 0 68 87.5
    endloop
endfacet
facet normal 0 -1 0
    outer loop
        vertex 3 68 7.5
        vertex 3 68 87.5
        vertex 0 68 87.5
    endloop
endfacet
facet normal -0 -1 0
    outer loop
        vertex 8 9 71.25
        vertex 4.3588996 9 71.25
        vertex 4.3588996 9 59.375
    endloop
endfacet
facet normal 0 -1 0
    outer loop
        vertex 8 9 23.75
        vertex 8 9 47.5
        vertex 4.3588996 9 35.625
    endloop
endfacet
facet normal -0 -1 0
    outer loop
        vertex 8 9 47.5
        vertex 4.3588996 9 47.5
        vertex 4.3588996 9 35.625
    endloop
endfacet
facet normal 0 -1 0
    outer loop
        vertex 4.3588996 9 11.875
        vertex 4.3588996 9 0
        vertex 8 9 0
    endloop
endfacet
facet normal 0 -1 0
    outer loop
        vertex 8 9 0
        vertex 8 9 23.75
        vertex 4.3588996 9 11.875
    endloop
endfacet
facet normal 0 -1 0
    outer loop
        vertex 4.3588996 9 11.875
        vertex 8 9 23.75
        vertex 4.3588996 9 23.75
    endloop
endfacet
facet normal 0 -1 0
    outer loop
        vertex 4.3588996 9 23.75
        vertex 8 9 23.75
        vertex 4.3588996 9 35.625
    endloop
endfacet
facet normal 0 -1 0
    outer loop
        vertex 4.3588996 9 47.5
        vertex 8 9 47.5
        vertex 4.3588996 9 59.375
    endloop
endfacet
facet normal 0 -1 0
    outer loop
        vertex 4.3588996 9 95
        vertex 4.3588996 9 83.125
        vertex 8 9 95
    endloop
endfacet
facet normal 0 -1 0
    outer loop
        vertex 4.3588996 9 59.375
        vertex 8 9 47.5
        vertex 8 9 71.25
    endloop
endfacet
facet normal 0 -1 0
    outer loop
        vertex 4.3588996 9 83.125
        vertex 8 9 71.25
        vertex 8 9 95
    endloop
endfacet
facet normal 0 -1 0
    outer loop
        vertex 4.3588996 9 83.125
        vertex 4.3588996 9 71.25
        vertex 8 9 71.25
    endloop
endfacet
facet normal -1 0 0
    outer loop
        vertex -77 8 0
        vertex -77 -0 0
        vertex -77 8 95
    endloop
endfacet
facet normal -1 -0 0
    outer loop
        vertex -77 8 95
        vertex -77 -0 0
        vertex -77 -0 95
    endloop
endfacet
facet normal 0 0 1
    outer loop
        vertex -77 8 95
        vertex -77 -0 95
        vertex -9.936497 1.1251794 95
    endloop
endfacet
facet normal 0 -0 1
    outer loop
        vertex -9.746795 2.2360685 95
        vertex -9 8 95
        vertex -26 8 95
    endloop
endfacet
facet normal 0 0 1
    outer loop
        vertex -9.433301 3.318558 95
        vertex -9 4.3588996 95
        vertex -9 8 95
    endloop
endfacet
facet normal 0 0 0.99999994
    outer loop
        vertex -9.746795 2.2360685 95
        vertex -9.433301 3.318558 95
        vertex -9 8 95
    endloop
endfacet
facet normal 0 -0 1
    outer loop
        vertex -9.936497 1.1251794 95
        vertex -9.746795 2.2360685 95
        vertex -77 8 95
    endloop
endfacet
facet normal 0 -0 1
    outer loop
        vertex -43.5 -0 95
        vertex -9.936497 1.1251794 95
        vertex -77 -0 95
    endloop
endfacet
facet normal 0 -0 1
    outer loop
        vertex -10 -0 95
        vertex -9.936497 1.1251794 95
        vertex -43.5 -0 95
    endloop
endfacet
facet normal 0 0 0.99999994
    outer loop
        vertex -9.746795 2.2360685 95
        vertex -43 8 95
        vertex -60 8 95
    endloop
endfacet
facet normal 0 0 1
    outer loop
        vertex -9.746795 2.2360685 95
        vertex -60 8 95
        vertex -77 8 95
    endloop
endfacet
facet normal 0 0 1
    outer loop
        vertex -9.746795 2.2360685 95
        vertex -26 8 95
        vertex -43 8 95
    endloop
endfacet
facet normal 0 -0 -1
    outer loop
        vertex -43 3 0
        vertex -10 -0 0
        vertex -43.5 -0 0
    endloop
endfacet
facet normal 0 0 -0.99999994
    outer loop
        vertex -9.936497 1.1251794 0
        vertex -11 3 0
        vertex -9.746795 2.2360685 0
    endloop
endfacet
facet normal -0 0 -1
    outer loop
        vertex -9.936497 1.1251794 0
        vertex -10 -0 0
        vertex -11 3 0
    endloop
endfacet
facet normal 0 0 -0.99999994
    outer loop
        vertex -9.746795 2.2360685 0
        vertex -11 3 0
        vertex -9.433301 3.318558 0
    endloop
endfacet
facet normal -0 0 -1
    outer loop
        vertex -9.433301 3.318558 0
        vertex -11 3 0
        vertex -9 4.3588996 0
    endloop
endfacet
facet normal -0 0 -1
    outer loop
        vertex -9 8 0
        vertex -11 6.5 0
        vertex -13 8 0
    endloop
endfacet
facet normal 0 0 -1
    outer loop
        vertex -43 3 0
        vertex -11 3 0
        vertex -10 -0 0
    endloop
endfacet
facet normal 0 0 -1
    outer loop
        vertex -11 6.5 0
        vertex -9 8 0
        vertex -9 4.3588996 0
    endloop
endfacet
facet normal 0 0 -1
    outer loop
        vertex -11 6.5 0
        vertex -13 6.5 0
        vertex -13 8 0
    endloop
endfacet
facet normal 0 -0 -1
    outer loop
        vertex -75 3 0
        vertex -43 3 0
        vertex -77 -0 0
    endloop
endfacet
facet normal -0 -0 -1
    outer loop
        vertex -75 6.5 0
        vertex -75 3 0
        vertex -77 8 0
    endloop
endfacet
facet normal 0 0 -1
    outer loop
        vertex -77 8 0
        vertex -75 3 0
        vertex -77 -0 0
    endloop
endfacet
facet normal 0 0 -1
    outer loop
        vertex -77 8 0
        vertex -73 8 0
        vertex -75 6.5 0
    endloop
endfacet
facet normal 0 0 -1
    outer loop
        vertex -11 3 0
        vertex -11 6.5 0
        vertex -9 4.3588996 0
    endloop
endfacet
facet normal 0 0 -1
    outer loop
        vertex -73 6.5 0
        vertex -75 6.5 0
        vertex -73 8 0
    endloop
endfacet
facet normal 0 0 -1
    outer loop
        vertex -43 3 0
        vertex -43.5 -0 0
        vertex -77 -0 0
    endloop
endfacet
facet normal 0 -1 0
    outer loop
        vertex -43 -0 87.5
        vertex -43.5 -0 95
        vertex -68 -0 87.5
    endloop
endfacet
facet normal 0 -1 0
    outer loop
        vertex -18 -0 47.5
        vertex -18 -0 7.5
        vertex -10 -0 47.5
    endloop
endfacet
facet normal -0 -1 0
    outer loop
        vertex -43 -0 7.5
        vertex -68 -0 7.5
        vertex -43.5 -0 0
    endloop
endfacet
facet normal -0 -1 0
    outer loop
        vertex -43.5 -0 95
        vertex -77 -0 95
        vertex -68 -0 87.5
    endloop
endfacet
facet normal 0 -1 0
    outer loop
        vertex -18 -0 87.5
        vertex -10 -0 47.5
        vertex -10 -0 95
    endloop
endfacet
facet normal 0 -1 0
    outer loop
        vertex -18 -0 7.5
        vertex -10 -0 0
        vertex -10 -0 47.5
    endloop
endfacet
facet normal -0 -1 0
    outer loop
        vertex -18 -0 7.5
        vertex -43 -0 7.5
        vertex -43.5 -0 0
    endloop
endfacet
facet normal 0 -1 0
    outer loop
        vertex -18 -0 87.5
        vertex -43.5 -0 95
        vertex -43 -0 87.5
    endloop
endfacet
facet normal -0 -1 0
    outer loop
        vertex -68 -0 7.5
        vertex -68 -0 87.5
        vertex -77 -0 0
    endloop
endfacet
facet normal -0 -1 0
    outer loop
        vertex -68 -0 87.5
        vertex -77 -0 95
        vertex -77 -0 0
    endloop
endfacet
facet normal 0 -1 0
    outer loop
        vertex -43.5 -0 0
        vertex -10 -0 0
        vertex -18 -0 7.5
    endloop
endfacet
facet normal 0 -1 0
    outer loop
        vertex -18 -0 47.5
        vertex -10 -0 47.5
        vertex -18 -0 87.5
    endloop
endfacet
facet normal 0 -1 0
    outer loop
        vertex -18 -0 87.5
        vertex -10 -0 95
        vertex -43.5 -0 95
    endloop
endfacet
facet normal 0 -1 -0
    outer loop
        vertex -68 -0 7.5
        vertex -77 -0 0
        vertex -43.5 -0 0
    endloop
endfacet
facet normal 0 1 0
    outer loop
        vertex -28 8 93
        vertex -26 8 95
        vertex -13 8 93
    endloop
endfacet
facet normal 0 1 -0
    outer loop
        vertex -28 8 93
        vertex -43 8 95
        vertex -26 8 95
    endloop
endfacet
facet normal 0 1 0
    outer loop
        vertex -60 8 95
        vertex -73 8 93
        vertex -77 8 95
    endloop
endfacet
facet normal 0 1 0
    outer loop
        vertex -43 8 95
        vertex -43 8 93
        vertex -58 8 93
    endloop
endfacet
facet normal 0 1 -0
    outer loop
        vertex -73 8 0
        vertex -77 8 0
        vertex -73 8 93
    endloop
endfacet
facet normal 0 1 0
    outer loop
        vertex -73 8 93
        vertex -77 8 0
        vertex -77 8 95
    endloop
endfacet
facet normal 0 1 -0
    outer loop
        vertex -58 8 93
        vertex -60 8 95
        vertex -43 8 95
    endloop
endfacet
facet normal 0 1 0
    outer loop
        vertex -73 8 93
        vertex -60 8 95
        vertex -58 8 93
    endloop
endfacet
facet normal -0 1 0
    outer loop
        vertex -13 8 93
        vertex -9 8 95
        vertex -9 8 71.25
    endloop
endfacet
facet normal 0 1 0
    outer loop
        vertex -9 8 0
        vertex -13 8 0
        vertex -13 8 93
    endloop
endfacet
facet normal 0 1 0
    outer loop
        vertex -43 8 93
        vertex -43 8 95
        vertex -28 8 93
    endloop
endfacet
facet normal 0 1 -0
    outer loop
        vertex -13 8 93
        vertex -26 8 95
        vertex -9 8 95
    endloop
endfacet
facet normal 0 1 0
    outer loop
        vertex -13 8 93
        vertex -9 8 47.5
        vertex -9 8 23.75
    endloop
endfacet
facet normal 0 1 0
    outer loop
        vertex -13 8 93
        vertex -9 8 23.75
        vertex -9 8 0
    endloop
endfacet
facet normal 0 1 0
    outer loop
        vertex -13 8 93
        vertex -9 8 71.25
        vertex -9 8 47.5
    endloop
endfacet
facet normal -1 -0 -0
    outer loop
        vertex -11 6.5 93
        vertex -11 6.5 0
        vertex -11 3 93
    endloop
endfacet
facet normal -1 0 0
    outer loop
        vertex -11 6.5 0
        vertex -11 3 0
        vertex -11 3 93
    endloop
endfacet
facet normal 0 -1 0
    outer loop
        vertex -13 6.5 0
        vertex -11 6.5 0
        vertex -13 6.5 93
    endloop
endfacet
facet normal 0 -1 0
    outer loop
        vertex -11 6.5 0
        vertex -11 6.5 93
        vertex -13 6.5 93
    endloop
endfacet
facet normal 0 0 -1
    outer loop
        vertex -27 3 93
        vertex -43 3 93
        vertex -28 8 93
    endloop
endfacet
facet normal 0 0 -1
    outer loop
        vertex -59 3 93
        vertex -58 8 93
        vertex -43 3 93
    endloop
endfacet
facet normal 0 0 -1
    outer loop
        vertex -43 3 93
        vertex -58 8 93
        vertex -43 8 93
    endloop
endfacet
facet normal 0 0 -1
    outer loop
        vertex -73 8 93
        vertex -58 8 93
        vertex -73 6.5 93
    endloop
endfacet
facet normal 0 0 -1
    outer loop
        vertex -75 3 93
        vertex -73 6.5 93
        vertex -59 3 93
    endloop
endfacet
facet normal -0 -0 -1
    outer loop
        vertex -13 8 93
        vertex -13 6.5 93
        vertex -28 8 93
    endloop
endfacet
facet normal -0 0 -1
    outer loop
        vertex -13 6.5 93
        vertex -27 3 93
        vertex -28 8 93
    endloop
endfacet
facet normal -0 -0 -1
    outer loop
        vertex -11 6.5 93
        vertex -11 3 93
        vertex -13 6.5 93
    endloop
endfacet
facet normal 0 0 -1
    outer loop
        vertex -75 3 93
        vertex -75 6.5 93
        vertex -73 6.5 93
    endloop
endfacet
facet normal -0 0 -1
    outer loop
        vertex -28 8 93
        vertex -43 3 93
        vertex -43 8 93
    endloop
endfacet
facet normal 0 0 -1
    outer loop
        vertex -11 3 93
        vertex -27 3 93
        vertex -13 6.5 93
    endloop
endfacet
facet normal 0 0 -1
    outer loop
        vertex -58 8 93
        vertex -59 3 93
        vertex -73 6.5 93
    endloop
endfacet
facet normal -1 0 0
    outer loop
        vertex -13 8 0
        vertex -13 6.5 0
        vertex -13 8 93
    endloop
endfacet
facet normal -1 0 0
    outer loop
        vertex -13 6.5 0
        vertex -13 6.5 93
        vertex -13 8 93
    endloop
endfacet
facet normal -0 1 0
    outer loop
        vertex -43 3 7.5
        vertex -18 3 7.5
        vertex -43 3 0
    endloop
endfacet
facet normal -0 1 0
    outer loop
        vertex -18 3 47.5
        vertex -11 3 93
        vertex -18 3 7.5
    endloop
endfacet
facet normal 0 1 0
    outer loop
        vertex -43 3 7.5
        vertex -43 3 0
        vertex -68 3 7.5
    endloop
endfacet
facet normal 0 1 0
    outer loop
        vertex -18 3 7.5
        vertex -11 3 0
        vertex -43 3 0
    endloop
endfacet
facet normal 0 1 0
    outer loop
        vertex -68 3 7.5
        vertex -43 3 0
        vertex -75 3 0
    endloop
endfacet
facet normal 0 1 0
    outer loop
        vertex -43 3 87.5
        vertex -68 3 87.5
        vertex -59 3 93
    endloop
endfacet
facet normal 0 1 0
    outer loop
        vertex -68 3 87.5
        vertex -68 3 7.5
        vertex -75 3 93
    endloop
endfacet
facet normal 0 1 -0
    outer loop
        vertex -43 3 87.5
        vertex -59 3 93
        vertex -43 3 93
    endloop
endfacet
facet normal -0 1 0
    outer loop
        vertex -18 3 7.5
        vertex -11 3 93
        vertex -11 3 0
    endloop
endfacet
facet normal 0 1 0
    outer loop
        vertex -43 3 87.5
        vertex -27 3 93
        vertex -18 3 87.5
    endloop
endfacet
facet normal 0 1 0
    outer loop
        vertex -43 3 87.5
        vertex -43 3 93
        vertex -27 3 93
    endloop
endfacet
facet normal 0 1 0
    outer loop
        vertex -75 3 0
        vertex -75 3 93
        vertex -68 3 7.5
    endloop
endfacet
facet normal 0 1 -0
    outer loop
        vertex -18 3 87.5
        vertex -27 3 93
        vertex -11 3 93
    endloop
endfacet
facet normal 0 1 -0
    outer loop
        vertex -68 3 87.5
        vertex -75 3 93
        vertex -59 3 93
    endloop
endfacet
facet normal -0 1 0
    outer loop
        vertex -18 3 87.5
        vertex -11 3 93
        vertex -18 3 47.5
    endloop
endfacet
facet normal 0 -1 0
    outer loop
        vertex -73 6.5 0
        vertex -73 6.5 93
        vertex -75 6.5 0
    endloop
endfacet
facet normal -0 -1 0
    outer loop
        vertex -73 6.5 93
        vertex -75 6.5 93
        vertex -75 6.5 0
    endloop
endfacet
facet normal 1 0 0
    outer loop
        vertex -73 6.5 0
        vertex -73 8 0
        vertex -73 6.5 93
    endloop
endfacet
facet normal 1 0 -0
    outer loop
        vertex -73 8 0
        vertex -73 8 93
        vertex -73 6.5 93
    endloop
endfacet
facet normal 1 0 -0
    outer loop
        vertex -75 6.5 0
        vertex -75 6.5 93
        vertex -75 3 0
    endloop
endfacet
facet normal 1 0 0
    outer loop
        vertex -75 6.5 93
        vertex -75 3 93
        vertex -75 3 0
    endloop
endfacet
facet normal 0 -0 1
    outer loop
        vertex -18 -0 7.5
        vertex -18 3 7.5
        vertex -43 3 7.5
    endloop
endfacet
facet normal 0 0 1
    outer loop
        vertex -43 3 7.5
        vertex -43 -0 7.5
        vertex -18 -0 7.5
    endloop
endfacet
facet normal 0 0 1
    outer loop
        vertex -68 -0 7.5
        vertex -43 3 7.5
        vertex -68 3 7.5
    endloop
endfacet
facet normal 0 0 1
    outer loop
        vertex -43 3 7.5
        vertex -68 -0 7.5
        vertex -43 -0 7.5
    endloop
endfacet
facet normal -1 0 0
    outer loop
        vertex -18 -0 47.5
        vertex -18 3 7.5
        vertex -18 -0 7.5
    endloop
endfacet
facet normal -1 0 0
    outer loop
        vertex -18 -0 87.5
        vertex -18 3 87.5
        vertex -18 -0 47.5
    endloop
endfacet
facet normal -1 0 0
    outer loop
        vertex -18 -0 47.5
        vertex -18 3 87.5
        vertex -18 3 47.5
    endloop
endfacet
facet normal -1 0 0
    outer loop
        vertex -18 -0 47.5
        vertex -18 3 47.5
        vertex -18 3 7.5
    endloop
endfacet
facet normal 0 0 -1
    outer loop
        vertex -68 -0 87.5
        vertex -68 3 87.5
        vertex -43 3 87.5
    endloop
endfacet
facet normal 0 -0 -1
    outer loop
        vertex -43 3 87.5
        vertex -43 -0 87.5
        vertex -68 -0 87.5
    endloop
endfacet
facet normal 0 0 -1
    outer loop
        vertex -18 -0 87.5
        vertex -43 3 87.5
        vertex -18 3 87.5
    endloop
endfacet
facet normal 0 0 -1
    outer loop
        vertex -43 3 87.5
        vertex -18 -0 87.5
        vertex -43 -0 87.5
    endloop
endfacet
facet normal 1 0 0
    outer loop
        vertex -68 -0 7.5
        vertex -68 3 7.5
        vertex -68 -0 87.5
    endloop
endfacet
facet normal 1 0 -0
    outer loop
        vertex -68 3 7.5
        vertex -68 3 87.5
        vertex -68 -0 87.5
    endloop
endfacet
facet normal 1 0 0
    outer loop
        vertex -9 8 71.25
        vertex -9 4.3588996 71.25
        vertex -9 8 47.5
    endloop
endfacet
facet normal 1 0 -0
    outer loop
        vertex -9 8 23.75
        vertex -9 8 47.5
        vertex -9 4.3588996 23.75
    endloop
endfacet
facet normal 1 0 0
    outer loop
        vertex -9 8 47.5
        vertex -9 4.3588996 47.5
        vertex -9 4.3588996 23.75
    endloop
endfacet
facet normal 1 0 0
    outer loop
        vertex -9 4.3588996 11.875
        vertex -9 4.3588996 0
        vertex -9 8 0
    endloop
endfacet
facet normal 1 0 -0
    outer loop
        vertex -9 8 0
        vertex -9 8 23.75
        vertex -9 4.3588996 11.875
    endloop
endfacet
facet normal 1 0 0
    outer loop
        vertex -9 4.3588996 11.875
        vertex -9 8 23.75
        vertex -9 4.3588996 23.75
    endloop
endfacet
facet normal 1 -0 0
    outer loop
        vertex -9 4.3588996 95
        vertex -9 4.3588996 83.125
        vertex -9 8 95
    endloop
endfacet
facet normal 1 0 0
    outer loop
        vertex -9 4.3588996 47.5
        vertex -9 8 47.5
        vertex -9 4.3588996 71.25
    endloop
endfacet
facet normal 1 -0 0
    outer loop
        vertex -9 4.3588996 83.125
        vertex -9 8 71.25
        vertex -9 8 95
    endloop
endfacet
facet normal 1 0 0
    outer loop
        vertex -9 4.3588996 83.125
        vertex -9 4.3588996 71.25
        vertex -9 8 71.25
    endloop
endfacet
facet normal 0 -1 0
    outer loop
        vertex -8 -77 0
        vertex 0 -77 0
        vertex -8 -77 95
    endloop
endfacet
facet normal 0 -1 0
    outer loop
        vertex -8 -77 95
        vertex 0 -77 0
        vertex 0 -77 95
    endloop
endfacet
facet normal 0 0 1
    outer loop
        vertex -8 -77 95
        vertex 0 -77 95
        vertex -1.1251794 -9.936497 95
    endloop
endfacet
facet normal 0 0 1
    outer loop
        vertex -2.2360685 -9.746795 95
        vertex -8 -9 95
        vertex -8 -26 95
    endloop
endfacet
facet normal 0 0 1
    outer loop
        vertex -3.318558 -9.433301 95
        vertex -4.3588996 -9 95
        vertex -8 -9 95
    endloop
endfacet
facet normal 0 0 0.99999994
    outer loop
        vertex -2.2360685 -9.746795 95
        vertex -3.318558 -9.433301 95
        vertex -8 -9 95
    endloop
endfacet
facet normal 0 0 1
    outer loop
        vertex -1.1251794 -9.936497 95
        vertex -2.2360685 -9.746795 95
        vertex -8 -77 95
    endloop
endfacet
facet normal 0 0 1
    outer loop
        vertex -1.1251794 -9.936497 95
        vertex 0 -77 95
        vertex 0 -43.5 95
    endloop
endfacet
facet normal 0 0 1
    outer loop
        vertex -1.1251794 -9.936497 95
        vertex 0 -43.5 95
        vertex 0 -10 95
    endloop
endfacet
facet normal 0 0 0.99999994
    outer loop
        vertex -2.2360685 -9.746795 95
        vertex -8 -43 95
        vertex -8 -60 95
    endloop
endfacet
facet normal 0 0 1
    outer loop
        vertex -2.2360685 -9.746795 95
        vertex -8 -60 95
        vertex -8 -77 95
    endloop
endfacet
facet normal 0 0 1
    outer loop
        vertex -2.2360685 -9.746795 95
        vertex -8 -26 95
        vertex -8 -43 95
    endloop
endfacet
facet normal 0 0 -1
    outer loop
        vertex -3 -43 0
        vertex 0 -10 0
        vertex 0 -43.5 0
    endloop
endfacet
facet normal -0 0 -0.99999994
    outer loop
        vertex -1.1251794 -9.936497 0
        vertex -3 -11 0
        vertex -2.2360685 -9.746795 0
    endloop
endfacet
facet normal 0 -0 -1
    outer loop
        vertex -1.1251794 -9.936497 0
        vertex 0 -10 0
        vertex -3 -11 0
    endloop
endfacet
facet normal -0 0 -0.99999994
    outer loop
        vertex -2.2360685 -9.746795 0
        vertex -3 -11 0
        vertex -3.318558 -9.433301 0
    endloop
endfacet
facet normal -0 -0 -1
    outer loop
        vertex -3.318558 -9.433301 0
        vertex -3 -11 0
        vertex -4.3588996 -9 0
    endloop
endfacet
facet normal 0 0 -1
    outer loop
        vertex -8 -9 0
        vertex -6.5 -11 0
        vertex -8 -13 0
    endloop
endfacet
facet normal 0 0 -1
    outer loop
        vertex -3 -43 0
        vertex -3 -11 0
        vertex 0 -10 0
    endloop
endfacet
facet normal 0 0 -1
    outer loop
        vertex -6.5 -11 0
        vertex -8 -9 0
        vertex -4.3588996 -9 0
    endloop
endfacet
facet normal 0 -0 -1
    outer loop
        vertex -6.5 -11 0
        vertex -6.5 -13 0
        vertex -8 -13 0
    endloop
endfacet
facet normal 0 0 -1
    outer loop
        vertex -3 -75 0
        vertex -3 -43 0
        vertex 0 -77 0
    endloop
endfacet
facet normal 0 -0 -1
    outer loop
        vertex -6.5 -75 0
        vertex -3 -75 0
        vertex -8 -77 0
    endloop
endfacet
facet normal 0 0 -1
    outer loop
        vertex -8 -77 0
        vertex -3 -75 0
        vertex 0 -77 0
    endloop
endfacet
facet normal 0 0 -1
    outer loop
        vertex -8 -77 0
        vertex -8 -73 0
        vertex -6.5 -75 0
    endloop
endfacet
facet normal 0 0 -1
    outer loop
        vertex -3 -11 0
        vertex -6.5 -11 0
        vertex -4.3588996 -9 0
    endloop
endfacet
facet normal 0 0 -1
    outer loop
        vertex -8 -73 0
        vertex -6.5 -73 0
        vertex -6.5 -75 0
    endloop
endfacet
facet normal 0 0 -1
    outer loop
        vertex -3 -43 0
        vertex 0 -43.5 0
        vertex 0 -77 0
    endloop
endfacet
facet normal 1 0 0
    outer loop
        vertex 0 -43 87.5
        vertex 0 -43.5 95
        vertex 0 -68 87.5
    endloop
endfacet
facet normal 1 0 0
    outer loop
        vertex 0 -18 27.5
        vertex 0 -10 11.875
        vertex 0 -10 23.75
    endloop
endfacet
facet normal 1 -0 0
    outer loop
        vertex 0 -18 47.5
        vertex 0 -10 35.625
        vertex 0 -10 47.5
    endloop
endfacet
facet normal 1 0 0
    outer loop
        vertex 0 -43 7.5
        vertex 0 -68 7.5
        vertex 0 -43.5 0
    endloop
endfacet
facet normal 1 0 0
    outer loop
        vertex 0 -43.5 95
        vertex 0 -77 95
        vertex 0 -68 87.5
    endloop
endfacet
facet normal 1 0 0
    outer loop
        vertex 0 -18 67.5
        vertex 0 -10 71.25
        vertex 0 -10 83.125
    endloop
endfacet
facet normal 1 -0 0
    outer loop
        vertex 0 -18 87.5
        vertex 0 -10 83.125
        vertex 0 -10 89.0625
    endloop
endfacet
facet normal 1 -0 0
    outer loop
        vertex 0 -18 7.5
        vertex 0 -10 5.9375
        vertex 0 -10 11.875
    endloop
endfacet
facet normal 1 0 0
    outer loop
        vertex 0 -18 87.5
        vertex 0 -43.5 95
        vertex 0 -43 87.5
    endloop
endfacet
facet normal 1 0 -0
    outer loop
        vertex 0 -68 7.5
        vertex 0 -68 87.5
        vertex 0 -77 0
    endloop
endfacet
facet normal 1 0 0
    outer loop
        vertex 0 -68 87.5
        vertex 0 -77 95
        vertex 0 -77 0
    endloop
endfacet
facet normal 1 0 -0
    outer loop
        vertex 0 -10 23.75
        vertex 0 -10 35.625
        vertex 0 -18 27.5
    endloop
endfacet
facet normal 1 0 0
    outer loop
        vertex 0 -18 27.5
        vertex 0 -10 35.625
        vertex 0 -18 47.5
    endloop
endfacet
facet normal 1 0 0
    outer loop
        vertex 0 -18 7.5
        vertex 0 -43.5 0
        vertex 0 -10 0
    endloop
endfacet
facet normal 1 0 0
    outer loop
        vertex 0 -18 7.5
        vertex 0 -10 0
        vertex 0 -10 5.9375
    endloop
endfacet
facet normal 1 0 0
    outer loop
        vertex 0 -18 27.5
        vertex 0 -18 7.5
        vertex 0 -10 11.875
    endloop
endfacet
facet normal 1 0 0
    outer loop
        vertex 0 -43.5 0
        vertex 0 -18 7.5
        vertex 0 -43 7.5
    endloop
endfacet
facet normal 1 0 0
    outer loop
        vertex 0 -10 59.375
        vertex 0 -18 47.5
        vertex 0 -10 47.5
    endloop
endfacet
facet normal 1 -0 0
    outer loop
        vertex 0 -18 67.5
        vertex 0 -10 59.375
        vertex 0 -10 71.25
    endloop
endfacet
facet normal 1 0 0
    outer loop
        vertex 0 -18 47.5
        vertex 0 -10 59.375
        vertex 0 -18 67.5
    endloop
endfacet
facet normal 1 0 0
    outer loop
        vertex 0 -18 67.5
        vertex 0 -10 83.125
        vertex 0 -18 87.5
    endloop
endfacet
facet normal 1 0 0
    outer loop
        vertex 0 -10 95
        vertex 0 -18 87.5
        vertex 0 -10 89.0625
    endloop
endfacet
facet normal 1 0 -0
    outer loop
        vertex 0 -18 87.5
        vertex 0 -10 95
        vertex 0 -43.5 95
    endloop
endfacet
facet normal 1 0 0
    outer loop
        vertex 0 -77 0
        vertex 0 -43.5 0
        vertex 0 -68 7.5
    endloop
endfacet
facet normal -1 0 0
    outer loop
        vertex -8 -28 93
        vertex -8 -26 95
        vertex -8 -13 93
    endloop
endfacet
facet normal -1 0 0
    outer loop
        vertex -8 -28 93
        vertex -8 -43 95
        vertex -8 -26 95
    endloop
endfacet
facet normal -1 -0 0
    outer loop
        vertex -8 -60 95
        vertex -8 -73 93
        vertex -8 -77 95
    endloop
endfacet
facet normal -1 0 -0
    outer loop
        vertex -8 -43 95
        vertex -8 -43 93
        vertex -8 -58 93
    endloop
endfacet
facet normal -1 0 0
    outer loop
        vertex -8 -73 0
        vertex -8 -77 0
        vertex -8 -73 93
    endloop
endfacet
facet normal -1 -0 0
    outer loop
        vertex -8 -73 93
        vertex -8 -77 0
        vertex -8 -77 95
    endloop
endfacet
facet normal -1 0 0
    outer loop
        vertex -8 -58 93
        vertex -8 -60 95
        vertex -8 -43 95
    endloop
endfacet
facet normal -1 0 0
    outer loop
        vertex -8 -73 93
        vertex -8 -60 95
        vertex -8 -58 93
    endloop
endfacet
facet normal -1 0 0
    outer loop
        vertex -8 -13 93
        vertex -8 -9 95
        vertex -8 -9 71.25
    endloop
endfacet
facet normal -1 0 0
    outer loop
        vertex -8 -9 0
        vertex -8 -13 0
        vertex -8 -13 93
    endloop
endfacet
facet normal -1 0 0
    outer loop
        vertex -8 -43 93
        vertex -8 -43 95
        vertex -8 -28 93
    endloop
endfacet
facet normal -1 0 0
    outer loop
        vertex -8 -13 93
        vertex -8 -26 95
        vertex -8 -9 95
    endloop
endfacet
facet normal -1 0 0
    outer loop
        vertex -8 -13 93
        vertex -8 -9 47.5
        vertex -8 -9 23.75
    endloop
endfacet
facet normal -1 0 0
    outer loop
        vertex -8 -13 93
        vertex -8 -9 23.75
        vertex -8 -9 0
    endloop
endfacet
facet normal -1 0 0
    outer loop
        vertex -8 -13 93
        vertex -8 -9 71.25
        vertex -8 -9 47.5
    endloop
endfacet
facet normal 0 0 -1
    outer loop
        vertex -3 -75 93
        vertex -6.5 -75 93
        vertex -6.5 -73 93
    endloop
endfacet
facet normal 0 0 -1
    outer loop
        vertex -6.5 -73 93
        vertex -3 -43 93
        vertex -3 -75 93
    endloop
endfacet
facet normal 0 0 -1
    outer loop
        vertex -6.5 -13 93
        vertex -6.5 -11 93
        vertex -3 -11 93
    endloop
endfacet
facet normal 0 0 -1
    outer loop
        vertex -6.5 -13 93
        vertex -3 -11 93
        vertex -6.5 -28 93
    endloop
endfacet
facet normal 0 0 -1
    outer loop
        vertex -6.5 -43 93
        vertex -3 -11 93
        vertex -6.5 -58 93
    endloop
endfacet
facet normal 0 0 -1
    outer loop
        vertex -6.5 -58 93
        vertex -3 -11 93
        vertex -6.5 -73 93
    endloop
endfacet
facet normal 0 0 -1
    outer loop
        vertex -6.5 -28 93
        vertex -3 -11 93
        vertex -6.5 -43 93
    endloop
endfacet
facet normal 0 0 -1
    outer loop
        vertex -6.5 -73 93
        vertex -3 -11 93
        vertex -3 -43 93
    endloop
endfacet
facet normal 0 -1 0
    outer loop
        vertex -6.5 -11 93
        vertex -6.5 -11 0
        vertex -3 -11 93
    endloop
endfacet
facet normal 0 -1 0
    outer loop
        vertex -6.5 -11 0
        vertex -3 -11 0
        vertex -3 -11 93
    endloop
endfacet
facet normal 1 0 0
    outer loop
        vertex -6.5 -13 0
        vertex -6.5 -11 0
        vertex -6.5 -13 93
    endloop
endfacet
facet normal 1 0 -0
    outer loop
        vertex -6.5 -11 0
        vertex -6.5 -11 93
        vertex -6.5 -13 93
    endloop
endfacet
facet normal -0 -0 -1
    outer loop
        vertex -6.5 -28 93
        vertex -6.5 -43 93
        vertex -8 -28 93
    endloop
endfacet
facet normal 0 0 -1
    outer loop
        vertex -6.5 -58 93
        vertex -8 -58 93
        vertex -6.5 -43 93
    endloop
endfacet
facet normal -0 0 -1
    outer loop
        vertex -6.5 -43 93
        vertex -8 -58 93
        vertex -8 -43 93
    endloop
endfacet
facet normal 0 0 -1
    outer loop
        vertex -6.5 -73 93
        vertex -8 -73 93
        vertex -8 -58 93
    endloop
endfacet
facet normal 0 0 -1
    outer loop
        vertex -8 -58 93
        vertex -6.5 -58 93
        vertex -6.5 -73 93
    endloop
endfacet
facet normal 0 0 -1
    outer loop
        vertex -8 -28 93
        vertex -6.5 -43 93
        vertex -8 -43 93
    endloop
endfacet
facet normal 0 -0 -1
    outer loop
        vertex -6.5 -13 93
        vertex -6.5 -28 93
        vertex -8 -28 93
    endloop
endfacet
facet normal 0 0 -1
    outer loop
        vertex -8 -13 93
        vertex -6.5 -13 93
        vertex -8 -28 93
    endloop
endfacet
facet normal 0 -1 0
    outer loop
        vertex -8 -13 0
        vertex -6.5 -13 0
        vertex -8 -13 93
    endloop
endfacet
facet normal 0 -1 0
    outer loop
        vertex -6.5 -13 0
        vertex -6.5 -13 93
        vertex -8 -13 93
    endloop
endfacet
facet normal -1 0 0
    outer loop
        vertex -3 -43 7.5
        vertex -3 -18 7.5
        vertex -3 -43 0
    endloop
endfacet
facet normal -1 0 0
    outer loop
        vertex -3 -43 93
        vertex -3 -18 87.5
        vertex -3 -43 87.5
    endloop
endfacet
facet normal -1 0 0
    outer loop
        vertex -3 -18 27.5
        vertex -3 -11 93
        vertex -3 -18 7.5
    endloop
endfacet
facet normal -1 -0 -0
    outer loop
        vertex -3 -43 7.5
        vertex -3 -43 0
        vertex -3 -68 7.5
    endloop
endfacet
facet normal -1 0 -0
    outer loop
        vertex -3 -18 7.5
        vertex -3 -11 0
        vertex -3 -43 0
    endloop
endfacet
facet normal -1 0 -0
    outer loop
        vertex -3 -68 7.5
        vertex -3 -43 0
        vertex -3 -75 0
    endloop
endfacet
facet normal -1 0 0
    outer loop
        vertex -3 -43 87.5
        vertex -3 -68 87.5
        vertex -3 -43 93
    endloop
endfacet
facet normal -1 0 0
    outer loop
        vertex -3 -68 87.5
        vertex -3 -75 93
        vertex -3 -43 93
    endloop
endfacet
facet normal -1 0 0
    outer loop
        vertex -3 -75 0
        vertex -3 -75 93
        vertex -3 -68 7.5
    endloop
endfacet
facet normal -1 0 0
    outer loop
        vertex -3 -18 7.5
        vertex -3 -11 93
        vertex -3 -11 0
    endloop
endfacet
facet normal -1 -0 0
    outer loop
        vertex -3 -11 93
        vertex -3 -18 87.5
        vertex -3 -43 93
    endloop
endfacet
facet normal -1 -0 -0
    outer loop
        vertex -3 -68 87.5
        vertex -3 -68 7.5
        vertex -3 -75 93
    endloop
endfacet
facet normal -1 0 0
    outer loop
        vertex -3 -18 67.5
        vertex -3 -11 93
        vertex -3 -18 47.5
    endloop
endfacet
facet normal -1 0 0
    outer loop
        vertex -3 -18 47.5
        vertex -3 -11 93
        vertex -3 -18 27.5
    endloop
endfacet
facet normal -1 0 0
    outer loop
        vertex -3 -18 87.5
        vertex -3 -11 93
        vertex -3 -18 67.5
    endloop
endfacet
facet normal 1 0 -0
    outer loop
        vertex -6.5 -73 0
        vertex -6.5 -73 93
        vertex -6.5 -75 0
    endloop
endfacet
facet normal 1 0 0
    outer loop
        vertex -6.5 -73 93
        vertex -6.5 -75 93
        vertex -6.5 -75 0
    endloop
endfacet
facet normal 0 1 -0
    outer loop
        vertex -6.5 -73 0
        vertex -8 -73 0
        vertex -6.5 -73 93
    endloop
endfacet
facet normal 0 1 0
    outer loop
        vertex -8 -73 0
        vertex -8 -73 93
        vertex -6.5 -73 93
    endloop
endfacet
facet normal 0 1 0
    outer loop
        vertex -6.5 -75 0
        vertex -6.5 -75 93
        vertex -3 -75 0
    endloop
endfacet
facet normal -0 1 0
    outer loop
        vertex -6.5 -75 93
        vertex -3 -75 93
        vertex -3 -75 0
    endloop
endfacet
facet normal 0 0 1
    outer loop
        vertex 0 -18 7.5
        vertex -3 -18 7.5
        vertex -3 -43 7.5
    endloop
endfacet
facet normal 0 0 1
    outer loop
        vertex -3 -43 7.5
        vertex 0 -43 7.5
        vertex 0 -18 7.5
    endloop
endfacet
facet normal 0 -0 1
    outer loop
        vertex 0 -68 7.5
        vertex 0 -43 7.5
        vertex -3 -43 7.5
    endloop
endfacet
facet normal 0 0 1
    outer loop
        vertex -3 -68 7.5
        vertex 0 -68 7.5
        vertex -3 -43 7.5
    endloop
endfacet
facet normal 0 -1 0
    outer loop
        vertex -3 -18 67.5
        vertex -3 -18 47.5
        vertex 0 -18 67.5
    endloop
endfacet
facet normal 0 -1 0
    outer loop
        vertex -3 -18 27.5
        vertex 0 -18 27.5
        vertex -3 -18 47.5
    endloop
endfacet
facet normal 0 -1 -0
    outer loop
        vertex 0 -18 27.5
        vertex -3 -18 7.5
        vertex 0 -18 7.5
    endloop
endfacet
facet normal 0 -1 0
    outer loop
        vertex -3 -18 7.5
        vertex 0 -18 27.5
        vertex -3 -18 27.5
    endloop
endfacet
facet normal -0 -1 -0
    outer loop
        vertex 0 -18 87.5
        vertex -3 -18 87.5
        vertex 0 -18 67.5
    endloop
endfacet
facet normal 0 -1 0
    outer loop
        vertex 0 -18 27.5
        vertex 0 -18 47.5
        vertex -3 -18 47.5
    endloop
endfacet
facet normal 0 -1 0
    outer loop
        vertex 0 -18 67.5
        vertex -3 -18 87.5
        vertex -3 -18 67.5
    endloop
endfacet
facet normal 0 -1 -0
    outer loop
        vertex 0 -18 67.5
        vertex -3 -18 47.5
        vertex 0 -18 47.5
    endloop
endfacet
facet normal 0 0 -1
    outer loop
        vertex 0 -68 87.5
        vertex -3 -68 87.5
        vertex -3 -43 87.5
    endloop
endfacet
facet normal 0 0 -1
    outer loop
        vertex -3 -43 87.5
        vertex 0 -43 87.5
        vertex 0 -68 87.5
    endloop
endfacet
facet normal 0 -0 -1
    outer loop
        vertex 0 -18 87.5
        vertex 0 -43 87.5
        vertex -3 -43 87.5
    endloop
endfacet
facet normal 0 0 -1
    outer loop
        vertex -3 -18 87.5
        vertex 0 -18 87.5
        vertex -3 -43 87.5
    endloop
endfacet
facet normal 0 1 -0
    outer loop
        vertex 0 -68 7.5
        vertex -3 -68 7.5
        vertex 0 -68 87.5
    endloop
endfacet
facet normal 0 1 0
    outer loop
        vertex -3 -68 7.5
        vertex -3 -68 87.5
        vertex 0 -68 87.5
    endloop
endfacet
facet normal -0 1 0
    outer loop
        vertex -8 -9 71.25
        vertex -4.3588996 -9 71.25
        vertex -4.3588996 -9 59.375
    endloop
endfacet
facet normal 0 1 0
    outer loop
        vertex -8 -9 23.75
        vertex -8 -9 47.5
        vertex -4.3588996 -9 35.625
    endloop
endfacet
facet normal -0 1 0
    outer loop
        vertex -8 -9 47.5
        vertex -4.3588996 -9 47.5
        vertex -4.3588996 -9 35.625
    endloop
endfacet
facet normal 0 1 0
    outer loop
        vertex -4.3588996 -9 11.875
        vertex -4.3588996 -9 0
        vertex -8 -9 0
    endloop
endfacet
facet normal 0 1 0
    outer loop
        vertex -8 -9 0
        vertex -8 -9 23.75
        vertex -4.3588996 -9 11.875
    endloop
endfacet
facet normal 0 1 -0
    outer loop
        vertex -4.3588996 -9 11.875
        vertex -8 -9 23.75
        vertex -4.3588996 -9 23.75
    endloop
endfacet
facet normal 0 1 -0
    outer loop
        vertex -4.3588996 -9 23.75
        vertex -8 -9 23.75
        vertex -4.3588996 -9 35.625
    endloop
endfacet
facet normal 0 1 -0
    outer loop
        vertex -4.3588996 -9 47.5
        vertex -8 -9 47.5
        vertex -4.3588996 -9 59.375
    endloop
endfacet
facet normal 0 1 0
    outer loop
        vertex -4.3588996 -9 95
        vertex -4.3588996 -9 83.125
        vertex -8 -9 95
    endloop
endfacet
facet normal 0 1 0
    outer loop
        vertex -4.3588996 -9 59.375
        vertex -8 -9 47.5
        vertex -8 -9 71.25
    endloop
endfacet
facet normal 0 1 0
    outer loop
        vertex -4.3588996 -9 83.125
        vertex -8 -9 71.25
        vertex -8 -9 95
    endloop
endfacet
facet normal 0 1 0
    outer loop
        vertex -4.3588996 -9 83.125
        vertex -4.3588996 -9 71.25
        vertex -8 -9 71.25
    endloop
endfacet
facet normal 0.91504359 0.40335482 0
    outer loop
        vertex -2.4048457 -0.6831663 11
        vertex -2.1266272 -1.3143278 11
        vertex -2.4048457 -0.6831663 -1
    endloop
endfacet
facet normal 0.76999158 0.63805401 0
    outer loop
        vertex -2.1266272 -1.3143278 11
        vertex -1.6865222 -1.8454382 11
        vertex -2.1266272 -1.3143278 -1
    endloop
endfacet
facet normal 0.76999158 0.63805401 0
    outer loop
        vertex -1.6865222 -1.8454382 11
        vertex -1.6865222 -1.8454382 -1
        vertex -2.1266272 -1.3143278 -1
    endloop
endfacet
facet normal 0.56632614 0.82418126 0
    outer loop
        vertex -1.118034 -2.236068 11
        vertex -1.118034 -2.236068 -1
        vertex -1.6865222 -1.8454382 -1
    endloop
endfacet
facet normal 0.31954968 0.94756961 0
    outer loop
        vertex -0.46443725 -2.456481 11
        vertex -1.118034 -2.236068 -1
        vertex -1.118034 -2.236068 11
    endloop
endfacet
facet normal 0.04844787 0.99882573 0
    outer loop
        vertex 0.224514 -2.4898984 11
        vertex -0.46443725 -2.456481 -1
        vertex -0.46443725 -2.456481 11
    endloop
endfacet
facet normal 0.04844787 0.99882573 -0
    outer loop
        vertex 0.224514 -2.4898984 -1
        vertex -0.46443725 -2.456481 -1
        vertex 0.224514 -2.4898984 11
    endloop
endfacet
facet normal -0.48390147 0.87512249 0
    outer loop
        vertex 1.5 -2 11
        vertex 0.89637446 -2.3337765 -1
        vertex 0.89637446 -2.3337765 11
    endloop
endfacet
facet normal 0.99043888 0.13795251 0
    outer loop
        vertex -2.4048457 -0.6831663 11
        vertex -2.4048457 -0.6831663 -1
        vertex -2.5 -0 11
    endloop
endfacet
facet normal -0.48390147 0.87512249 0
    outer loop
        vertex 0.89637446 -2.3337765 -1
        vertex 1.5 -2 11
        vertex 1.5 -2 -1
    endloop
endfacet
facet normal -0.22634205 0.9740479 0
    outer loop
        vertex 0.89637446 -2.3337765 11
        vertex 0.89637446 -2.3337765 -1
        vertex 0.224514 -2.4898984 -1
    endloop
endfacet
facet normal -0.22634205 0.9740479 0
    outer loop
        vertex 0.89637446 -2.3337765 11
        vertex 0.224514 -2.4898984 -1
        vertex 0.224514 -2.4898984 11
    endloop
endfacet
facet normal 0.31954968 0.94756961 0
    outer loop
        vertex -0.46443725 -2.456481 11
        vertex -0.46443725 -2.456481 -1
        vertex -1.118034 -2.236068 -1
    endloop
endfacet
facet normal 0.56632614 0.82418126 0
    outer loop
        vertex -1.6865222 -1.8454382 11
        vertex -1.118034 -2.236068 11
        vertex -1.6865222 -1.8454382 -1
    endloop
endfacet
facet normal 0.99043888 0.13795251 0
    outer loop
        vertex -2.4048457 -0.6831663 -1
        vertex -2.5 -0 -1
        vertex -2.5 -0 11
    endloop
endfacet
facet normal 0.91504359 0.40335482 0
    outer loop
        vertex -2.1266272 -1.3143278 11
        vertex -2.1266272 -1.3143278 -1
        vertex -2.4048457 -0.6831663 -1
    endloop
endfacet
facet normal -0 0 -1
    outer loop
        vertex 1.5 -2 11
        vertex 0.89637446 -2.3337765 11
        vertex 1.5 2 11
    endloop
endfacet
facet normal -0 0 -1
    outer loop
        vertex 0.89637446 -2.3337765 11
        vertex 0.224514 -2.4898984 11
        vertex 1.5 2 11
    endloop
endfacet
facet normal 0 0 -1
    outer loop
        vertex 0.224514 -2.4898984 11
        vertex -0.46443725 -2.456481 11
        vertex 1.5 2 11
    endloop
endfacet
facet normal 0 0 -1
    outer loop
        vertex 1.5 2 11
        vertex -0.46443725 -2.456481 11
        vertex -1.118034 -2.236068 11
    endloop
endfacet
facet normal 0 0 -1
    outer loop
        vertex -2.1266272 -1.3143278 11
        vertex 1.5 2 11
        vertex -1.6865222 -1.8454382 11
    endloop
endfacet
facet normal 0 0 -1
    outer loop
        vertex 1.5 2 11
        vertex -1.118034 -2.236068 11
        vertex -1.6865222 -1.8454382 11
    endloop
endfacet
facet normal 0 0 -1
    outer loop
        vertex -2.4048457 -0.6831663 11
        vertex 1.5 2 11
        vertex -2.1266272 -1.3143278 11
    endloop
endfacet
facet normal 0 0 -0.99999994
    outer loop
        vertex -2.4048457 -0.6831663 11
        vertex -2.5 -0 11
        vertex 1.5 2 11
    endloop
endfacet
facet normal 0 0 -0.99999994
    outer loop
        vertex -2.5 -0 11
        vertex -2.4048457 0.6831663 11
        vertex 1.5 2 11
    endloop
endfacet
facet normal 0 0 -1
    outer loop
        vertex 1.5 2 11
        vertex -2.1266272 1.3143278 11
        vertex -1.6865222 1.8454382 11
    endloop
endfacet
facet normal 0 0 -1
    outer loop
        vertex -2.4048457 0.6831663 11
        vertex -2.1266272 1.3143278 11
        vertex 1.5 2 11
    endloop
endfacet
facet normal -0 0 -1
    outer loop
        vertex 1.5 2 11
        vertex -1.6865222 1.8454382 11
        vertex -1.118034 2.236068 11
    endloop
endfacet
facet normal 0 0 -1
    outer loop
        vertex -0.46443725 2.456481 11
        vertex 0.224514 2.4898984 11
        vertex 1.5 2 11
    endloop
endfacet
facet normal 0 -0 -1
    outer loop
        vertex -0.46443725 2.456481 11
        vertex 1.5 2 11
        vertex -1.118034 2.236068 11
    endloop
endfacet
facet normal -0 -0 -1
    outer loop
        vertex 0.89637446 2.3337765 11
        vertex 1.5 2 11
        vertex 0.224514 2.4898984 11
    endloop
endfacet
facet normal -1 0 0
    outer loop
        vertex 1.5 -2 11
        vertex 1.5 2 11
        vertex 1.5 -2 -1
    endloop
endfacet
facet normal -1 0 0
    outer loop
        vertex 1.5 -2 -1
        vertex 1.5 2 11
        vertex 1.5 2 -1
    endloop
endfacet
facet normal 0.91504359 -0.40335482 0
    outer loop
        vertex -2.4048457 0.6831663 -1
        vertex -2.1266272 1.3143278 -1
        vertex -2.4048457 0.6831663 11
    endloop
endfacet
facet normal 0.76999158 -0.63805401 0
    outer loop
        vertex -2.1266272 1.3143278 -1
        vertex -1.6865222 1.8454382 -1
        vertex -2.1266272 1.3143278 11
    endloop
endfacet
facet normal 0.76999158 -0.63805401 0
    outer loop
        vertex -1.6865222 1.8454382 -1
        vertex -1.6865222 1.8454382 11
        vertex -2.1266272 1.3143278 11
    endloop
endfacet
facet normal 0.56632614 -0.82418126 0
    outer loop
        vertex -1.118034 2.236068 -1
        vertex -1.118034 2.236068 11
        vertex -1.6865222 1.8454382 11
    endloop
endfacet
facet normal 0.31954968 -0.94756961 0
    outer loop
        vertex -0.46443725 2.456481 -1
        vertex -1.118034 2.236068 11
        vertex -1.118034 2.236068 -1
    endloop
endfacet
facet normal 0.04844787 -0.99882573 0
    outer loop
        vertex 0.224514 2.4898984 -1
        vertex -0.46443725 2.456481 11
        vertex -0.46443725 2.456481 -1
    endloop
endfacet
facet normal 0.04844787 -0.99882573 0
    outer loop
        vertex 0.224514 2.4898984 11
        vertex -0.46443725 2.456481 11
        vertex 0.224514 2.4898984 -1
    endloop
endfacet
facet normal -0.48390147 -0.87512249 0
    outer loop
        vertex 1.5 2 -1
        vertex 0.89637446 2.3337765 11
        vertex 0.89637446 2.3337765 -1
    endloop
endfacet
facet normal 0.99043888 -0.13795251 0
    outer loop
        vertex -2.4048457 0.6831663 -1
        vertex -2.4048457 0.6831663 11
        vertex -2.5 -0 -1
    endloop
endfacet
facet normal -0.48390147 -0.87512249 0
    outer loop
        vertex 0.89637446 2.3337765 11
        vertex 1.5 2 -1
        vertex 1.5 2 11
    endloop
endfacet
facet normal -0.22634205 -0.9740479 0
    outer loop
        vertex 0.89637446 2.3337765 -1
        vertex 0.89637446 2.3337765 11
        vertex 0.224514 2.4898984 11
    endloop
endfacet
facet normal -0.22634205 -0.9740479 0
    outer loop
        vertex 0.89637446 2.3337765 -1
        vertex 0.224514 2.4898984 11
        vertex 0.224514 2.4898984 -1
    endloop
endfacet
facet normal 0.31954968 -0.94756961 0
    outer loop
        vertex -0.46443725 2.456481 -1
        vertex -0.46443725 2.456481 11
        vertex -1.118034 2.236068 11
    endloop
endfacet
facet normal 0.56632614 -0.82418126 0
    outer loop
        vertex -1.6865222 1.8454382 -1
        vertex -1.118034 2.236068 -1
        vertex -1.6865222 1.8454382 11
    endloop
endfacet
facet normal 0.99043888 -0.13795251 0
    outer loop
        vertex -2.4048457 0.6831663 11
        vertex -2.5 -0 11
        vertex -2.5 -0 -1
    endloop
endfacet
facet normal 0.91504359 -0.40335482 0
    outer loop
        vertex -2.1266272 1.3143278 -1
        vertex -2.1266272 1.3143278 11
        vertex -2.4048457 0.6831663 11
    endloop
endfacet
endsolid unnamed
