solid unnamed
facet normal -0.84675628 0.00255024 0.53197479
    outer loop
        vertex -9.320203 51.560368 5.8424153
        vertex -8.893135 61.620815 6.47396
        vertex -9.697126 61.907406 5.192855
    endloop
endfacet
facet normal -0.81695795 0.00795567 0.57664233
    outer loop
        vertex -9.320203 51.560368 5.8424153
        vertex -8.800963 50.062416 6.5987144
        vertex -8.256892 57.42181 7.267993
    endloop
endfacet
facet normal 0.43685436 0.00047851 0.89953208
    outer loop
        vertex 4.397025 68.388435 10.082964
        vertex 5.140372 62.582306 9.725049
        vertex 5.217118 69.50617 9.684094
    endloop
endfacet
facet normal 0.34894019 -0.01308995 0.93705356
    outer loop
        vertex 4.397025 68.388435 10.082964
        vertex 3.3508122 68.72223 10.477216
        vertex 5.140372 62.582306 9.725049
    endloop
endfacet
facet normal 0.34894019 0.01308995 0.9370535
    outer loop
        vertex 4.397025 26.611568 10.082964
        vertex 5.140372 32.417694 9.725049
        vertex 3.3508122 26.277779 10.477216
    endloop
endfacet
facet normal 0.43685442 -0.00047851 0.89953214
    outer loop
        vertex 4.397025 26.611568 10.082964
        vertex 5.217118 25.493826 9.684094
        vertex 5.140372 32.417694 9.725049
    endloop
endfacet
facet normal -0.8484081 -0.00015497 0.52934259
    outer loop
        vertex -9.658036 85.812195 5.265201
        vertex -9.664943 80.28315 5.252513
        vertex -8.97628 86.78479 6.3581758
    endloop
endfacet
facet normal -0.90421569 0.00001809 0.42707619
    outer loop
        vertex -9.658036 85.812195 5.265201
        vertex -10.20195 90.36866 4.113421
        vertex -10.20072 79.927246 4.116468
    endloop
endfacet
facet normal -0.94154394 0.00081779 0.33688939
    outer loop
        vertex -10.20195 90.36866 4.113421
        vertex -10.162675 96 4.209518
        vertex -10.526343 96 3.1931314
    endloop
endfacet
facet normal -0.90318793 -0.00102572 0.4292441
    outer loop
        vertex -10.20195 90.36866 4.113421
        vertex -9.65364 92.92826 5.273257
        vertex -10.162675 96 4.209518
    endloop
endfacet
facet normal -0.90398777 -0.00174334 0.42755461
    outer loop
        vertex -9.65364 92.92826 5.273257
        vertex -9.701134 96 5.1853642
        vertex -10.162675 96 4.209518
    endloop
endfacet
facet normal -0.8525846 -0.00171606 0.52258635
    outer loop
        vertex -9.65364 92.92826 5.273257
        vertex -8.97628 86.78479 6.3581758
        vertex -9.146166 96 6.111273
    endloop
endfacet
facet normal 0.76714498 -0.00118976 0.64147258
    outer loop
        vertex 8.767334 85.75038 6.6433325
        vertex 8.503115 96 6.978326
        vertex 8.071855 84.61684 7.4729624
    endloop
endfacet
facet normal 0.82753527 -0.00144319 0.56141186
    outer loop
        vertex 8.767334 85.75038 6.6433325
        vertex 9.433206 84.32152 5.658148
        vertex 9.146166 96 6.111273
    endloop
endfacet
facet normal 0.76723069 -0.00206387 0.64136791
    outer loop
        vertex 8.071855 84.61684 7.4729624
        vertex 7.9745855 80.68707 7.576674
        vertex 8.83178 82.59843 6.5574126
    endloop
endfacet
facet normal 0.68874174 -0.00448144 0.72499293
    outer loop
        vertex 8.071855 84.61684 7.4729624
        vertex 7.2442746 87.6177 8.277711
        vertex 6.8612733 80.545265 8.597844
    endloop
endfacet
facet normal 0.67155778 0.0013823 0.74095088
    outer loop
        vertex 7.2442746 87.6177 8.277711
        vertex 7.778175 96 7.778175
        vertex 6.978326 96 8.503115
    endloop
endfacet
facet normal 0.82968098 0.00174701 0.55823523
    outer loop
        vertex 9.433206 84.32152 5.658148
        vertex 8.767334 85.75038 6.6433325
        vertex 8.83178 82.59843 6.5574126
    endloop
endfacet
facet normal 0.51410216 0.00111426 0.85772824
    outer loop
        vertex 5.846537 86.16601 9.317617
        vertex 6.111273 96 9.146166
        vertex 5.1853642 96 9.701134
    endloop
endfacet
facet normal 0.6757614 0.00272707 0.73711532
    outer loop
        vertex 8.071855 84.61684 7.4729624
        vertex 6.8612733 80.545265 8.597844
        vertex 7.9745855 80.68707 7.576674
    endloop
endfacet
facet normal 0.46630946 0.00160692 0.88462025
    outer loop
        vertex 4.4707017 81.95275 10.050514
        vertex 5.846537 86.16601 9.317617
        vertex 4.209518 96 10.162675
    endloop
endfacet
facet normal 0.55788809 -0.00555601 0.82989764
    outer loop
        vertex 5.846537 86.16601 9.317617
        vertex 5.2987776 79.26714 9.639655
        vertex 6.8612733 80.545265 8.597844
    endloop
endfacet
facet normal 0.80320656 -0.00123589 0.59569931
    outer loop
        vertex 8.767334 9.249619 6.6433325
        vertex 8.503115 -1 6.978326
        vertex 9.146166 -1 6.111273
    endloop
endfacet
facet normal 0.76714498 0.00118976 0.64147258
    outer loop
        vertex 8.767334 9.249619 6.6433325
        vertex 8.071855 10.383162 7.4729624
        vertex 8.503115 -1 6.978326
    endloop
endfacet
facet normal 0.6757614 -0.00272707 0.73711526
    outer loop
        vertex 8.071855 10.383162 7.4729624
        vertex 7.9745855 14.3129225 7.576674
        vertex 6.8612733 14.454733 8.597844
    endloop
endfacet
facet normal 0.76723075 0.00206387 0.64136791
    outer loop
        vertex 8.071855 10.383162 7.4729624
        vertex 8.83178 12.401577 6.5574126
        vertex 7.9745855 14.3129225 7.576674
    endloop
endfacet
facet normal 0.74093252 0.00717286 0.67154115
    outer loop
        vertex 7.2442746 7.382305 8.277711
        vertex 7.778175 -1 7.778175
        vertex 8.503115 -1 6.978326
    endloop
endfacet
facet normal 0.59833813 0.00213824 0.8012408
    outer loop
        vertex 7.2442746 7.382305 8.277711
        vertex 5.846537 8.833994 9.317617
        vertex 6.111273 -1 9.146166
    endloop
endfacet
facet normal 0.59569764 0.00269857 0.8032043
    outer loop
        vertex 7.2442746 7.382305 8.277711
        vertex 6.111273 -1 9.146166
        vertex 6.978326 -1 8.503115
    endloop
endfacet
facet normal 0.46630943 -0.00160692 0.88462025
    outer loop
        vertex 5.846537 8.833994 9.317617
        vertex 4.4707017 13.047249 10.050514
        vertex 4.209518 -1 10.162675
    endloop
endfacet
facet normal 0.51410222 -0.00111426 0.8577283
    outer loop
        vertex 5.846537 8.833994 9.317617
        vertex 5.1853642 -1 9.701134
        vertex 6.111273 -1 9.146166
    endloop
endfacet
facet normal 0.35857344 -0.00099064 0.93350101
    outer loop
        vertex 4.4707017 13.047249 10.050514
        vertex 3.4225807 13.873457 10.453992
        vertex 3.1931314 -1 10.526343
    endloop
endfacet
facet normal 0.73792279 -0.00256062 0.67488015
    outer loop
        vertex 8.456555 27.549765 7.0346766
        vertex 8.1968565 32.03018 7.335634
        vertex 7.765843 27.701647 7.790487
    endloop
endfacet
facet normal 0.80500621 0.00681251 0.59322733
    outer loop
        vertex 8.456555 27.549765 7.0346766
        vertex 9.129808 26.277779 6.135683
        vertex 8.1968565 32.03018 7.335634
    endloop
endfacet
facet normal 0.80642724 -0.01019225 0.59124553
    outer loop
        vertex 8.453377 67.57343 7.038496
        vertex 8.166968 64.07864 7.3688965
        vertex 9.129808 68.72223 6.135683
    endloop
endfacet
facet normal 0.73740053 0.00342519 0.67544711
    outer loop
        vertex 8.453377 67.57343 7.038496
        vertex 7.765843 67.298355 7.790487
        vertex 8.166968 64.07864 7.3688965
    endloop
endfacet
facet normal -0.55809104 -0.00478396 0.82976586
    outer loop
        vertex -5.8359756 70.258484 9.324237
        vertex -6.227765 71.389656 9.0672455
        vertex -6.6235805 68.1358 8.782265
    endloop
endfacet
facet normal -0.49124062 0.02764392 0.8705852
    outer loop
        vertex -5.8359756 70.258484 9.324237
        vertex -4.58258 71.25 10
        vertex -6.227765 71.389656 9.0672455
    endloop
endfacet
facet normal -0.69971526 0.00162239 0.71441996
    outer loop
        vertex -7.123535 55.740917 8.38184
        vertex -7.0504327 60.150738 8.443423
        vertex -8.256892 57.42181 7.267993
    endloop
endfacet
facet normal -0.60436815 -0.00110731 0.79670447
    outer loop
        vertex -7.123535 55.740917 8.38184
        vertex -6.1382966 54.894604 9.128051
        vertex -7.0504327 60.150738 8.443423
    endloop
endfacet
facet normal -0.76635569 -0.00176671 0.64241397
    outer loop
        vertex -8.083972 52.17741 7.459852
        vertex -8.256892 57.42181 7.267993
        vertex -8.800963 50.062416 6.5987144
    endloop
endfacet
facet normal -0.60355532 0.00038265 0.79732108
    outer loop
        vertex -7.123535 55.740917 8.38184
        vertex -7.087534 49.04801 8.412304
        vertex -6.1382966 54.894604 9.128051
    endloop
endfacet
facet normal -0.72753167 0.0017347 0.68607187
    outer loop
        vertex -8.334946 27.649826 7.178348
        vertex -8.14303 22.318802 7.3953404
        vertex -7.6066713 29.491041 7.945977
    endloop
endfacet
facet normal -0.78930491 -0.00342304 0.61399186
    outer loop
        vertex -8.334946 27.649826 7.178348
        vertex -9.02767 27.141367 6.2849956
        vertex -8.14303 22.318802 7.3953404
    endloop
endfacet
facet normal 0.68027306 -0.01121136 0.73287302
    outer loop
        vertex 8.166968 64.07864 7.3688965
        vertex 7.765843 67.298355 7.790487
        vertex 6.70107 63.666664 8.723282
    endloop
endfacet
facet normal 0.80027127 0.00002801 0.59963804
    outer loop
        vertex 8.453377 67.57343 7.038496
        vertex 9.129808 68.72223 6.135683
        vertex 8.451273 73.60894 7.041022
    endloop
endfacet
facet normal 0.39909157 0.00399594 0.91690236
    outer loop
        vertex 4.843029 57.529644 9.876491
        vertex 5.140372 62.582306 9.725049
        vertex 3.3508122 68.72223 10.477216
    endloop
endfacet
facet normal 0.48793542 -0.00255199 0.87287611
    outer loop
        vertex 4.843029 57.529644 9.876491
        vertex 5.953867 55.432556 9.249404
        vertex 5.140372 62.582306 9.725049
    endloop
endfacet
facet normal 0.37748244 -0.00237038 0.92601383
    outer loop
        vertex 5.1018777 47.5 9.745299
        vertex 4.843029 57.529644 9.876491
        vertex 3.3508122 54.574074 10.477216
    endloop
endfacet
facet normal 0.61451656 -0.00535799 0.78888577
    outer loop
        vertex 5.953867 55.432556 9.249404
        vertex 7.476086 56.215366 8.068961
        vertex 6.70107 63.666664 8.723282
    endloop
endfacet
facet normal 0.70589954 -0.00356338 0.70830297
    outer loop
        vertex 7.476086 56.215366 8.068961
        vertex 7.068514 46.901234 8.428292
        vertex 8.277637 51.09259 7.2443585
    endloop
endfacet
facet normal 0.5376597 0.00508339 0.84314668
    outer loop
        vertex 5.953867 55.432556 9.249404
        vertex 6.70107 63.666664 8.723282
        vertex 5.140372 62.582306 9.725049
    endloop
endfacet
facet normal -0.64154369 0.01153401 0.76699978
    outer loop
        vertex -6.703382 28.161846 8.721506
        vertex -6.2236104 31.666666 9.070098
        vertex -7.6066713 29.491041 7.945977
    endloop
endfacet
facet normal -0.57555795 -0.00254707 0.81775707
    outer loop
        vertex -6.703382 28.161846 8.721506
        vertex -5.8476872 25.956446 9.316896
        vertex -6.2236104 31.666666 9.070098
    endloop
endfacet
facet normal -0.65186739 -0.00053855 0.75833273
    outer loop
        vertex -6.6606517 22.452675 8.754183
        vertex -6.703382 28.161846 8.721506
        vertex -7.6066713 29.491041 7.945977
    endloop
endfacet
facet normal -0.46470803 0.00767544 0.88543075
    outer loop
        vertex -5.8476872 25.956446 9.316896
        vertex -4.58258 23.75 10
        vertex -6.2236104 31.666666 9.070098
    endloop
endfacet
facet normal -0.623505 0.00917334 0.78176546
    outer loop
        vertex -6.4668946 12.806872 8.898274
        vertex -5.9489694 17.817558 9.252555
        vertex -7.3755617 13.881345 8.16095
    endloop
endfacet
facet normal -0.55327928 -0.0017076 0.83299416
    outer loop
        vertex -6.4668946 12.806872 8.898274
        vertex -5.62048 10.479729 9.455697
        vertex -5.9489694 17.817558 9.252555
    endloop
endfacet
facet normal 0.22984269 0.00525712 0.97321355
    outer loop
        vertex 3.0203702 75.90089 10.577209
        vertex 3.4225807 81.12654 10.453992
        vertex 1.5 83.125 10.89725
    endloop
endfacet
facet normal 0.3225646 -0.00250839 0.94654411
    outer loop
        vertex 3.0203702 75.90089 10.577209
        vertex 4.093094 75.326126 10.210122
        vertex 3.4225807 81.12654 10.453992
    endloop
endfacet
facet normal 0.21660165 -0.0036281 0.97625339
    outer loop
        vertex 3.3508122 68.72223 10.477216
        vertex 3.0203702 75.90089 10.577209
        vertex 1.5 71.25 10.89725
    endloop
endfacet
facet normal 0.43609914 -0.00315612 0.89989311
    outer loop
        vertex 4.093094 75.326126 10.210122
        vertex 5.44538 76.12963 9.557606
        vertex 5.2987776 79.26714 9.639655
    endloop
endfacet
facet normal 0.32256463 0.00250839 0.94654417
    outer loop
        vertex 3.0203702 19.09911 10.577209
        vertex 3.4225807 13.873457 10.453992
        vertex 4.093094 19.673868 10.210122
    endloop
endfacet
facet normal 0.20598751 0 0.97855461
    outer loop
        vertex 3.0203702 19.09911 10.577209
        vertex 1.5 23.75 10.89725
        vertex 1.5 11.875 10.89725
    endloop
endfacet
facet normal 0.35780948 -0.00210197 0.93379223
    outer loop
        vertex 4.093094 19.673868 10.210122
        vertex 3.4225807 13.873457 10.453992
        vertex 4.4707017 13.047249 10.050514
    endloop
endfacet
facet normal 0.21660164 0.0036281 0.97625333
    outer loop
        vertex 3.0203702 19.09911 10.577209
        vertex 3.3508122 26.277779 10.477216
        vertex 1.5 23.75 10.89725
    endloop
endfacet
facet normal -0.86079341 0.00191374 0.50895083
    outer loop
        vertex -9.175274 18.595903 6.067484
        vertex -9.02767 27.141367 6.2849956
        vertex -9.853734 26.79594 4.8891644
    endloop
endfacet
facet normal -0.80030227 0.00805837 0.59954256
    outer loop
        vertex -9.175274 18.595903 6.067484
        vertex -8.529747 17.36237 6.9457483
        vertex -8.14303 22.318802 7.3953404
    endloop
endfacet
facet normal -0.50185317 -0.00243006 0.86494941
    outer loop
        vertex -5.633997 44.284966 9.447649
        vertex -6.2236104 31.666666 9.070098
        vertex -4.58258 23.75 10
    endloop
endfacet
facet normal -0.55121827 0.00079186 0.83436066
    outer loop
        vertex -5.633997 44.284966 9.447649
        vertex -6.479089 44.224506 8.889399
        vertex -6.2236104 31.666666 9.070098
    endloop
endfacet
facet normal -0.6347971 -0.00663121 0.77265036
    outer loop
        vertex -7.602416 11.024234 7.950049
        vertex -6.4668946 12.806872 8.898274
        vertex -7.3755617 13.881345 8.16095
    endloop
endfacet
facet normal -0.46812671 0.00350687 0.88365436
    outer loop
        vertex -5.62048 10.479729 9.455697
        vertex -4.58258 11.875 10
        vertex -5.9489694 17.817558 9.252555
    endloop
endfacet
facet normal -0.449734 0.00415926 0.89315289
    outer loop
        vertex -5.5356464 3.111111 9.5056095
        vertex -5.1853642 -1 9.701134
        vertex -4.58258 -0 10
    endloop
endfacet
facet normal -0.54168081 0.00235077 0.84058094
    outer loop
        vertex -5.5356464 3.111111 9.5056095
        vertex -6.517043 7.25 8.86161
        vertex -6.111273 -1 9.146166
    endloop
endfacet
facet normal -0.92059851 -0.00115941 0.39050868
    outer loop
        vertex -10.332083 47.580856 3.774661
        vertex -10.367652 42.539093 3.6758401
        vertex -9.82634 39.858788 4.94399
    endloop
endfacet
facet normal -0.95665729 0.0010412 0.29121408
    outer loop
        vertex -10.332083 47.580856 3.774661
        vertex -10.674845 45.878944 2.6547506
        vertex -10.367652 42.539093 3.6758401
    endloop
endfacet
facet normal -0.98080319 0.00430943 0.19495274
    outer loop
        vertex -10.674845 45.878944 2.6547506
        vertex -10.560348 52.754116 3.078808
        vertex -10.89725 47.5 1.5
    endloop
endfacet
facet normal -0.92789131 0.00919448 0.37273735
    outer loop
        vertex -10.560348 52.754116 3.078808
        vertex -10.332083 47.580856 3.774661
        vertex -9.860585 50.543213 4.875332
    endloop
endfacet
facet normal -0.95537215 -0.00066712 0.29540423
    outer loop
        vertex -10.333453 35.660408 3.7709086
        vertex -10.367652 42.539093 3.6758401
        vertex -10.668985 32.31354 2.6781995
    endloop
endfacet
facet normal -0.92130738 0.00263969 0.38882616
    outer loop
        vertex -10.333453 35.660408 3.7709086
        vertex -9.8752365 37.28761 4.845587
        vertex -9.82634 39.858788 4.94399
    endloop
endfacet
facet normal -0.94093078 0.00671772 0.33853236
    outer loop
        vertex -10.668985 32.31354 2.6781995
        vertex -10.497402 25.665485 3.2870266
        vertex -10.015993 29.574074 4.547514
    endloop
endfacet
facet normal -0.97476918 -0.00472091 0.2231653
    outer loop
        vertex -10.668985 32.31354 2.6781995
        vertex -10.89725 23.75 1.5
        vertex -10.497402 25.665485 3.2870266
    endloop
endfacet
facet normal 0.77599484 0.00062278 0.63073903
    outer loop
        vertex 8.400672 42.65788 7.101317
        vertex 8.734794 46.901234 6.686059
        vertex 8.277637 51.09259 7.2443585
    endloop
endfacet
facet normal 0.79337901 -0.00290076 0.60872096
    outer loop
        vertex 8.400672 42.65788 7.101317
        vertex 9.05164 42.143803 6.250426
        vertex 8.734794 46.901234 6.686059
    endloop
endfacet
facet normal 0.72683346 0.00120367 0.6868127
    outer loop
        vertex 8.1968565 32.03018 7.335634
        vertex 8.400672 42.65788 7.101317
        vertex 7.5739365 42.11111 7.977185
    endloop
endfacet
facet normal 0.87006098 -0.00055588 0.4929437
    outer loop
        vertex 9.05164 42.143803 6.250426
        vertex 10 47.5 4.58258
        vertex 9.074665 48.49794 6.2169504
    endloop
endfacet
facet normal 0.73818767 0.00006188 0.6745953
    outer loop
        vertex 8.456555 27.549765 7.0346766
        vertex 7.765843 27.701647 7.790487
        vertex 8.451273 21.39106 7.041022
    endloop
endfacet
facet normal 0.68122721 -0.00449387 0.73205829
    outer loop
        vertex 8.1968565 32.03018 7.335634
        vertex 7.5739365 42.11111 7.977185
        vertex 6.70107 31.333334 8.723282
    endloop
endfacet
facet normal -0.90476942 0.00258534 0.4258939
    outer loop
        vertex -10.20072 79.927246 4.116468
        vertex -10.149816 77.32086 4.240431
        vertex -9.664943 80.28315 5.252513
    endloop
endfacet
facet normal -0.94872713 0.00078189 0.31609547
    outer loop
        vertex -10.20072 79.927246 4.116468
        vertex -10.638364 82.17771 2.797359
        vertex -10.621127 76.9162 2.862108
    endloop
endfacet
facet normal -0.81291693 0.00381995 0.58236712
    outer loop
        vertex -8.893135 61.620815 6.47396
        vertex -8.592384 65.533226 6.86811
        vertex -9.289398 66.125854 5.8912725
    endloop
endfacet
facet normal -0.78544879 -0.00197438 0.61892354
    outer loop
        vertex -8.893135 61.620815 6.47396
        vertex -8.256892 57.42181 7.267993
        vertex -8.592384 65.533226 6.86811
    endloop
endfacet
facet normal -0.75115114 0.00147554 0.66012859
    outer loop
        vertex -8.592384 65.533226 6.86811
        vertex -8.256892 57.42181 7.267993
        vertex -7.8846655 66.968445 7.6702056
    endloop
endfacet
facet normal -0.84759748 -0.00592532 0.53060663
    outer loop
        vertex -8.893135 61.620815 6.47396
        vertex -9.289398 66.125854 5.8912725
        vertex -9.697126 61.907406 5.192855
    endloop
endfacet
facet normal -0.95188725 -0.00454589 0.30641499
    outer loop
        vertex -10.205403 57.965004 4.104845
        vertex -10.368539 63.038944 3.6733353
        vertex -10.644088 60.219135 2.7755005
    endloop
endfacet
facet normal -0.91321224 0.00529001 0.40744978
    outer loop
        vertex -10.205403 57.965004 4.104845
        vertex -9.697126 61.907406 5.192855
        vertex -10.368539 63.038944 3.6733353
    endloop
endfacet
facet normal -0.5617069 0.00050619 0.82733607
    outer loop
        vertex -5.6034217 82.75477 9.465816
        vertex -5.5620823 88.82929 9.490166
        vertex -6.7421575 84.58881 8.691566
    endloop
endfacet
facet normal -0.46352458 -0.00039747 0.88608402
    outer loop
        vertex -5.6034217 82.75477 9.465816
        vertex -4.58258 83.125 10
        vertex -5.5620823 88.82929 9.490166
    endloop
endfacet
facet normal -0.89696711 -0.00422085 0.4420771
    outer loop
        vertex -9.4750185 75.0442 5.587846
        vertex -9.664943 80.28315 5.252513
        vertex -10.149816 77.32086 4.240431
    endloop
endfacet
facet normal -0.82566839 0.00617569 0.56412184
    outer loop
        vertex -9.4750185 75.0442 5.587846
        vertex -8.632712 75.34774 6.8173513
        vertex -9.664943 80.28315 5.252513
    endloop
endfacet
facet normal -0.95943099 -0.0017164 0.28193852
    outer loop
        vertex -10.688165 22.384531 2.6006043
        vertex -10.755094 11.771261 2.3082347
        vertex -10.292333 11.5637865 3.8817377
    endloop
endfacet
facet normal -0.98242921 0 0.18663535
    outer loop
        vertex -10.688165 22.384531 2.6006043
        vertex -10.89725 23.75 1.5
        vertex -10.89725 11.875 1.5
    endloop
endfacet
facet normal 0.80320656 0.00123589 0.59569931
    outer loop
        vertex 8.767334 85.75038 6.6433325
        vertex 9.146166 96 6.111273
        vertex 8.503115 96 6.978326
    endloop
endfacet
facet normal 0.88467872 0 0.46620119
    outer loop
        vertex 9.433206 84.32152 5.658148
        vertex 10 83.125 4.58258
        vertex 10 95 4.58258
    endloop
endfacet
facet normal 0.85772818 -0.00113453 0.51410216
    outer loop
        vertex 9.433206 10.678478 5.658148
        vertex 9.146166 -1 6.111273
        vertex 9.701134 -1 5.1853642
    endloop
endfacet
facet normal 0.76754034 0.0017796 0.64099824
    outer loop
        vertex 8.767334 9.249619 6.6433325
        vertex 8.83178 12.401577 6.5574126
        vertex 8.071855 10.383162 7.4729624
    endloop
endfacet
facet normal 0.55004382 -0.00514373 0.83511996
    outer loop
        vertex 5.995573 23.286007 9.222424
        vertex 5.44538 18.87037 9.557606
        vertex 6.8612733 14.454733 8.597844
    endloop
endfacet
facet normal 0.51277524 0.00127638 0.858522
    outer loop
        vertex 5.995573 23.286007 9.222424
        vertex 5.217118 25.493826 9.684094
        vertex 5.44538 18.87037 9.557606
    endloop
endfacet
facet normal 0.51277518 -0.00127638 0.85852188
    outer loop
        vertex 5.995573 71.71399 9.222424
        vertex 5.44538 76.12963 9.557606
        vertex 5.217118 69.50617 9.684094
    endloop
endfacet
facet normal 0.60013425 -0.00225763 0.79989606
    outer loop
        vertex 5.995573 71.71399 9.222424
        vertex 7.231118 69.50617 8.289206
        vertex 6.8612733 80.545265 8.597844
    endloop
endfacet
facet normal -0.55864298 0.00328064 0.82940179
    outer loop
        vertex -6.7421575 84.58881 8.691566
        vertex -6.5724115 80.86591 8.820624
        vertex -5.6034217 82.75477 9.465816
    endloop
endfacet
facet normal -0.66892099 -0.00473165 0.7433185
    outer loop
        vertex -6.7421575 84.58881 8.691566
        vertex -7.9578066 84.07122 7.594295
        vertex -6.5724115 80.86591 8.820624
    endloop
endfacet
facet normal -0.55611718 0.0014039 0.83110279
    outer loop
        vertex -6.227765 71.389656 9.0672455
        vertex -5.6034217 82.75477 9.465816
        vertex -6.5724115 80.86591 8.820624
    endloop
endfacet
facet normal -0.51410168 0.00177365 0.85772741
    outer loop
        vertex -5.5620823 88.82929 9.490166
        vertex -5.1853642 96 9.701134
        vertex -6.111273 96 9.146166
    endloop
endfacet
facet normal -0.44789624 -0.00277405 0.89408123
    outer loop
        vertex -5.5620823 88.82929 9.490166
        vertex -4.58258 95 10
        vertex -5.1853642 96 9.701134
    endloop
endfacet
facet normal -0.47991166 0 0.87731677
    outer loop
        vertex -4.58258 11.875 10
        vertex -4.58258 23.75 10
        vertex -5.9489694 17.817558 9.252555
    endloop
endfacet
facet normal -0.46511242 0.00064163 0.8852514
    outer loop
        vertex -4.58258 11.875 10
        vertex -5.62048 10.479729 9.455697
        vertex -5.5356464 3.111111 9.5056095
    endloop
endfacet
facet normal -0.59786856 -0.00561153 0.80157459
    outer loop
        vertex -5.9489694 17.817558 9.252555
        vertex -6.6606517 22.452675 8.754183
        vertex -7.3755617 13.881345 8.16095
    endloop
endfacet
facet normal -0.98077893 -0.00081185 0.19512041
    outer loop
        vertex -10.621127 76.9162 2.862108
        vertex -10.638364 82.17771 2.797359
        vertex -10.89725 83.125 1.5
    endloop
endfacet
facet normal -0.94593149 -0.00304802 0.32435209
    outer loop
        vertex -10.621127 76.9162 2.862108
        vertex -10.149816 77.32086 4.240431
        vertex -10.20072 79.927246 4.116468
    endloop
endfacet
facet normal -0.8922314 0.00280093 0.45156986
    outer loop
        vertex -10.149816 77.32086 4.240431
        vertex -9.988092 69.50172 4.60847
        vertex -9.4750185 75.0442 5.587846
    endloop
endfacet
facet normal -0.97938293 -0.00083483 0.20201081
    outer loop
        vertex -10.587517 66.99029 2.9840367
        vertex -10.621127 76.9162 2.862108
        vertex -10.89725 71.25 1.5
    endloop
endfacet
facet normal 0.60016912 -0.00145814 0.79987186
    outer loop
        vertex 6.1064143 46.47569 9.14941
        vertex 5.9914193 40.67627 9.225122
        vertex 7.068514 46.901234 8.428292
    endloop
endfacet
facet normal 0.51100868 0.00108922 0.85957479
    outer loop
        vertex 6.1064143 46.47569 9.14941
        vertex 5.1018777 47.5 9.745299
        vertex 5.9914193 40.67627 9.225122
    endloop
endfacet
facet normal -0.98484963 0.00143374 0.17340459
    outer loop
        vertex -10.89725 11.875 1.5
        vertex -10.755094 11.771261 2.3082347
        vertex -10.688165 22.384531 2.6006043
    endloop
endfacet
facet normal -0.98603815 0.0004745 0.16651893
    outer loop
        vertex -10.755094 11.771261 2.3082347
        vertex -10.89725 -0 1.5
        vertex -10.788638 -1 2.1459935
    endloop
endfacet
facet normal 0.67646557 0.00770801 0.73643398
    outer loop
        vertex 7.9745855 14.3129225 7.576674
        vertex 8.097015 16.082457 7.4456925
        vertex 6.8612733 14.454733 8.597844
    endloop
endfacet
facet normal 0.76102203 -0.00463563 0.64870948
    outer loop
        vertex 7.9745855 14.3129225 7.576674
        vertex 8.83178 12.401577 6.5574126
        vertex 8.097015 16.082457 7.4456925
    endloop
endfacet
facet normal 0.76102203 0.00463564 0.64870954
    outer loop
        vertex 7.9745855 80.68707 7.576674
        vertex 8.097015 78.91754 7.4456925
        vertex 8.83178 82.59843 6.5574126
    endloop
endfacet
facet normal 0.67646557 -0.00770803 0.73643398
    outer loop
        vertex 7.9745855 80.68707 7.576674
        vertex 6.8612733 80.545265 8.597844
        vertex 8.097015 78.91754 7.4456925
    endloop
endfacet
facet normal -0.79070896 0.00165574 0.61218995
    outer loop
        vertex -9.121468 32.97221 6.1480756
        vertex -9.02767 27.141367 6.2849956
        vertex -8.334946 27.649826 7.178348
    endloop
endfacet
facet normal -0.87003243 -0.00317395 0.49298432
    outer loop
        vertex -9.121468 32.97221 6.1480756
        vertex -9.8752365 37.28761 4.845587
        vertex -10.015993 29.574074 4.547514
    endloop
endfacet
facet normal -0.86095858 -0.00309444 0.50866568
    outer loop
        vertex -9.82634 39.858788 4.94399
        vertex -9.8752365 37.28761 4.845587
        vertex -9.068898 39.749657 6.2253585
    endloop
endfacet
facet normal -0.91904473 0.00087825 0.39415219
    outer loop
        vertex -9.82634 39.858788 4.94399
        vertex -10.367652 42.539093 3.6758401
        vertex -10.333453 35.660408 3.7709086
    endloop
endfacet
facet normal -0.95496237 -0.00116002 0.29672489
    outer loop
        vertex -10.368539 63.038944 3.6733353
        vertex -10.587517 66.99029 2.9840367
        vertex -10.644088 60.219135 2.7755005
    endloop
endfacet
facet normal -0.91582888 -0.00418961 0.40154678
    outer loop
        vertex -10.368539 63.038944 3.6733353
        vertex -9.697126 61.907406 5.192855
        vertex -9.988092 69.50172 4.60847
    endloop
endfacet
facet normal -0.8793304 0.00719912 0.47615775
    outer loop
        vertex -9.121468 32.97221 6.1480756
        vertex -10.015993 29.574074 4.547514
        vertex -9.853734 26.79594 4.8891644
    endloop
endfacet
facet normal -0.9479863 -0.00884624 0.31818816
    outer loop
        vertex -10.015993 29.574074 4.547514
        vertex -10.333453 35.660408 3.7709086
        vertex -10.668985 32.31354 2.6781995
    endloop
endfacet
facet normal -0.91550463 -0.00399807 0.40228772
    outer loop
        vertex -9.853734 26.79594 4.8891644
        vertex -10.015993 29.574074 4.547514
        vertex -10.342934 23.672382 3.7448273
    endloop
endfacet
facet normal -0.86038274 -0.00187303 0.50964493
    outer loop
        vertex -9.853734 26.79594 4.8891644
        vertex -9.02767 27.141367 6.2849956
        vertex -9.121468 32.97221 6.1480756
    endloop
endfacet
facet normal -0.85772783 0.00144832 0.51410198
    outer loop
        vertex -9.65364 92.92826 5.273257
        vertex -9.146166 96 6.111273
        vertex -9.701134 96 5.1853642
    endloop
endfacet
facet normal -0.77475023 -0.00276844 0.63226128
    outer loop
        vertex -8.97628 86.78479 6.3581758
        vertex -7.9578066 84.07122 7.594295
        vertex -8.503115 96 6.978326
    endloop
endfacet
facet normal -0.89864331 -0.00519864 0.43864933
    outer loop
        vertex -9.320203 51.560368 5.8424153
        vertex -9.697126 61.907406 5.192855
        vertex -10.205403 57.965004 4.104845
    endloop
endfacet
facet normal -0.87378645 0.0039425 0.48629379
    outer loop
        vertex -9.289398 66.125854 5.8912725
        vertex -9.988092 69.50172 4.60847
        vertex -9.697126 61.907406 5.192855
    endloop
endfacet
facet normal -0.6940257 -0.00327185 0.71994275
    outer loop
        vertex -7.8846655 66.968445 7.6702056
        vertex -8.256892 57.42181 7.267993
        vertex -7.0504327 60.150738 8.443423
    endloop
endfacet
facet normal -0.82520723 0.00204166 0.56482655
    outer loop
        vertex -9.289398 66.125854 5.8912725
        vertex -8.632712 75.34774 6.8173513
        vertex -9.4750185 75.0442 5.587846
    endloop
endfacet
facet normal -0.66332203 0.00370404 0.74832487
    outer loop
        vertex -7.0504327 60.150738 8.443423
        vertex -6.6235805 68.1358 8.782265
        vertex -7.8846655 66.968445 7.6702056
    endloop
endfacet
facet normal -0.60546523 -0.00140634 0.79587048
    outer loop
        vertex -7.0504327 60.150738 8.443423
        vertex -6.1382966 54.894604 9.128051
        vertex -6.6235805 68.1358 8.782265
    endloop
endfacet
facet normal 0.48952672 0.00233915 0.87198514
    outer loop
        vertex 4.856408 37.839966 9.869919
        vertex 5.140372 32.417694 9.725049
        vertex 5.9914193 40.67627 9.225122
    endloop
endfacet
facet normal 0.36560255 -0.00572089 0.93075353
    outer loop
        vertex 4.856408 37.839966 9.869919
        vertex 3.3508122 40.425926 10.477216
        vertex 5.140372 32.417694 9.725049
    endloop
endfacet
facet normal 0.7938835 0.00662807 0.60803378
    outer loop
        vertex 8.097015 78.91754 7.4456925
        vertex 8.451273 73.60894 7.041022
        vertex 9.154623 75.81912 6.098595
    endloop
endfacet
facet normal 0.68369561 0.00250277 0.72976303
    outer loop
        vertex 8.097015 78.91754 7.4456925
        vertex 6.8612733 80.545265 8.597844
        vertex 7.231118 69.50617 8.289206
    endloop
endfacet
facet normal 0.72243202 0.00449711 0.69142735
    outer loop
        vertex 8.097015 16.082457 7.4456925
        vertex 8.451273 21.39106 7.041022
        vertex 7.231118 25.493826 8.289206
    endloop
endfacet
facet normal 0.78081304 0.00509842 0.62474394
    outer loop
        vertex 8.097015 16.082457 7.4456925
        vertex 8.83178 12.401577 6.5574126
        vertex 9.154623 19.18088 6.098595
    endloop
endfacet
facet normal -0.65765512 -0.00845135 0.75327176
    outer loop
        vertex -6.479089 44.224506 8.889399
        vertex -7.087534 49.04801 8.412304
        vertex -8.055322 42.22222 7.4907804
    endloop
endfacet
facet normal -0.58790982 -0.00357729 0.80891854
    outer loop
        vertex -7.087534 49.04801 8.412304
        vertex -5.633997 44.284966 9.447649
        vertex -6.1382966 54.894604 9.128051
    endloop
endfacet
facet normal -0.72100341 -0.00163096 0.69292951
    outer loop
        vertex -7.575402 36.125515 7.9757943
        vertex -8.055322 42.22222 7.4907804
        vertex -8.306722 34.48765 7.21099
    endloop
endfacet
facet normal -0.47452933 0.00396009 0.88023072
    outer loop
        vertex -6.1382966 54.894604 9.128051
        vertex -5.633997 44.284966 9.447649
        vertex -4.58258 47.5 10
    endloop
endfacet
facet normal 0.82969427 -0.00173199 0.55821532
    outer loop
        vertex 9.154623 19.18088 6.098595
        vertex 8.83178 12.401577 6.5574126
        vertex 9.433206 10.678478 5.658148
    endloop
endfacet
facet normal 0.7938835 -0.00662807 0.60803384
    outer loop
        vertex 9.154623 19.18088 6.098595
        vertex 8.451273 21.39106 7.041022
        vertex 8.097015 16.082457 7.4456925
    endloop
endfacet
facet normal 0.87274432 0.0005004 0.48817742
    outer loop
        vertex 9.129808 26.277779 6.135683
        vertex 9.154623 19.18088 6.098595
        vertex 10 23.75 4.58258
    endloop
endfacet
facet normal 0.68369561 -0.00250277 0.72976303
    outer loop
        vertex 8.097015 16.082457 7.4456925
        vertex 7.231118 25.493826 8.289206
        vertex 6.8612733 14.454733 8.597844
    endloop
endfacet
facet normal 0.43609911 0.00315612 0.89989305
    outer loop
        vertex 5.2987776 15.732853 9.639655
        vertex 5.44538 18.87037 9.557606
        vertex 4.093094 19.673868 10.210122
    endloop
endfacet
facet normal 0.55247313 -0.00401723 0.83352107
    outer loop
        vertex 5.2987776 15.732853 9.639655
        vertex 6.8612733 14.454733 8.597844
        vertex 5.44538 18.87037 9.557606
    endloop
endfacet
facet normal 0.87338662 -0 0.4870275
    outer loop
        vertex 10 11.875 4.58258
        vertex 10 23.75 4.58258
        vertex 9.154623 19.18088 6.098595
    endloop
endfacet
facet normal 0.89432746 0.0024052 0.44740644
    outer loop
        vertex 10 -0 4.58258
        vertex 9.433206 10.678478 5.658148
        vertex 9.701134 -1 5.1853642
    endloop
endfacet
facet normal 0.70478928 -0.00412451 0.70940471
    outer loop
        vertex 8.503115 -1 6.978326
        vertex 8.071855 10.383162 7.4729624
        vertex 7.2442746 7.382305 8.277711
    endloop
endfacet
facet normal 0.60013425 0.00225763 0.799896
    outer loop
        vertex 6.8612733 14.454733 8.597844
        vertex 7.231118 25.493826 8.289206
        vertex 5.995573 23.286007 9.222424
    endloop
endfacet
facet normal 0.82968092 -0.00174701 0.55823517
    outer loop
        vertex 9.433206 10.678478 5.658148
        vertex 8.83178 12.401577 6.5574126
        vertex 8.767334 9.249619 6.6433325
    endloop
endfacet
facet normal 0.78081304 -0.00509842 0.62474388
    outer loop
        vertex 9.154623 75.81912 6.098595
        vertex 8.83178 82.59843 6.5574126
        vertex 8.097015 78.91754 7.4456925
    endloop
endfacet
facet normal 0.87338674 0 0.4870275
    outer loop
        vertex 9.154623 75.81912 6.098595
        vertex 10 71.25 4.58258
        vertex 10 83.125 4.58258
    endloop
endfacet
facet normal 0.70478922 0.00412451 0.70940465
    outer loop
        vertex 7.2442746 87.6177 8.277711
        vertex 8.071855 84.61684 7.4729624
        vertex 8.503115 96 6.978326
    endloop
endfacet
facet normal 0.87274426 -0.0005004 0.48817742
    outer loop
        vertex 9.154623 75.81912 6.098595
        vertex 9.129808 68.72223 6.135683
        vertex 10 71.25 4.58258
    endloop
endfacet
facet normal 0.55247307 0.00401724 0.83352101
    outer loop
        vertex 5.2987776 79.26714 9.639655
        vertex 5.44538 76.12963 9.557606
        vertex 6.8612733 80.545265 8.597844
    endloop
endfacet
facet normal 0.43616289 -0.00318012 0.89986211
    outer loop
        vertex 5.2987776 79.26714 9.639655
        vertex 4.4707017 81.95275 10.050514
        vertex 4.093094 75.326126 10.210122
    endloop
endfacet
facet normal 0.88256758 -0.00456174 0.47016338
    outer loop
        vertex 10 83.125 4.58258
        vertex 9.433206 84.32152 5.658148
        vertex 9.154623 75.81912 6.098595
    endloop
endfacet
facet normal 0.76754034 -0.00177959 0.64099818
    outer loop
        vertex 8.071855 84.61684 7.4729624
        vertex 8.83178 82.59843 6.5574126
        vertex 8.767334 85.75038 6.6433325
    endloop
endfacet
facet normal 0.70078903 0.00859889 0.71331674
    outer loop
        vertex 8.451273 73.60894 7.041022
        vertex 7.231118 69.50617 8.289206
        vertex 7.765843 67.298355 7.790487
    endloop
endfacet
facet normal 0.55004382 0.00514372 0.83511996
    outer loop
        vertex 6.8612733 80.545265 8.597844
        vertex 5.44538 76.12963 9.557606
        vertex 5.995573 71.71399 9.222424
    endloop
endfacet
facet normal -0.67541116 -0.00610488 0.73741609
    outer loop
        vertex -7.6066713 29.491041 7.945977
        vertex -8.14303 22.318802 7.3953404
        vertex -6.6606517 22.452675 8.754183
    endloop
endfacet
facet normal -0.79391998 0.00037448 0.60802221
    outer loop
        vertex -8.334946 27.649826 7.178348
        vertex -8.306722 34.48765 7.21099
        vertex -9.121468 32.97221 6.1480756
    endloop
endfacet
facet normal -0.69856209 0.00314392 0.71554261
    outer loop
        vertex -8.083972 52.17741 7.459852
        vertex -7.123535 55.740917 8.38184
        vertex -8.256892 57.42181 7.267993
    endloop
endfacet
facet normal -0.48892257 0 0.87232715
    outer loop
        vertex -6.1382966 54.894604 9.128051
        vertex -4.58258 47.5 10
        vertex -4.58258 71.25 10
    endloop
endfacet
facet normal -0.71715087 0.00549956 0.69689614
    outer loop
        vertex -7.602416 11.024234 7.950049
        vertex -7.3755617 13.881345 8.16095
        vertex -8.529747 17.36237 6.9457483
    endloop
endfacet
facet normal -0.64163971 0.00072987 0.76700592
    outer loop
        vertex -7.602416 11.024234 7.950049
        vertex -6.517043 7.25 8.86161
        vertex -6.4668946 12.806872 8.898274
    endloop
endfacet
facet normal -0.90784717 -0.00271208 0.41929245
    outer loop
        vertex -9.670125 13.7327385 5.242964
        vertex -9.761185 17.693073 5.071419
        vertex -10.292333 11.5637865 3.8817377
    endloop
endfacet
facet normal -0.80438441 0.00205103 0.5941056
    outer loop
        vertex -9.175274 18.595903 6.067484
        vertex -8.752628 11.941359 6.662695
        vertex -8.529747 17.36237 6.9457483
    endloop
endfacet
facet normal -0.80320662 0.00115317 0.59569937
    outer loop
        vertex -8.97628 86.78479 6.3581758
        vertex -8.503115 96 6.978326
        vertex -9.146166 96 6.111273
    endloop
endfacet
facet normal -0.56519771 0.00192636 0.82495326
    outer loop
        vertex -6.978326 96 8.503115
        vertex -6.7421575 84.58881 8.691566
        vertex -5.5620823 88.82929 9.490166
    endloop
endfacet
facet normal -0.94849402 0.00223132 0.31678718
    outer loop
        vertex -10.205403 57.965004 4.104845
        vertex -10.644088 60.219135 2.7755005
        vertex -10.560348 52.754116 3.078808
    endloop
endfacet
facet normal -0.97789985 0.00173128 0.20906694
    outer loop
        vertex -10.587517 66.99029 2.9840367
        vertex -10.89725 71.25 1.5
        vertex -10.644088 60.219135 2.7755005
    endloop
endfacet
facet normal -0.98006511 0 0.1986763
    outer loop
        vertex -10.89725 83.125 1.5
        vertex -10.89725 71.25 1.5
        vertex -10.621127 76.9162 2.862108
    endloop
endfacet
facet normal -0.938694 0.00105633 0.34474987
    outer loop
        vertex -9.988092 69.50172 4.60847
        vertex -10.621127 76.9162 2.862108
        vertex -10.587517 66.99029 2.9840367
    endloop
endfacet
facet normal -0.88061464 -0.00220757 0.47382808
    outer loop
        vertex -9.4750185 75.0442 5.587846
        vertex -9.988092 69.50172 4.60847
        vertex -9.289398 66.125854 5.8912725
    endloop
endfacet
facet normal -0.96990436 -0.01616796 0.24294874
    outer loop
        vertex -10.788638 96 2.1459935
        vertex -10.20195 90.36866 4.113421
        vertex -10.526343 96 3.1931314
    endloop
endfacet
facet normal -0.93984735 0.00561154 0.34154871
    outer loop
        vertex -10.497402 25.665485 3.2870266
        vertex -10.342934 23.672382 3.7448273
        vertex -10.015993 29.574074 4.547514
    endloop
endfacet
facet normal -0.97892702 0.01429829 0.20370924
    outer loop
        vertex -10.497402 25.665485 3.2870266
        vertex -10.89725 23.75 1.5
        vertex -10.688165 22.384531 2.6006043
    endloop
endfacet
facet normal -0.56810474 0.00067024 0.82295609
    outer loop
        vertex -5.8359756 70.258484 9.324237
        vertex -6.6235805 68.1358 8.782265
        vertex -6.1382966 54.894604 9.128051
    endloop
endfacet
facet normal -0.60887361 0.0045913 0.79325396
    outer loop
        vertex -6.227765 71.389656 9.0672455
        vertex -7.332597 74.78316 8.199574
        vertex -6.6235805 68.1358 8.782265
    endloop
endfacet
facet normal -0.49342129 -0.00339684 0.86978388
    outer loop
        vertex -5.6034217 82.75477 9.465816
        vertex -6.227765 71.389656 9.0672455
        vertex -4.58258 71.25 10
    endloop
endfacet
facet normal -0.72740126 0.00490424 0.6861949
    outer loop
        vertex -7.332597 74.78316 8.199574
        vertex -8.632712 75.34774 6.8173513
        vertex -7.8846655 66.968445 7.6702056
    endloop
endfacet
facet normal 0.80954343 0.00015925 0.58706003
    outer loop
        vertex 9.074665 48.49794 6.2169504
        vertex 8.734794 46.901234 6.686059
        vertex 9.05164 42.143803 6.250426
    endloop
endfacet
facet normal 0.79847139 0.00690334 0.60199326
    outer loop
        vertex 9.074665 48.49794 6.2169504
        vertex 8.277637 51.09259 7.2443585
        vertex 8.734794 46.901234 6.686059
    endloop
endfacet
facet normal -0.7317884 -0.00472298 0.68151557
    outer loop
        vertex -8.14303 22.318802 7.3953404
        vertex -8.529747 17.36237 6.9457483
        vertex -7.3755617 13.881345 8.16095
    endloop
endfacet
facet normal -0.78660226 -0.00212959 0.61745632
    outer loop
        vertex -8.14303 22.318802 7.3953404
        vertex -9.02767 27.141367 6.2849956
        vertex -9.175274 18.595903 6.067484
    endloop
endfacet
facet normal -0.5703944 0.00043203 0.82137084
    outer loop
        vertex -5.8476872 25.956446 9.316896
        vertex -6.703382 28.161846 8.721506
        vertex -6.6606517 22.452675 8.754183
    endloop
endfacet
facet normal -0.91811514 -0.00139972 0.39631131
    outer loop
        vertex -9.761185 17.693073 5.071419
        vertex -9.853734 26.79594 4.8891644
        vertex -10.342934 23.672382 3.7448273
    endloop
endfacet
facet normal -0.9208172 0.00173274 0.38999051
    outer loop
        vertex -10.333453 35.660408 3.7709086
        vertex -10.015993 29.574074 4.547514
        vertex -9.8752365 37.28761 4.845587
    endloop
endfacet
facet normal -0.86247689 0.00136399 0.50609452
    outer loop
        vertex -9.853734 26.79594 4.8891644
        vertex -9.761185 17.693073 5.071419
        vertex -9.175274 18.595903 6.067484
    endloop
endfacet
facet normal -0.74711478 -0.00398872 0.6646831
    outer loop
        vertex -8.529747 17.36237 6.9457483
        vertex -8.752628 11.941359 6.662695
        vertex -7.602416 11.024234 7.950049
    endloop
endfacet
facet normal -0.84297526 -0.005425 0.53792495
    outer loop
        vertex -8.752628 11.941359 6.662695
        vertex -9.175274 18.595903 6.067484
        vertex -9.670125 13.7327385 5.242964
    endloop
endfacet
facet normal -0.95539528 -0.00622458 0.29526451
    outer loop
        vertex -10.688165 22.384531 2.6006043
        vertex -10.342934 23.672382 3.7448273
        vertex -10.497402 25.665485 3.2870266
    endloop
endfacet
facet normal -0.72510588 -0.00029439 0.68863732
    outer loop
        vertex -7.6066713 29.491041 7.945977
        vertex -8.306722 34.48765 7.21099
        vertex -8.334946 27.649826 7.178348
    endloop
endfacet
facet normal 0.53799158 -0.00441348 0.84293872
    outer loop
        vertex 5.9914193 40.67627 9.225122
        vertex 5.140372 32.417694 9.725049
        vertex 6.70107 31.333334 8.723282
    endloop
endfacet
facet normal 0.37754598 0.00235197 0.92598784
    outer loop
        vertex 4.856408 37.839966 9.869919
        vertex 5.1018777 47.5 9.745299
        vertex 3.3508122 40.425926 10.477216
    endloop
endfacet
facet normal -0.7922774 -0.00466943 0.61014324
    outer loop
        vertex -9.320203 51.560368 5.8424153
        vertex -8.256892 57.42181 7.267993
        vertex -8.893135 61.620815 6.47396
    endloop
endfacet
facet normal -0.69054502 0.00025973 0.72328931
    outer loop
        vertex -8.083972 52.17741 7.459852
        vertex -8.055322 42.22222 7.4907804
        vertex -7.087534 49.04801 8.412304
    endloop
endfacet
facet normal -0.67597753 0.00537935 0.73690259
    outer loop
        vertex -7.3755617 13.881345 8.16095
        vertex -6.6606517 22.452675 8.754183
        vertex -8.14303 22.318802 7.3953404
    endloop
endfacet
facet normal -0.55103141 -0.00053306 0.83448434
    outer loop
        vertex -6.4668946 12.806872 8.898274
        vertex -6.517043 7.25 8.86161
        vertex -5.62048 10.479729 9.455697
    endloop
endfacet
facet normal -0.97646582 -0.00219128 0.21566088
    outer loop
        vertex -10.560348 52.754116 3.078808
        vertex -10.644088 60.219135 2.7755005
        vertex -10.89725 47.5 1.5
    endloop
endfacet
facet normal -0.8769837 0.0091309 0.48043323
    outer loop
        vertex -10.205403 57.965004 4.104845
        vertex -9.860585 50.543213 4.875332
        vertex -9.320203 51.560368 5.8424153
    endloop
endfacet
facet normal 0.70078903 -0.00859889 0.71331674
    outer loop
        vertex 7.765843 27.701647 7.790487
        vertex 7.231118 25.493826 8.289206
        vertex 8.451273 21.39106 7.041022
    endloop
endfacet
facet normal 0.66963577 0.00557657 0.74266869
    outer loop
        vertex 7.765843 27.701647 7.790487
        vertex 6.70107 31.333334 8.723282
        vertex 7.231118 25.493826 8.289206
    endloop
endfacet
facet normal 0.66963577 -0.00557657 0.74266875
    outer loop
        vertex 7.765843 67.298355 7.790487
        vertex 7.231118 69.50617 8.289206
        vertex 6.70107 63.666664 8.723282
    endloop
endfacet
facet normal 0.73803371 -0.00002512 0.67476386
    outer loop
        vertex 7.765843 67.298355 7.790487
        vertex 8.453377 67.57343 7.038496
        vertex 8.451273 73.60894 7.041022
    endloop
endfacet
facet normal 0.54067045 0.00101705 0.84123391
    outer loop
        vertex 5.140372 32.417694 9.725049
        vertex 5.217118 25.493826 9.684094
        vertex 6.70107 31.333334 8.723282
    endloop
endfacet
facet normal 0.38747406 0 0.9218806
    outer loop
        vertex 5.140372 32.417694 9.725049
        vertex 3.3508122 40.425926 10.477216
        vertex 3.3508122 26.277779 10.477216
    endloop
endfacet
facet normal 0.35214695 0.00172742 0.93594313
    outer loop
        vertex 4.397025 26.611568 10.082964
        vertex 3.3508122 26.277779 10.477216
        vertex 4.093094 19.673868 10.210122
    endloop
endfacet
facet normal 0.22131808 0 0.97520161
    outer loop
        vertex 3.3508122 40.425926 10.477216
        vertex 1.5 47.5 10.89725
        vertex 1.5 23.75 10.89725
    endloop
endfacet
facet normal 0.43458816 0.00253153 0.90062571
    outer loop
        vertex 4.397025 68.388435 10.082964
        vertex 5.217118 69.50617 9.684094
        vertex 4.093094 75.326126 10.210122
    endloop
endfacet
facet normal 0.54067051 -0.00101705 0.84123391
    outer loop
        vertex 5.140372 62.582306 9.725049
        vertex 6.70107 63.666664 8.723282
        vertex 5.217118 69.50617 9.684094
    endloop
endfacet
facet normal 0.22131811 -0 0.97520167
    outer loop
        vertex 3.3508122 54.574074 10.477216
        vertex 3.3508122 68.72223 10.477216
        vertex 1.5 71.25 10.89725
    endloop
endfacet
facet normal 0.59939599 0.00127234 0.80045158
    outer loop
        vertex 7.068514 46.901234 8.428292
        vertex 5.953867 55.432556 9.249404
        vertex 6.1064143 46.47569 9.14941
    endloop
endfacet
facet normal 0.60718608 -0.0039485 0.79454988
    outer loop
        vertex 6.70107 31.333334 8.723282
        vertex 5.995573 23.286007 9.222424
        vertex 7.231118 25.493826 8.289206
    endloop
endfacet
facet normal 0.43458816 -0.00253153 0.90062571
    outer loop
        vertex 5.217118 25.493826 9.684094
        vertex 4.397025 26.611568 10.082964
        vertex 4.093094 19.673868 10.210122
    endloop
endfacet
facet normal 0.43348512 0.0022704 0.90115792
    outer loop
        vertex 5.217118 69.50617 9.684094
        vertex 5.44538 76.12963 9.557606
        vertex 4.093094 75.326126 10.210122
    endloop
endfacet
facet normal 0.60718602 0.0039485 0.79454988
    outer loop
        vertex 5.995573 71.71399 9.222424
        vertex 6.70107 63.666664 8.723282
        vertex 7.231118 69.50617 8.289206
    endloop
endfacet
facet normal -0.78332019 0.00297441 0.6216113
    outer loop
        vertex -9.068898 39.749657 6.2253585
        vertex -8.306722 34.48765 7.21099
        vertex -8.055322 42.22222 7.4907804
    endloop
endfacet
facet normal -0.8608281 0.00051107 0.50889564
    outer loop
        vertex -9.068898 39.749657 6.2253585
        vertex -9.860585 50.543213 4.875332
        vertex -9.82634 39.858788 4.94399
    endloop
endfacet
facet normal -0.79311556 -0.00079339 0.60907072
    outer loop
        vertex -8.306722 34.48765 7.21099
        vertex -9.068898 39.749657 6.2253585
        vertex -9.121468 32.97221 6.1480756
    endloop
endfacet
facet normal -0.98174465 0 0.19020358
    outer loop
        vertex -10.668985 32.31354 2.6781995
        vertex -10.89725 47.5 1.5
        vertex -10.89725 23.75 1.5
    endloop
endfacet
facet normal -0.63023049 -0.00051899 0.77640796
    outer loop
        vertex -7.6066713 29.491041 7.945977
        vertex -6.2236104 31.666666 9.070098
        vertex -7.575402 36.125515 7.9757943
    endloop
endfacet
facet normal -0.57092482 0.00061433 0.82100219
    outer loop
        vertex -6.6606517 22.452675 8.754183
        vertex -5.9489694 17.817558 9.252555
        vertex -5.8476872 25.956446 9.316896
    endloop
endfacet
facet normal -0.94154376 -0.00092749 0.33688933
    outer loop
        vertex -10.292333 11.5637865 3.8817377
        vertex -10.526343 -1 3.1931314
        vertex -10.162675 -1 4.209518
    endloop
endfacet
facet normal -0.95714647 -0.00072534 0.28960335
    outer loop
        vertex -10.292333 11.5637865 3.8817377
        vertex -10.342934 23.672382 3.7448273
        vertex -10.688165 22.384531 2.6006043
    endloop
endfacet
facet normal -0.80320674 -0.00095739 0.59569949
    outer loop
        vertex -8.752628 11.941359 6.662695
        vertex -9.146166 -1 6.111273
        vertex -8.503115 -1 6.978326
    endloop
endfacet
facet normal -0.91456103 0.00075115 0.40444726
    outer loop
        vertex -10.292333 11.5637865 3.8817377
        vertex -9.761185 17.693073 5.071419
        vertex -10.342934 23.672382 3.7448273
    endloop
endfacet
facet normal -0.59569901 -0.00159519 0.80320615
    outer loop
        vertex -6.517043 7.25 8.86161
        vertex -6.978326 -1 8.503115
        vertex -6.111273 -1 9.146166
    endloop
endfacet
facet normal -0.67154878 0.00535148 0.74094099
    outer loop
        vertex -6.517043 7.25 8.86161
        vertex -7.778175 -1 7.778175
        vertex -6.978326 -1 8.503115
    endloop
endfacet
facet normal 0.22984266 -0.00525712 0.97321355
    outer loop
        vertex 1.5 11.875 10.89725
        vertex 3.4225807 13.873457 10.453992
        vertex 3.0203702 19.09911 10.577209
    endloop
endfacet
facet normal 0.33688921 0.00125392 0.9415434
    outer loop
        vertex 4.4707017 13.047249 10.050514
        vertex 3.1931314 -1 10.526343
        vertex 4.209518 -1 10.162675
    endloop
endfacet
facet normal 0.52437216 0.00684167 0.85146171
    outer loop
        vertex 5.995573 23.286007 9.222424
        vertex 6.70107 31.333334 8.723282
        vertex 5.217118 25.493826 9.684094
    endloop
endfacet
facet normal 0.87293273 0.00077273 0.48783985
    outer loop
        vertex 9.05164 42.143803 6.250426
        vertex 9.129808 26.277779 6.135683
        vertex 10 23.75 4.58258
    endloop
endfacet
facet normal 0.67155778 -0.0013823 0.740951
    outer loop
        vertex 7.778175 -1 7.778175
        vertex 7.2442746 7.382305 8.277711
        vertex 6.978326 -1 8.503115
    endloop
endfacet
facet normal 0.32461607 -0.0017675 0.94584423
    outer loop
        vertex 3.0203702 19.09911 10.577209
        vertex 4.093094 19.673868 10.210122
        vertex 3.3508122 26.277779 10.477216
    endloop
endfacet
facet normal 0.20598751 0 0.97855461
    outer loop
        vertex 1.5 83.125 10.89725
        vertex 1.5 71.25 10.89725
        vertex 3.0203702 75.90089 10.577209
    endloop
endfacet
facet normal 0.24297856 -0.00400826 0.97002339
    outer loop
        vertex 1.5 83.125 10.89725
        vertex 3.1931314 96 10.526343
        vertex 2.1459935 96 10.788638
    endloop
endfacet
facet normal 0.45780939 0.00515063 0.8890354
    outer loop
        vertex 5.846537 86.16601 9.317617
        vertex 4.4707017 81.95275 10.050514
        vertex 5.2987776 79.26714 9.639655
    endloop
endfacet
facet normal 0.67770791 0.00591948 0.7353074
    outer loop
        vertex 8.166968 64.07864 7.3688965
        vertex 6.70107 63.666664 8.723282
        vertex 7.476086 56.215366 8.068961
    endloop
endfacet
facet normal 0.5243721 -0.00684167 0.85146171
    outer loop
        vertex 6.70107 63.666664 8.723282
        vertex 5.995573 71.71399 9.222424
        vertex 5.217118 69.50617 9.684094
    endloop
endfacet
facet normal 0.35780951 0.00210196 0.93379217
    outer loop
        vertex 3.4225807 81.12654 10.453992
        vertex 4.093094 75.326126 10.210122
        vertex 4.4707017 81.95275 10.050514
    endloop
endfacet
facet normal 0.80104601 0.00032737 0.59860277
    outer loop
        vertex 9.129808 68.72223 6.135683
        vertex 9.154623 75.81912 6.098595
        vertex 8.451273 73.60894 7.041022
    endloop
endfacet
facet normal 0.72361273 0.01135988 0.69011277
    outer loop
        vertex 7.068514 46.901234 8.428292
        vertex 7.5739365 42.11111 7.977185
        vertex 8.400672 42.65788 7.101317
    endloop
endfacet
facet normal 0.6115936 0.00375998 0.79116321
    outer loop
        vertex 7.068514 46.901234 8.428292
        vertex 7.476086 56.215366 8.068961
        vertex 5.953867 55.432556 9.249404
    endloop
endfacet
facet normal 0.70282334 -0.00181182 0.71136206
    outer loop
        vertex 8.400672 42.65788 7.101317
        vertex 8.277637 51.09259 7.2443585
        vertex 7.068514 46.901234 8.428292
    endloop
endfacet
facet normal 0.87010401 -0.00039192 0.49286792
    outer loop
        vertex 9.074665 48.49794 6.2169504
        vertex 10 47.5 4.58258
        vertex 9.129808 68.72223 6.135683
    endloop
endfacet
facet normal -0.98086619 0 0.19468312
    outer loop
        vertex -10.644088 60.219135 2.7755005
        vertex -10.89725 71.25 1.5
        vertex -10.89725 47.5 1.5
    endloop
endfacet
facet normal -0.94143438 0.0066384 0.33713099
    outer loop
        vertex -10.587517 66.99029 2.9840367
        vertex -10.368539 63.038944 3.6733353
        vertex -9.988092 69.50172 4.60847
    endloop
endfacet
facet normal -0.66834414 0.00656306 0.74382329
    outer loop
        vertex -6.479089 44.224506 8.889399
        vertex -8.055322 42.22222 7.4907804
        vertex -7.575402 36.125515 7.9757943
    endloop
endfacet
facet normal -0.76822662 -0.00022203 0.64017797
    outer loop
        vertex -8.055322 42.22222 7.4907804
        vertex -8.083972 52.17741 7.459852
        vertex -8.800963 50.062416 6.5987144
    endloop
endfacet
facet normal -0.55177462 0.01287895 0.83389384
    outer loop
        vertex -5.633997 44.284966 9.447649
        vertex -7.087534 49.04801 8.412304
        vertex -6.479089 44.224506 8.889399
    endloop
endfacet
facet normal -0.87176251 -0.00266418 0.48992157
    outer loop
        vertex -9.068898 39.749657 6.2253585
        vertex -9.320203 51.560368 5.8424153
        vertex -9.860585 50.543213 4.875332
    endloop
endfacet
facet normal -0.67155755 -0.00166216 0.74095064
    outer loop
        vertex -7.778175 96 7.778175
        vertex -6.7421575 84.58881 8.691566
        vertex -6.978326 96 8.503115
    endloop
endfacet
facet normal -0.81411809 -0.00034196 0.58069932
    outer loop
        vertex -8.632712 75.34774 6.8173513
        vertex -9.289398 66.125854 5.8912725
        vertex -8.592384 65.533226 6.86811
    endloop
endfacet
facet normal -0.94581616 -0.0042802 0.32467443
    outer loop
        vertex -9.988092 69.50172 4.60847
        vertex -10.149816 77.32086 4.240431
        vertex -10.621127 76.9162 2.862108
    endloop
endfacet
facet normal -0.94913703 -0.00001995 0.31486347
    outer loop
        vertex -10.20195 90.36866 4.113421
        vertex -10.638364 82.17771 2.797359
        vertex -10.20072 79.927246 4.116468
    endloop
endfacet
facet normal -0.62187964 -0.00223688 0.78310961
    outer loop
        vertex -6.5724115 80.86591 8.820624
        vertex -7.332597 74.78316 8.199574
        vertex -6.227765 71.389656 9.0672455
    endloop
endfacet
facet normal 0.79369968 -0.00180956 0.60830706
    outer loop
        vertex 9.05164 42.143803 6.250426
        vertex 8.400672 42.65788 7.101317
        vertex 8.1968565 32.03018 7.335634
    endloop
endfacet
facet normal 0.5094865 -0.00092907 0.86047804
    outer loop
        vertex 5.1018777 47.5 9.745299
        vertex 6.1064143 46.47569 9.14941
        vertex 5.953867 55.432556 9.249404
    endloop
endfacet
facet normal -0.91881245 -0.00040865 0.39469418
    outer loop
        vertex -10.332083 47.580856 3.774661
        vertex -9.82634 39.858788 4.94399
        vertex -9.860585 50.543213 4.875332
    endloop
endfacet
facet normal -0.72307593 0.00030349 0.69076854
    outer loop
        vertex -8.306722 34.48765 7.21099
        vertex -7.6066713 29.491041 7.945977
        vertex -7.575402 36.125515 7.9757943
    endloop
endfacet
facet normal 0.87239736 0 0.48879746
    outer loop
        vertex 10 71.25 4.58258
        vertex 9.129808 68.72223 6.135683
        vertex 10 47.5 4.58258
    endloop
endfacet
facet normal 0.71516699 -0.00060834 0.69895339
    outer loop
        vertex 8.277637 51.09259 7.2443585
        vertex 8.166968 64.07864 7.3688965
        vertex 7.476086 56.215366 8.068961
    endloop
endfacet
facet normal 0.86929518 -0 0.49429339
    outer loop
        vertex 10 23.75 4.58258
        vertex 10 47.5 4.58258
        vertex 9.05164 42.143803 6.250426
    endloop
endfacet
facet normal 0.78813964 -0.00056824 0.61549604
    outer loop
        vertex 8.1968565 32.03018 7.335634
        vertex 9.129808 26.277779 6.135683
        vertex 9.05164 42.143803 6.250426
    endloop
endfacet
facet normal 0.88256758 0.00456174 0.4701634
    outer loop
        vertex 10 11.875 4.58258
        vertex 9.154623 19.18088 6.098595
        vertex 9.433206 10.678478 5.658148
    endloop
endfacet
facet normal 0.16580464 0 0.98615861
    outer loop
        vertex 2.1459935 -1 10.788638
        vertex 1.5 11.875 10.89725
        vertex 1.5 -0 10.89725
    endloop
endfacet
facet normal 0.49663898 -0.00142293 0.86795604
    outer loop
        vertex 5.1018777 47.5 9.745299
        vertex 4.856408 37.839966 9.869919
        vertex 5.9914193 40.67627 9.225122
    endloop
endfacet
facet normal 0.35214695 -0.00172743 0.93594313
    outer loop
        vertex 4.093094 75.326126 10.210122
        vertex 3.3508122 68.72223 10.477216
        vertex 4.397025 68.388435 10.082964
    endloop
endfacet
facet normal 0.22131813 0 0.97520167
    outer loop
        vertex 3.3508122 54.574074 10.477216
        vertex 1.5 47.5 10.89725
        vertex 3.3508122 40.425926 10.477216
    endloop
endfacet
facet normal 0.22338113 -0.0012955 0.97473031
    outer loop
        vertex 1.5 83.125 10.89725
        vertex 3.4225807 81.12654 10.453992
        vertex 3.1931314 96 10.526343
    endloop
endfacet
facet normal 0.67761993 0.00979802 0.73534709
    outer loop
        vertex 8.1968565 32.03018 7.335634
        vertex 6.70107 31.333334 8.723282
        vertex 7.765843 27.701647 7.790487
    endloop
endfacet
facet normal 0.62355733 -0.00782613 0.78173846
    outer loop
        vertex 7.5739365 42.11111 7.977185
        vertex 7.068514 46.901234 8.428292
        vertex 5.9914193 40.67627 9.225122
    endloop
endfacet
facet normal 0.78761244 0.00032847 0.61617076
    outer loop
        vertex 9.129808 68.72223 6.135683
        vertex 8.166968 64.07864 7.3688965
        vertex 9.074665 48.49794 6.2169504
    endloop
endfacet
facet normal 0.38565034 0 0.92264497
    outer loop
        vertex 5.1018777 47.5 9.745299
        vertex 3.3508122 54.574074 10.477216
        vertex 3.3508122 40.425926 10.477216
    endloop
endfacet
facet normal -0.93445027 -0.0064533 0.35603505
    outer loop
        vertex -10.560348 52.754116 3.078808
        vertex -9.860585 50.543213 4.875332
        vertex -10.205403 57.965004 4.104845
    endloop
endfacet
facet normal -0.82360572 0.00086489 0.5671621
    outer loop
        vertex -9.320203 51.560368 5.8424153
        vertex -9.068898 39.749657 6.2253585
        vertex -8.800963 50.062416 6.5987144
    endloop
endfacet
facet normal -0.95752585 0.00008484 0.28834733
    outer loop
        vertex -10.674845 45.878944 2.6547506
        vertex -10.668985 32.31354 2.6781995
        vertex -10.367652 42.539093 3.6758401
    endloop
endfacet
facet normal -0.84008384 -0.00035264 0.54245651
    outer loop
        vertex -8.752628 11.941359 6.662695
        vertex -9.670125 13.7327385 5.242964
        vertex -9.701134 -1 5.1853642
    endloop
endfacet
facet normal -0.98488206 0 0.17322627
    outer loop
        vertex -10.89725 -0 1.5
        vertex -10.755094 11.771261 2.3082347
        vertex -10.89725 11.875 1.5
    endloop
endfacet
facet normal 0.22131808 0 0.97520161
    outer loop
        vertex 1.5 71.25 10.89725
        vertex 1.5 47.5 10.89725
        vertex 3.3508122 54.574074 10.477216
    endloop
endfacet
facet normal -0.47338071 -0.00193302 0.8808558
    outer loop
        vertex -4.58258 71.25 10
        vertex -5.8359756 70.258484 9.324237
        vertex -6.1382966 54.894604 9.128051
    endloop
endfacet
facet normal -0.65910959 -0.00438016 0.75203419
    outer loop
        vertex -6.6235805 68.1358 8.782265
        vertex -7.332597 74.78316 8.199574
        vertex -7.8846655 66.968445 7.6702056
    endloop
endfacet
facet normal -0.98197854 -0.00009746 0.18899266
    outer loop
        vertex -10.674845 45.878944 2.6547506
        vertex -10.89725 47.5 1.5
        vertex -10.668985 32.31354 2.6781995
    endloop
endfacet
facet normal -0.90412879 0.00007491 0.42725992
    outer loop
        vertex -9.65364 92.92826 5.273257
        vertex -10.20195 90.36866 4.113421
        vertex -9.658036 85.812195 5.265201
    endloop
endfacet
facet normal -0.69168216 -0.00043331 0.72220188
    outer loop
        vertex -7.087534 49.04801 8.412304
        vertex -7.123535 55.740917 8.38184
        vertex -8.083972 52.17741 7.459852
    endloop
endfacet
facet normal 0.42754623 -0.00650858 0.90397006
    outer loop
        vertex 5.1853642 96 9.701134
        vertex 4.209518 96 10.162675
        vertex 5.846537 86.16601 9.317617
    endloop
endfacet
facet normal 0.72243208 -0.00449711 0.69142729
    outer loop
        vertex 8.451273 73.60894 7.041022
        vertex 8.097015 78.91754 7.4456925
        vertex 7.231118 69.50617 8.289206
    endloop
endfacet
facet normal 0.82753521 0.00144319 0.5614118
    outer loop
        vertex 8.767334 9.249619 6.6433325
        vertex 9.146166 -1 6.111273
        vertex 9.433206 10.678478 5.658148
    endloop
endfacet
facet normal 0.43348512 -0.0022704 0.9011578
    outer loop
        vertex 4.093094 19.673868 10.210122
        vertex 5.44538 18.87037 9.557606
        vertex 5.217118 25.493826 9.684094
    endloop
endfacet
facet normal -0.63263005 -0.00172643 0.77445227
    outer loop
        vertex -6.479089 44.224506 8.889399
        vertex -7.575402 36.125515 7.9757943
        vertex -6.2236104 31.666666 9.070098
    endloop
endfacet
facet normal -0.77807903 -0.00252631 0.62816131
    outer loop
        vertex -9.068898 39.749657 6.2253585
        vertex -8.055322 42.22222 7.4907804
        vertex -8.800963 50.062416 6.5987144
    endloop
endfacet
facet normal 0.24297856 0.00400826 0.97002345
    outer loop
        vertex 2.1459935 -1 10.788638
        vertex 3.1931314 -1 10.526343
        vertex 1.5 11.875 10.89725
    endloop
endfacet
facet normal -0.6697191 -0.00136215 0.74261338
    outer loop
        vertex -6.7421575 84.58881 8.691566
        vertex -7.778175 96 7.778175
        vertex -7.9578066 84.07122 7.594295
    endloop
endfacet
facet normal 0.79119372 0.00087763 0.61156499
    outer loop
        vertex 8.166968 64.07864 7.3688965
        vertex 8.277637 51.09259 7.2443585
        vertex 9.074665 48.49794 6.2169504
    endloop
endfacet
facet normal 0.45780939 -0.00515063 0.88903552
    outer loop
        vertex 4.4707017 13.047249 10.050514
        vertex 5.846537 8.833994 9.317617
        vertex 5.2987776 15.732853 9.639655
    endloop
endfacet
facet normal -0.86412567 0.00096378 0.5032751
    outer loop
        vertex -9.068898 39.749657 6.2253585
        vertex -9.8752365 37.28761 4.845587
        vertex -9.121468 32.97221 6.1480756
    endloop
endfacet
facet normal -0.97003108 -0.00053888 0.24298045
    outer loop
        vertex -10.788638 -1 2.1459935
        vertex -10.526343 -1 3.1931314
        vertex -10.755094 11.771261 2.3082347
    endloop
endfacet
facet normal -0.51410013 -0.00300993 0.85772479
    outer loop
        vertex -5.1853642 -1 9.701134
        vertex -5.5356464 3.111111 9.5056095
        vertex -6.111273 -1 9.146166
    endloop
endfacet
facet normal -0.83966559 -0.00341934 0.54309285
    outer loop
        vertex -8.632712 75.34774 6.8173513
        vertex -8.97628 86.78479 6.3581758
        vertex -9.664943 80.28315 5.252513
    endloop
endfacet
facet normal -0.3511534 0.02127405 0.93607616
    outer loop
        vertex -3.125205 -0 10.54671
        vertex -4.58258 -0 10
        vertex -4.209518 -1 10.162675
    endloop
endfacet
facet normal -0.46363774 0 0.88602477
    outer loop
        vertex -4.58258 71.25 10
        vertex -4.58258 83.125 10
        vertex -5.6034217 82.75477 9.465816
    endloop
endfacet
facet normal -0.24297921 -0.00325149 0.97002608
    outer loop
        vertex -2.1459935 -1 10.788638
        vertex -3.125205 -0 10.54671
        vertex -3.1931314 -1 10.526343
    endloop
endfacet
facet normal 0.22131813 0 0.97520167
    outer loop
        vertex 3.3508122 40.425926 10.477216
        vertex 1.5 23.75 10.89725
        vertex 3.3508122 26.277779 10.477216
    endloop
endfacet
facet normal 0.42754626 0.00650858 0.90397006
    outer loop
        vertex 4.209518 -1 10.162675
        vertex 5.1853642 -1 9.701134
        vertex 5.846537 8.833994 9.317617
    endloop
endfacet
facet normal 0.22338116 0.0012955 0.97473037
    outer loop
        vertex 3.4225807 13.873457 10.453992
        vertex 1.5 11.875 10.89725
        vertex 3.1931314 -1 10.526343
    endloop
endfacet
facet normal 0.55788809 0.00555602 0.82989758
    outer loop
        vertex 6.8612733 14.454733 8.597844
        vertex 5.2987776 15.732853 9.639655
        vertex 5.846537 8.833994 9.317617
    endloop
endfacet
facet normal -0.46170419 0 0.88703388
    outer loop
        vertex -4.58258 83.125 10
        vertex -4.58258 95 10
        vertex -5.5620823 88.82929 9.490166
    endloop
endfacet
facet normal 0.1467187 -0.01264858 0.9890973
    outer loop
        vertex 1.5 -0 10.89725
        vertex 1.0781885 -1 10.947032
        vertex 2.1459935 -1 10.788638
    endloop
endfacet
facet normal -0.04906754 -0.00247979 0.99879241
    outer loop
        vertex -0.00000000000000067355573 -1 11
        vertex -0.05315905 -0 10.999871
        vertex -1.0781885 -1 10.947032
    endloop
endfacet
facet normal 0.04906751 0.00273697 0.99879175
    outer loop
        vertex 1.0781885 -1 10.947032
        vertex -0.05315905 -0 10.999871
        vertex -0.00000000000000067355573 -1 11
    endloop
endfacet
facet normal -0.14671756 -0.01324488 0.98908967
    outer loop
        vertex -1.0781885 -1 10.947032
        vertex -1.6052533 -0 10.88224
        vertex -2.1459935 -1 10.788638
    endloop
endfacet
facet normal -0.46506959 0 0.88527411
    outer loop
        vertex -4.58258 23.75 10
        vertex -4.58258 47.5 10
        vertex -5.633997 44.284966 9.447649
    endloop
endfacet
facet normal -0.24297921 0.00325149 0.97002608
    outer loop
        vertex -3.1931314 96 10.526343
        vertex -3.125205 95 10.54671
        vertex -2.1459935 96 10.788638
    endloop
endfacet
facet normal -0.59568483 -0.00709111 0.80318701
    outer loop
        vertex -6.978326 96 8.503115
        vertex -5.5620823 88.82929 9.490166
        vertex -6.111273 96 9.146166
    endloop
endfacet
facet normal -0.42752215 0.01244737 0.90391916
    outer loop
        vertex -4.58258 95 10
        vertex -4.209518 96 10.162675
        vertex -5.1853642 96 9.701134
    endloop
endfacet
facet normal -0.33688715 0.00370755 0.94153774
    outer loop
        vertex -3.125205 -0 10.54671
        vertex -4.209518 -1 10.162675
        vertex -3.1931314 -1 10.526343
    endloop
endfacet
facet normal 0.99879551 0 0.04906769
    outer loop
        vertex 10.947032 -1 1.0781885
        vertex 11 -1 0
        vertex 11 -0 0
    endloop
endfacet
facet normal 0.98916638 -0.00452253 0.14672893
    outer loop
        vertex 10.788638 -1 2.1459935
        vertex 10.947032 -1 1.0781885
        vertex 10.93659 -0 1.1794037
    endloop
endfacet
facet normal 0.98700505 0.00904485 0.16043445
    outer loop
        vertex 10.747092 -0 2.3452096
        vertex 10.788638 -1 2.1459935
        vertex 10.93659 -0 1.1794037
    endloop
endfacet
facet normal 0.96408224 0.01215543 0.26532578
    outer loop
        vertex 10.433691 -0 3.4839778
        vertex 10.526343 -1 3.1931314
        vertex 10.747092 -0 2.3452096
    endloop
endfacet
facet normal 0.94148982 -0.01074619 0.33687001
    outer loop
        vertex 10.433691 -0 3.4839778
        vertex 10.162675 -1 4.209518
        vertex 10.526343 -1 3.1931314
    endloop
endfacet
facet normal 0.90391916 -0.01244737 0.42752215
    outer loop
        vertex 10 -0 4.58258
        vertex 9.701134 -1 5.1853642
        vertex 10.162675 -1 4.209518
    endloop
endfacet
facet normal 0.88467872 -0 0.46620119
    outer loop
        vertex 10 -0 4.58258
        vertex 10 11.875 4.58258
        vertex 9.433206 10.678478 5.658148
    endloop
endfacet
facet normal 0.59569752 -0.00269857 0.80320424
    outer loop
        vertex 6.978326 96 8.503115
        vertex 6.111273 96 9.146166
        vertex 7.2442746 87.6177 8.277711
    endloop
endfacet
facet normal 0.4935419 0.00136125 0.86972094
    outer loop
        vertex 4.843029 57.529644 9.876491
        vertex 5.1018777 47.5 9.745299
        vertex 5.953867 55.432556 9.249404
    endloop
endfacet
facet normal 0.5940671 -0.00424013 0.80440432
    outer loop
        vertex 5.846537 8.833994 9.317617
        vertex 7.2442746 7.382305 8.277711
        vertex 6.8612733 14.454733 8.597844
    endloop
endfacet
facet normal 0.68874174 0.00448144 0.72499299
    outer loop
        vertex 8.071855 10.383162 7.4729624
        vertex 6.8612733 14.454733 8.597844
        vertex 7.2442746 7.382305 8.277711
    endloop
endfacet
facet normal 0.35857344 0.00099064 0.93350101
    outer loop
        vertex 4.4707017 81.95275 10.050514
        vertex 3.1931314 96 10.526343
        vertex 3.4225807 81.12654 10.453992
    endloop
endfacet
facet normal 0.61665505 0.00455429 0.7872203
    outer loop
        vertex 6.70107 31.333334 8.723282
        vertex 7.5739365 42.11111 7.977185
        vertex 5.9914193 40.67627 9.225122
    endloop
endfacet
facet normal 0.37344685 -0 0.92765158
    outer loop
        vertex 3.3508122 54.574074 10.477216
        vertex 4.843029 57.529644 9.876491
        vertex 3.3508122 68.72223 10.477216
    endloop
endfacet
facet normal 0.16580464 0 0.98615861
    outer loop
        vertex 2.1459935 96 10.788638
        vertex 1.5 95 10.89725
        vertex 1.5 83.125 10.89725
    endloop
endfacet
facet normal 0.1467187 0.01264858 0.9890973
    outer loop
        vertex 2.1459935 96 10.788638
        vertex 1.0781885 96 10.947032
        vertex 1.5 95 10.89725
    endloop
endfacet
facet normal 0.04906751 -0.00273697 0.99879175
    outer loop
        vertex 1.0781885 96 10.947032
        vertex -0.00000000000000067355573 96 11
        vertex -0.05315905 95 10.999871
    endloop
endfacet
facet normal -0.04906754 0.00247979 0.99879241
    outer loop
        vertex -0.05315905 95 10.999871
        vertex -0.00000000000000067355573 96 11
        vertex -1.0781885 96 10.947032
    endloop
endfacet
facet normal -0.07554863 -0.02476756 0.99683452
    outer loop
        vertex -0.05315905 95 10.999871
        vertex -1.0781885 96 10.947032
        vertex -1.6052533 95 10.88224
    endloop
endfacet
facet normal -0.14671756 0.01324488 0.98908967
    outer loop
        vertex -1.6052533 95 10.88224
        vertex -1.0781885 96 10.947032
        vertex -2.1459935 96 10.788638
    endloop
endfacet
facet normal -0.07554863 0.02476756 0.99683452
    outer loop
        vertex -1.6052533 -0 10.88224
        vertex -1.0781885 -1 10.947032
        vertex -0.05315905 -0 10.999871
    endloop
endfacet
facet normal -0.33688715 -0.00370754 0.94153774
    outer loop
        vertex -4.209518 96 10.162675
        vertex -3.125205 95 10.54671
        vertex -3.1931314 96 10.526343
    endloop
endfacet
facet normal -0.3511534 -0.02127406 0.93607616
    outer loop
        vertex -4.58258 95 10
        vertex -3.125205 95 10.54671
        vertex -4.209518 96 10.162675
    endloop
endfacet
facet normal -0.42752215 -0.01244737 0.90391916
    outer loop
        vertex -5.1853642 -1 9.701134
        vertex -4.209518 -1 10.162675
        vertex -4.58258 -0 10
    endloop
endfacet
facet normal -0.46046978 0 0.8876754
    outer loop
        vertex -4.58258 11.875 10
        vertex -5.5356464 3.111111 9.5056095
        vertex -4.58258 -0 10
    endloop
endfacet
facet normal -0.74095136 0.00080581 0.67155814
    outer loop
        vertex -7.778175 96 7.778175
        vertex -8.503115 96 6.978326
        vertex -7.9578066 84.07122 7.594295
    endloop
endfacet
facet normal -0.5506497 -0.00068532 0.83473611
    outer loop
        vertex -6.517043 7.25 8.86161
        vertex -5.5356464 3.111111 9.5056095
        vertex -5.62048 10.479729 9.455697
    endloop
endfacet
facet normal -0.9890973 -0.01264858 0.1467187
    outer loop
        vertex -10.788638 -1 2.1459935
        vertex -10.89725 -0 1.5
        vertex -10.947032 -1 1.0781885
    endloop
endfacet
facet normal -0.99879551 0 0.04906769
    outer loop
        vertex -11 -1 0
        vertex -10.947032 -1 1.0781885
        vertex -11 -0 0
    endloop
endfacet
facet normal -0.99744558 0.02083441 0.06832491
    outer loop
        vertex -11 -0 0
        vertex -10.947032 -1 1.0781885
        vertex -10.89725 -0 1.5
    endloop
endfacet
facet normal -0.90398777 0.00182548 0.42755461
    outer loop
        vertex -10.162675 -1 4.209518
        vertex -9.701134 -1 5.1853642
        vertex -10.292333 11.5637865 3.8817377
    endloop
endfacet
facet normal -0.75014317 0.00033764 0.66127539
    outer loop
        vertex -8.632712 75.34774 6.8173513
        vertex -8.592384 65.533226 6.86811
        vertex -7.8846655 66.968445 7.6702056
    endloop
endfacet
facet normal -0.74503499 0.00190371 0.66702276
    outer loop
        vertex -8.503115 -1 6.978326
        vertex -7.602416 11.024234 7.950049
        vertex -8.752628 11.941359 6.662695
    endloop
endfacet
facet normal -0.65630764 0.00498913 0.75447685
    outer loop
        vertex -6.5724115 80.86591 8.820624
        vertex -7.9578066 84.07122 7.594295
        vertex -7.332597 74.78316 8.199574
    endloop
endfacet
facet normal -0.99879551 0 0.04906769
    outer loop
        vertex -11 95 0
        vertex -10.947032 96 1.0781885
        vertex -11 96 0
    endloop
endfacet
facet normal -0.99744558 -0.02083441 0.06832491
    outer loop
        vertex -10.947032 96 1.0781885
        vertex -11 95 0
        vertex -10.89725 95 1.5
    endloop
endfacet
facet normal -0.98615861 0 0.16580464
    outer loop
        vertex -10.788638 96 2.1459935
        vertex -10.89725 95 1.5
        vertex -10.89725 83.125 1.5
    endloop
endfacet
facet normal -0.98087305 -0.00149153 0.1946429
    outer loop
        vertex -10.89725 83.125 1.5
        vertex -10.638364 82.17771 2.797359
        vertex -10.788638 96 2.1459935
    endloop
endfacet
facet normal -0.76900798 0.00256309 0.63923401
    outer loop
        vertex -7.9578066 84.07122 7.594295
        vertex -8.97628 86.78479 6.3581758
        vertex -8.632712 75.34774 6.8173513
    endloop
endfacet
facet normal -0.85772121 0.00417734 0.51409799
    outer loop
        vertex -9.146166 -1 6.111273
        vertex -8.752628 11.941359 6.662695
        vertex -9.701134 -1 5.1853642
    endloop
endfacet
facet normal -0.90966654 0.0002908 0.41533935
    outer loop
        vertex -9.701134 -1 5.1853642
        vertex -9.670125 13.7327385 5.242964
        vertex -10.292333 11.5637865 3.8817377
    endloop
endfacet
facet normal -0.95928317 0.00238744 0.28243613
    outer loop
        vertex -10.755094 11.771261 2.3082347
        vertex -10.526343 -1 3.1931314
        vertex -10.292333 11.5637865 3.8817377
    endloop
endfacet
facet normal -0.90447849 0.00015103 0.4265193
    outer loop
        vertex -9.664943 80.28315 5.252513
        vertex -9.658036 85.812195 5.265201
        vertex -10.20072 79.927246 4.116468
    endloop
endfacet
facet normal -0.47649705 -0.00102064 0.87917542
    outer loop
        vertex -4.58258 23.75 10
        vertex -5.8476872 25.956446 9.316896
        vertex -5.9489694 17.817558 9.252555
    endloop
endfacet
facet normal -0.84844005 -0.000075 0.52929139
    outer loop
        vertex -9.65364 92.92826 5.273257
        vertex -9.658036 85.812195 5.265201
        vertex -8.97628 86.78479 6.3581758
    endloop
endfacet
facet normal -0.74095106 0.00123129 0.67155784
    outer loop
        vertex -7.778175 -1 7.778175
        vertex -7.602416 11.024234 7.950049
        vertex -8.503115 -1 6.978326
    endloop
endfacet
facet normal -0.95549566 0.00351289 0.29498428
    outer loop
        vertex -10.20195 90.36866 4.113421
        vertex -10.788638 96 2.1459935
        vertex -10.638364 82.17771 2.797359
    endloop
endfacet
facet normal -0.64611197 -0.0014655 0.76324129
    outer loop
        vertex -7.778175 -1 7.778175
        vertex -6.517043 7.25 8.86161
        vertex -7.602416 11.024234 7.950049
    endloop
endfacet
facet normal -0.95521104 -0.00234416 0.29591617
    outer loop
        vertex -10.560348 52.754116 3.078808
        vertex -10.674845 45.878944 2.6547506
        vertex -10.332083 47.580856 3.774661
    endloop
endfacet
facet normal -0.86275274 0.00206421 0.50562197
    outer loop
        vertex -9.175274 18.595903 6.067484
        vertex -9.761185 17.693073 5.071419
        vertex -9.670125 13.7327385 5.242964
    endloop
endfacet
facet normal -0.7293213 -0.00450827 0.68415636
    outer loop
        vertex -7.332597 74.78316 8.199574
        vertex -7.9578066 84.07122 7.594295
        vertex -8.632712 75.34774 6.8173513
    endloop
endfacet
facet normal -0.21549267 0.02515282 0.97618145
    outer loop
        vertex -1.6052533 -0 10.88224
        vertex -3.125205 -0 10.54671
        vertex -2.1459935 -1 10.788638
    endloop
endfacet
facet normal -0.21549267 -0.02515281 0.97618145
    outer loop
        vertex -3.125205 95 10.54671
        vertex -1.6052533 95 10.88224
        vertex -2.1459935 96 10.788638
    endloop
endfacet
facet normal 0.06591298 0.02185877 0.99758589
    outer loop
        vertex -0.05315905 -0 10.999871
        vertex 1.0781885 -1 10.947032
        vertex 1.5 -0 10.89725
    endloop
endfacet
facet normal 0.06591298 -0.02185877 0.99758589
    outer loop
        vertex 1.5 95 10.89725
        vertex 1.0781885 96 10.947032
        vertex -0.05315905 95 10.999871
    endloop
endfacet
facet normal 0.32461607 0.0017675 0.94584417
    outer loop
        vertex 3.3508122 68.72223 10.477216
        vertex 4.093094 75.326126 10.210122
        vertex 3.0203702 75.90089 10.577209
    endloop
endfacet
facet normal 0.33688921 -0.00125392 0.9415434
    outer loop
        vertex 4.4707017 81.95275 10.050514
        vertex 4.209518 96 10.162675
        vertex 3.1931314 96 10.526343
    endloop
endfacet
facet normal 0.80104595 -0.00032737 0.59860283
    outer loop
        vertex 9.154623 19.18088 6.098595
        vertex 9.129808 26.277779 6.135683
        vertex 8.451273 21.39106 7.041022
    endloop
endfacet
facet normal 0.59406716 0.00424013 0.80440432
    outer loop
        vertex 7.2442746 87.6177 8.277711
        vertex 5.846537 86.16601 9.317617
        vertex 6.8612733 80.545265 8.597844
    endloop
endfacet
facet normal 0.90391916 0.01244737 0.42752215
    outer loop
        vertex 9.701134 96 5.1853642
        vertex 10 95 4.58258
        vertex 10.162675 96 4.209518
    endloop
endfacet
facet normal 0.93005043 -0.01432518 0.36715245
    outer loop
        vertex 10.162675 96 4.209518
        vertex 10 95 4.58258
        vertex 10.433691 95 3.4839778
    endloop
endfacet
facet normal 0.94148982 0.01074619 0.33687001
    outer loop
        vertex 10.526343 96 3.1931314
        vertex 10.162675 96 4.209518
        vertex 10.433691 95 3.4839778
    endloop
endfacet
facet normal 0.96408224 -0.01215543 0.26532578
    outer loop
        vertex 10.433691 95 3.4839778
        vertex 10.747092 95 2.3452096
        vertex 10.526343 96 3.1931314
    endloop
endfacet
facet normal 0.96999937 0.00810459 0.24297252
    outer loop
        vertex 10.526343 96 3.1931314
        vertex 10.747092 95 2.3452096
        vertex 10.788638 96 2.1459935
    endloop
endfacet
facet normal 0.99879551 0 0.04906769
    outer loop
        vertex 11 96 0
        vertex 10.947032 96 1.0781885
        vertex 11 95 0
    endloop
endfacet
facet normal 0.89432746 -0.0024052 0.44740644
    outer loop
        vertex 9.701134 96 5.1853642
        vertex 9.433206 84.32152 5.658148
        vertex 10 95 4.58258
    endloop
endfacet
facet normal 0.99854541 -0.00499275 0.05368609
    outer loop
        vertex 11 95 0
        vertex 10.947032 96 1.0781885
        vertex 10.93659 95 1.1794037
    endloop
endfacet
facet normal 0.74093252 -0.00717286 0.67154109
    outer loop
        vertex 8.503115 96 6.978326
        vertex 7.778175 96 7.778175
        vertex 7.2442746 87.6177 8.277711
    endloop
endfacet
facet normal 0.98916638 0.00452253 0.14672893
    outer loop
        vertex 10.93659 95 1.1794037
        vertex 10.947032 96 1.0781885
        vertex 10.788638 96 2.1459935
    endloop
endfacet
facet normal 0.82969433 0.00173199 0.55821538
    outer loop
        vertex 8.83178 82.59843 6.5574126
        vertex 9.154623 75.81912 6.098595
        vertex 9.433206 84.32152 5.658148
    endloop
endfacet
facet normal 0.59833813 -0.00213824 0.80124086
    outer loop
        vertex 6.111273 96 9.146166
        vertex 5.846537 86.16601 9.317617
        vertex 7.2442746 87.6177 8.277711
    endloop
endfacet
facet normal 0.85772818 0.00113453 0.51410216
    outer loop
        vertex 9.433206 84.32152 5.658148
        vertex 9.701134 96 5.1853642
        vertex 9.146166 96 6.111273
    endloop
endfacet
facet normal 0.43616295 0.00318012 0.89986211
    outer loop
        vertex 4.093094 19.673868 10.210122
        vertex 4.4707017 13.047249 10.050514
        vertex 5.2987776 15.732853 9.639655
    endloop
endfacet
facet normal 0.80037701 -0.00006884 0.59949696
    outer loop
        vertex 8.451273 21.39106 7.041022
        vertex 9.129808 26.277779 6.135683
        vertex 8.456555 27.549765 7.0346766
    endloop
endfacet
facet normal 0.93005043 0.01432519 0.36715245
    outer loop
        vertex 10 -0 4.58258
        vertex 10.162675 -1 4.209518
        vertex 10.433691 -0 3.4839778
    endloop
endfacet
facet normal 0.98700505 -0.00904485 0.16043445
    outer loop
        vertex 10.93659 95 1.1794037
        vertex 10.788638 96 2.1459935
        vertex 10.747092 95 2.3452096
    endloop
endfacet
facet normal 0.99854541 0.00499275 0.05368609
    outer loop
        vertex 10.947032 -1 1.0781885
        vertex 11 -0 0
        vertex 10.93659 -0 1.1794037
    endloop
endfacet
facet normal -0.9890973 0.01264858 0.1467187
    outer loop
        vertex -10.947032 96 1.0781885
        vertex -10.89725 95 1.5
        vertex -10.788638 96 2.1459935
    endloop
endfacet
facet normal 0.96999937 -0.00810459 0.24297252
    outer loop
        vertex 10.526343 -1 3.1931314
        vertex 10.788638 -1 2.1459935
        vertex 10.747092 -0 2.3452096
    endloop
endfacet
facet normal 0 -1 0
    outer loop
        vertex -2.3791032 -1 0.7680288
        vertex -10.162675 -1 4.209518
        vertex -10.526343 -1 3.1931314
    endloop
endfacet
facet normal -0 -1 0
    outer loop
        vertex -2.3791032 -1 0.7680288
        vertex -10.788638 -1 2.1459935
        vertex -2.5 -1 0
    endloop
endfacet
facet normal 0 -0.99999994 0
    outer loop
        vertex -2.0281055 -1 1.4617758
        vertex -9.146166 -1 6.111273
        vertex -9.701134 -1 5.1853642
    endloop
endfacet
facet normal 0 -1 -0
    outer loop
        vertex -7.778175 -1 7.778175
        vertex -8.503115 -1 6.978326
        vertex -2.0281055 -1 1.4617758
    endloop
endfacet
facet normal 0 -1 -0
    outer loop
        vertex -6.111273 -1 9.146166
        vertex -6.978326 -1 8.503115
        vertex -1.4809545 -1 2.0141435
    endloop
endfacet
facet normal 0 -1 0
    outer loop
        vertex -5.1853642 -1 9.701134
        vertex -0.7905694 -1 2.3717082
        vertex -4.209518 -1 10.162675
    endloop
endfacet
facet normal 0 -0.99999994 0
    outer loop
        vertex -0.7905694 -1 2.3717082
        vertex -2.1459935 -1 10.788638
        vertex -3.1931314 -1 10.526343
    endloop
endfacet
facet normal 0 -1 0
    outer loop
        vertex -0.023722423 -1 2.4998875
        vertex -0.00000000000000067355573 -1 11
        vertex -1.0781885 -1 10.947032
    endloop
endfacet
facet normal -0 -1 0
    outer loop
        vertex 10.526343 -1 3.1931314
        vertex 10.162675 -1 4.209518
        vertex 2 -1 1.5
    endloop
endfacet
facet normal -0 -1 0
    outer loop
        vertex 10.162675 -1 4.209518
        vertex 9.701134 -1 5.1853642
        vertex 2 -1 1.5
    endloop
endfacet
facet normal -0 -1 -0
    outer loop
        vertex 10.947032 -1 1.0781885
        vertex 2 -1 1.5
        vertex 11 -1 0
    endloop
endfacet
facet normal -0 -1 0
    outer loop
        vertex 10.788638 -1 -2.1459935
        vertex 2 -1 -1.5
        vertex 10.526343 -1 -3.1931314
    endloop
endfacet
facet normal 0 -1 0
    outer loop
        vertex 2 -1 -1.5
        vertex 8.503115 -1 -6.978326
        vertex 9.146166 -1 -6.111273
    endloop
endfacet
facet normal 0 -1 -0
    outer loop
        vertex 1.4424652 -1 -2.041885
        vertex 0.74541897 -1 -2.3862839
        vertex 5.1853642 -1 -9.701134
    endloop
endfacet
facet normal 0 -1 0
    outer loop
        vertex 1.4424652 -1 -2.041885
        vertex 5.1853642 -1 -9.701134
        vertex 6.111273 -1 -9.146166
    endloop
endfacet
facet normal 0 -1 0
    outer loop
        vertex 0.74541897 -1 -2.3862839
        vertex 1.0781885 -1 -10.947032
        vertex 2.1459935 -1 -10.788638
    endloop
endfacet
facet normal 0 -1 0
    outer loop
        vertex 0.74541897 -1 -2.3862839
        vertex 2.1459935 -1 -10.788638
        vertex 3.1931314 -1 -10.526343
    endloop
endfacet
facet normal 0 -1 -0
    outer loop
        vertex -0.023722423 -1 -2.4998875
        vertex -1.0781885 -1 -10.947032
        vertex 0.00000000000000067355573 -1 -11
    endloop
endfacet
facet normal 0 -1 0
    outer loop
        vertex -0.7905694 -1 -2.3717082
        vertex -4.209518 -1 -10.162675
        vertex -3.1931314 -1 -10.526343
    endloop
endfacet
facet normal 0 -1 0
    outer loop
        vertex 0.74541897 -1 2.3862839
        vertex 1.4424652 -1 2.041885
        vertex 5.1853642 -1 9.701134
    endloop
endfacet
facet normal 0 -1 0
    outer loop
        vertex 10.947032 -1 -1.0781885
        vertex 2 -1 -1.5
        vertex 10.788638 -1 -2.1459935
    endloop
endfacet
facet normal 0 -1 0
    outer loop
        vertex 2 -1 -1.5
        vertex 10.162675 -1 -4.209518
        vertex 10.526343 -1 -3.1931314
    endloop
endfacet
facet normal -0 -1 0
    outer loop
        vertex -2.5 -1 0
        vertex -11 -1 0
        vertex -10.947032 -1 -1.0781885
    endloop
endfacet
facet normal 0 -1 0
    outer loop
        vertex -2.5 -1 0
        vertex -10.947032 -1 -1.0781885
        vertex -10.788638 -1 -2.1459935
    endloop
endfacet
facet normal 0 -1 -0
    outer loop
        vertex -2.5 -1 0
        vertex -10.788638 -1 -2.1459935
        vertex -2.3791032 -1 -0.7680288
    endloop
endfacet
facet normal 0 -1 0
    outer loop
        vertex -10.788638 -1 -2.1459935
        vertex -10.526343 -1 -3.1931314
        vertex -2.3791032 -1 -0.7680288
    endloop
endfacet
facet normal 0 -1 0
    outer loop
        vertex -10.526343 -1 -3.1931314
        vertex -10.162675 -1 -4.209518
        vertex -2.3791032 -1 -0.7680288
    endloop
endfacet
facet normal 0 -1 0
    outer loop
        vertex -10.162675 -1 -4.209518
        vertex -9.701134 -1 -5.1853642
        vertex -2.3791032 -1 -0.7680288
    endloop
endfacet
facet normal 0 -1 0
    outer loop
        vertex -9.701134 -1 -5.1853642
        vertex -2.0281055 -1 -1.4617758
        vertex -2.3791032 -1 -0.7680288
    endloop
endfacet
facet normal 0 -1 0
    outer loop
        vertex -9.146166 -1 -6.111273
        vertex -2.0281055 -1 -1.4617758
        vertex -9.701134 -1 -5.1853642
    endloop
endfacet
facet normal 0 -1 0
    outer loop
        vertex -8.503115 -1 -6.978326
        vertex -2.0281055 -1 -1.4617758
        vertex -9.146166 -1 -6.111273
    endloop
endfacet
facet normal 0 -1 0
    outer loop
        vertex -7.778175 -1 -7.778175
        vertex -2.0281055 -1 -1.4617758
        vertex -8.503115 -1 -6.978326
    endloop
endfacet
facet normal -0 -1 0
    outer loop
        vertex -1.4809545 -1 -2.0141435
        vertex -2.0281055 -1 -1.4617758
        vertex -7.778175 -1 -7.778175
    endloop
endfacet
facet normal 0 -1 0
    outer loop
        vertex -6.111273 -1 -9.146166
        vertex -1.4809545 -1 -2.0141435
        vertex -6.978326 -1 -8.503115
    endloop
endfacet
facet normal 0 -1 0
    outer loop
        vertex -1.4809545 -1 -2.0141435
        vertex -7.778175 -1 -7.778175
        vertex -6.978326 -1 -8.503115
    endloop
endfacet
facet normal 0 -1 0
    outer loop
        vertex -5.1853642 -1 -9.701134
        vertex -1.4809545 -1 -2.0141435
        vertex -6.111273 -1 -9.146166
    endloop
endfacet
facet normal -0 -1 0
    outer loop
        vertex -0.7905694 -1 -2.3717082
        vertex -1.4809545 -1 -2.0141435
        vertex -5.1853642 -1 -9.701134
    endloop
endfacet
facet normal 0 -1 0
    outer loop
        vertex -0.7905694 -1 -2.3717082
        vertex -5.1853642 -1 -9.701134
        vertex -4.209518 -1 -10.162675
    endloop
endfacet
facet normal 0 -0.99999994 0
    outer loop
        vertex -2.1459935 -1 -10.788638
        vertex -0.7905694 -1 -2.3717082
        vertex -3.1931314 -1 -10.526343
    endloop
endfacet
facet normal 0 -1 0
    outer loop
        vertex -2.1459935 -1 -10.788638
        vertex -0.023722423 -1 -2.4998875
        vertex -0.7905694 -1 -2.3717082
    endloop
endfacet
facet normal 0 -1 0
    outer loop
        vertex -1.0781885 -1 -10.947032
        vertex -0.023722423 -1 -2.4998875
        vertex -2.1459935 -1 -10.788638
    endloop
endfacet
facet normal 0 -1 0
    outer loop
        vertex 0.00000000000000067355573 -1 -11
        vertex 1.0781885 -1 -10.947032
        vertex -0.023722423 -1 -2.4998875
    endloop
endfacet
facet normal 0 -0.99999994 0
    outer loop
        vertex 1.0781885 -1 -10.947032
        vertex 0.74541897 -1 -2.3862839
        vertex -0.023722423 -1 -2.4998875
    endloop
endfacet
facet normal 0 -0.99999994 0
    outer loop
        vertex 3.1931314 -1 -10.526343
        vertex 4.209518 -1 -10.162675
        vertex 0.74541897 -1 -2.3862839
    endloop
endfacet
facet normal 0 -1 0
    outer loop
        vertex 4.209518 -1 -10.162675
        vertex 5.1853642 -1 -9.701134
        vertex 0.74541897 -1 -2.3862839
    endloop
endfacet
facet normal 0 -1 0
    outer loop
        vertex 1.4424652 -1 -2.041885
        vertex 6.978326 -1 -8.503115
        vertex 7.778175 -1 -7.778175
    endloop
endfacet
facet normal 0 -0.99999994 0
    outer loop
        vertex 6.111273 -1 -9.146166
        vertex 6.978326 -1 -8.503115
        vertex 1.4424652 -1 -2.041885
    endloop
endfacet
facet normal 0 -0.99999994 0
    outer loop
        vertex 1.4424652 -1 -2.041885
        vertex 7.778175 -1 -7.778175
        vertex 2 -1 -1.5
    endloop
endfacet
facet normal 0 -1 0
    outer loop
        vertex 7.778175 -1 -7.778175
        vertex 8.503115 -1 -6.978326
        vertex 2 -1 -1.5
    endloop
endfacet
facet normal -0 -1 0
    outer loop
        vertex 10.162675 -1 -4.209518
        vertex 2 -1 -1.5
        vertex 9.701134 -1 -5.1853642
    endloop
endfacet
facet normal 0 -1 0
    outer loop
        vertex -2.5 -1 0
        vertex -10.947032 -1 1.0781885
        vertex -11 -1 0
    endloop
endfacet
facet normal 0 -1 0
    outer loop
        vertex 2 -1 -1.5
        vertex 10.947032 -1 -1.0781885
        vertex 11 -1 0
    endloop
endfacet
facet normal 0 -1 0
    outer loop
        vertex 2 -1 1.5
        vertex 2 -1 -1.5
        vertex 11 -1 0
    endloop
endfacet
facet normal 0 -1 -0
    outer loop
        vertex 10.788638 -1 2.1459935
        vertex 2 -1 1.5
        vertex 10.947032 -1 1.0781885
    endloop
endfacet
facet normal 0 -1 -0
    outer loop
        vertex 10.526343 -1 3.1931314
        vertex 2 -1 1.5
        vertex 10.788638 -1 2.1459935
    endloop
endfacet
facet normal -0 -1 0
    outer loop
        vertex 9.701134 -1 5.1853642
        vertex 9.146166 -1 6.111273
        vertex 2 -1 1.5
    endloop
endfacet
facet normal -0 -1 0
    outer loop
        vertex 9.146166 -1 6.111273
        vertex 8.503115 -1 6.978326
        vertex 2 -1 1.5
    endloop
endfacet
facet normal -0 -1 0
    outer loop
        vertex 8.503115 -1 6.978326
        vertex 7.778175 -1 7.778175
        vertex 2 -1 1.5
    endloop
endfacet
facet normal 0 -1 0
    outer loop
        vertex 7.778175 -1 7.778175
        vertex 1.4424652 -1 2.041885
        vertex 2 -1 1.5
    endloop
endfacet
facet normal -0 -0.99999994 0
    outer loop
        vertex 6.978326 -1 8.503115
        vertex 6.111273 -1 9.146166
        vertex 1.4424652 -1 2.041885
    endloop
endfacet
facet normal 0 -1 -0
    outer loop
        vertex 6.978326 -1 8.503115
        vertex 1.4424652 -1 2.041885
        vertex 7.778175 -1 7.778175
    endloop
endfacet
facet normal -0 -1 0
    outer loop
        vertex 6.111273 -1 9.146166
        vertex 5.1853642 -1 9.701134
        vertex 1.4424652 -1 2.041885
    endloop
endfacet
facet normal -0 -1 0
    outer loop
        vertex 5.1853642 -1 9.701134
        vertex 4.209518 -1 10.162675
        vertex 0.74541897 -1 2.3862839
    endloop
endfacet
facet normal -0 -0.99999994 0
    outer loop
        vertex 4.209518 -1 10.162675
        vertex 3.1931314 -1 10.526343
        vertex 0.74541897 -1 2.3862839
    endloop
endfacet
facet normal -0 -1 0
    outer loop
        vertex 3.1931314 -1 10.526343
        vertex 2.1459935 -1 10.788638
        vertex 0.74541897 -1 2.3862839
    endloop
endfacet
facet normal -0 -1 0
    outer loop
        vertex 2.1459935 -1 10.788638
        vertex 1.0781885 -1 10.947032
        vertex 0.74541897 -1 2.3862839
    endloop
endfacet
facet normal 0 -0.99999994 0
    outer loop
        vertex 0.74541897 -1 2.3862839
        vertex 1.0781885 -1 10.947032
        vertex -0.023722423 -1 2.4998875
    endloop
endfacet
facet normal -0 -1 0
    outer loop
        vertex 1.0781885 -1 10.947032
        vertex -0.00000000000000067355573 -1 11
        vertex -0.023722423 -1 2.4998875
    endloop
endfacet
facet normal 0 -1 0
    outer loop
        vertex -0.023722423 -1 2.4998875
        vertex -1.0781885 -1 10.947032
        vertex -2.1459935 -1 10.788638
    endloop
endfacet
facet normal -0 -1 0
    outer loop
        vertex -0.023722423 -1 2.4998875
        vertex -2.1459935 -1 10.788638
        vertex -0.7905694 -1 2.3717082
    endloop
endfacet
facet normal 0 -1 0
    outer loop
        vertex -0.7905694 -1 2.3717082
        vertex -3.1931314 -1 10.526343
        vertex -4.209518 -1 10.162675
    endloop
endfacet
facet normal 0 -1 0
    outer loop
        vertex -1.4809545 -1 2.0141435
        vertex -0.7905694 -1 2.3717082
        vertex -5.1853642 -1 9.701134
    endloop
endfacet
facet normal 0 -1 0
    outer loop
        vertex -1.4809545 -1 2.0141435
        vertex -5.1853642 -1 9.701134
        vertex -6.111273 -1 9.146166
    endloop
endfacet
facet normal 0 -1 0
    outer loop
        vertex -7.778175 -1 7.778175
        vertex -1.4809545 -1 2.0141435
        vertex -6.978326 -1 8.503115
    endloop
endfacet
facet normal 0 -1 -0
    outer loop
        vertex -8.503115 -1 6.978326
        vertex -9.146166 -1 6.111273
        vertex -2.0281055 -1 1.4617758
    endloop
endfacet
facet normal 0 -1 0
    outer loop
        vertex -2.0281055 -1 1.4617758
        vertex -1.4809545 -1 2.0141435
        vertex -7.778175 -1 7.778175
    endloop
endfacet
facet normal -0 -1 0
    outer loop
        vertex -2.0281055 -1 1.4617758
        vertex -9.701134 -1 5.1853642
        vertex -2.3791032 -1 0.7680288
    endloop
endfacet
facet normal 0 -1 -0
    outer loop
        vertex -9.701134 -1 5.1853642
        vertex -10.162675 -1 4.209518
        vertex -2.3791032 -1 0.7680288
    endloop
endfacet
facet normal 0 -1 0
    outer loop
        vertex -2.3791032 -1 0.7680288
        vertex -10.526343 -1 3.1931314
        vertex -10.788638 -1 2.1459935
    endloop
endfacet
facet normal 0 -1 0
    outer loop
        vertex -2.5 -1 0
        vertex -10.788638 -1 2.1459935
        vertex -10.947032 -1 1.0781885
    endloop
endfacet
facet normal 0 -1 0
    outer loop
        vertex 2 -1 -1.5
        vertex 9.146166 -1 -6.111273
        vertex 9.701134 -1 -5.1853642
    endloop
endfacet
facet normal 0 1 0
    outer loop
        vertex -10.788638 96 -2.1459935
        vertex -10.947032 96 -1.0781885
        vertex -11 96 0
    endloop
endfacet
facet normal 0 0.99999994 0
    outer loop
        vertex -10.526343 96 -3.1931314
        vertex -10.788638 96 -2.1459935
        vertex -11 96 0
    endloop
endfacet
facet normal 0 0.99999994 0
    outer loop
        vertex -10.162675 96 -4.209518
        vertex -10.526343 96 -3.1931314
        vertex -11 96 0
    endloop
endfacet
facet normal 0 1 0
    outer loop
        vertex -9.701134 96 -5.1853642
        vertex -10.162675 96 -4.209518
        vertex -11 96 0
    endloop
endfacet
facet normal 0 0.99999994 0
    outer loop
        vertex -9.146166 96 -6.111273
        vertex -9.701134 96 -5.1853642
        vertex -11 96 0
    endloop
endfacet
facet normal 0 1 0
    outer loop
        vertex -8.503115 96 -6.978326
        vertex -9.146166 96 -6.111273
        vertex -11 96 0
    endloop
endfacet
facet normal 0 1 0
    outer loop
        vertex -7.778175 96 -7.778175
        vertex -8.503115 96 -6.978326
        vertex -11 96 0
    endloop
endfacet
facet normal 0 1 0
    outer loop
        vertex -6.978326 96 -8.503115
        vertex -7.778175 96 -7.778175
        vertex -11 96 0
    endloop
endfacet
facet normal 0 1 0
    outer loop
        vertex -6.111273 96 -9.146166
        vertex -6.978326 96 -8.503115
        vertex -11 96 0
    endloop
endfacet
facet normal 0 1 0
    outer loop
        vertex -5.1853642 96 -9.701134
        vertex -6.111273 96 -9.146166
        vertex -11 96 0
    endloop
endfacet
facet normal 0 0.99999994 0
    outer loop
        vertex -4.209518 96 -10.162675
        vertex -5.1853642 96 -9.701134
        vertex -11 96 0
    endloop
endfacet
facet normal -0 1 -0
    outer loop
        vertex -3.1931314 96 -10.526343
        vertex -11 96 0
        vertex -2.1459935 96 -10.788638
    endloop
endfacet
facet normal 0 1 0
    outer loop
        vertex -3.1931314 96 -10.526343
        vertex -4.209518 96 -10.162675
        vertex -11 96 0
    endloop
endfacet
facet normal -0 1 -0
    outer loop
        vertex -2.1459935 96 -10.788638
        vertex -11 96 0
        vertex -1.0781885 96 -10.947032
    endloop
endfacet
facet normal -0 1 -0
    outer loop
        vertex -1.0781885 96 -10.947032
        vertex -11 96 0
        vertex 0.00000000000000067355573 96 -11
    endloop
endfacet
facet normal 0 1 -0
    outer loop
        vertex 0.00000000000000067355573 96 -11
        vertex -11 96 0
        vertex 1.0781885 96 -10.947032
    endloop
endfacet
facet normal 0 1 -0
    outer loop
        vertex 1.0781885 96 -10.947032
        vertex -11 96 0
        vertex 2.1459935 96 -10.788638
    endloop
endfacet
facet normal 0 1 0
    outer loop
        vertex -11 96 0
        vertex 3.1931314 96 -10.526343
        vertex 2.1459935 96 -10.788638
    endloop
endfacet
facet normal 0 1 0
    outer loop
        vertex -11 96 0
        vertex 4.209518 96 -10.162675
        vertex 3.1931314 96 -10.526343
    endloop
endfacet
facet normal 0 1 0
    outer loop
        vertex -11 96 0
        vertex 5.1853642 96 -9.701134
        vertex 4.209518 96 -10.162675
    endloop
endfacet
facet normal 0 1 0
    outer loop
        vertex -11 96 0
        vertex 6.111273 96 -9.146166
        vertex 5.1853642 96 -9.701134
    endloop
endfacet
facet normal 0 1 0
    outer loop
        vertex -11 96 0
        vertex 6.978326 96 -8.503115
        vertex 6.111273 96 -9.146166
    endloop
endfacet
facet normal 0 1 0
    outer loop
        vertex -11 96 0
        vertex 7.778175 96 -7.778175
        vertex 6.978326 96 -8.503115
    endloop
endfacet
facet normal 0 0.99999994 0
    outer loop
        vertex -11 96 0
        vertex 8.503115 96 -6.978326
        vertex 7.778175 96 -7.778175
    endloop
endfacet
facet normal 0 1 0
    outer loop
        vertex -11 96 0
        vertex 9.146166 96 -6.111273
        vertex 8.503115 96 -6.978326
    endloop
endfacet
facet normal 0 1 0
    outer loop
        vertex 10.162675 96 -4.209518
        vertex 9.701134 96 -5.1853642
        vertex -11 96 0
    endloop
endfacet
facet normal 0 1 0
    outer loop
        vertex -11 96 0
        vertex 9.701134 96 -5.1853642
        vertex 9.146166 96 -6.111273
    endloop
endfacet
facet normal 0 1 0
    outer loop
        vertex 10.526343 96 -3.1931314
        vertex 10.162675 96 -4.209518
        vertex -11 96 0
    endloop
endfacet
facet normal 0 1 0
    outer loop
        vertex 10.788638 96 -2.1459935
        vertex 10.526343 96 -3.1931314
        vertex -11 96 0
    endloop
endfacet
facet normal 0 1 -0
    outer loop
        vertex 10.947032 96 -1.0781885
        vertex -11 96 0
        vertex 11 96 0
    endloop
endfacet
facet normal 0 1 0
    outer loop
        vertex 11 96 0
        vertex -11 96 0
        vertex 10.947032 96 1.0781885
    endloop
endfacet
facet normal 0 1 0
    outer loop
        vertex 10.947032 96 1.0781885
        vertex -11 96 0
        vertex 10.788638 96 2.1459935
    endloop
endfacet
facet normal 0 1 0
    outer loop
        vertex -11 96 0
        vertex 10.526343 96 3.1931314
        vertex 10.788638 96 2.1459935
    endloop
endfacet
facet normal 0 1 0
    outer loop
        vertex -11 96 0
        vertex 10.162675 96 4.209518
        vertex 10.526343 96 3.1931314
    endloop
endfacet
facet normal 0 1 0
    outer loop
        vertex -11 96 0
        vertex 9.701134 96 5.1853642
        vertex 10.162675 96 4.209518
    endloop
endfacet
facet normal 0 1 0
    outer loop
        vertex -11 96 0
        vertex 9.146166 96 6.111273
        vertex 9.701134 96 5.1853642
    endloop
endfacet
facet normal 0 1 0
    outer loop
        vertex -11 96 0
        vertex 8.503115 96 6.978326
        vertex 9.146166 96 6.111273
    endloop
endfacet
facet normal 0 0.99999994 0
    outer loop
        vertex -11 96 0
        vertex 7.778175 96 7.778175
        vertex 8.503115 96 6.978326
    endloop
endfacet
facet normal 0 1 0
    outer loop
        vertex -11 96 0
        vertex 6.978326 96 8.503115
        vertex 7.778175 96 7.778175
    endloop
endfacet
facet normal 0 1 0
    outer loop
        vertex -11 96 0
        vertex 6.111273 96 9.146166
        vertex 6.978326 96 8.503115
    endloop
endfacet
facet normal 0 1 0
    outer loop
        vertex 4.209518 96 10.162675
        vertex 5.1853642 96 9.701134
        vertex -11 96 0
    endloop
endfacet
facet normal 0 1 0
    outer loop
        vertex -11 96 0
        vertex 5.1853642 96 9.701134
        vertex 6.111273 96 9.146166
    endloop
endfacet
facet normal 0 1 0
    outer loop
        vertex 3.1931314 96 10.526343
        vertex 4.209518 96 10.162675
        vertex -11 96 0
    endloop
endfacet
facet normal 0 1 0
    outer loop
        vertex 2.1459935 96 10.788638
        vertex 3.1931314 96 10.526343
        vertex -11 96 0
    endloop
endfacet
facet normal 0 1 0
    outer loop
        vertex 1.0781885 96 10.947032
        vertex 2.1459935 96 10.788638
        vertex -11 96 0
    endloop
endfacet
facet normal 0 1 0
    outer loop
        vertex -0.00000000000000067355573 96 11
        vertex 1.0781885 96 10.947032
        vertex -11 96 0
    endloop
endfacet
facet normal -0 1 0
    outer loop
        vertex -1.0781885 96 10.947032
        vertex -0.00000000000000067355573 96 11
        vertex -11 96 0
    endloop
endfacet
facet normal 0 1 0
    outer loop
        vertex -1.0781885 96 10.947032
        vertex -11 96 0
        vertex -2.1459935 96 10.788638
    endloop
endfacet
facet normal 0 1 0
    outer loop
        vertex -2.1459935 96 10.788638
        vertex -11 96 0
        vertex -3.1931314 96 10.526343
    endloop
endfacet
facet normal 0 1 0
    outer loop
        vertex -3.1931314 96 10.526343
        vertex -11 96 0
        vertex -4.209518 96 10.162675
    endloop
endfacet
facet normal 0 0.99999994 0
    outer loop
        vertex -4.209518 96 10.162675
        vertex -11 96 0
        vertex -5.1853642 96 9.701134
    endloop
endfacet
facet normal 0 1 0
    outer loop
        vertex -5.1853642 96 9.701134
        vertex -11 96 0
        vertex -6.111273 96 9.146166
    endloop
endfacet
facet normal 0 1 0
    outer loop
        vertex -6.111273 96 9.146166
        vertex -11 96 0
        vertex -6.978326 96 8.503115
    endloop
endfacet
facet normal 0 1 0
    outer loop
        vertex -6.978326 96 8.503115
        vertex -11 96 0
        vertex -7.778175 96 7.778175
    endloop
endfacet
facet normal 0 1 0
    outer loop
        vertex -7.778175 96 7.778175
        vertex -11 96 0
        vertex -8.503115 96 6.978326
    endloop
endfacet
facet normal 0 1 0
    outer loop
        vertex -11 96 0
        vertex -9.701134 96 5.1853642
        vertex -9.146166 96 6.111273
    endloop
endfacet
facet normal 0 1 0
    outer loop
        vertex -8.503115 96 6.978326
        vertex -11 96 0
        vertex -9.146166 96 6.111273
    endloop
endfacet
facet normal 0 1 0
    outer loop
        vertex -11 96 0
        vertex -10.162675 96 4.209518
        vertex -9.701134 96 5.1853642
    endloop
endfacet
facet normal 0 1 0
    outer loop
        vertex -11 96 0
        vertex -10.526343 96 3.1931314
        vertex -10.162675 96 4.209518
    endloop
endfacet
facet normal 0 1 0
    outer loop
        vertex -11 96 0
        vertex -10.788638 96 2.1459935
        vertex -10.526343 96 3.1931314
    endloop
endfacet
facet normal 0 0.99999994 0
    outer loop
        vertex -11 96 0
        vertex -10.947032 96 1.0781885
        vertex -10.788638 96 2.1459935
    endloop
endfacet
facet normal 0 1 0
    outer loop
        vertex 10.947032 96 -1.0781885
        vertex 10.788638 96 -2.1459935
        vertex -11 96 0
    endloop
endfacet
facet normal -0.61014324 0.00466943 -0.79227734
    outer loop
        vertex -5.8424153 43.43963 -9.320203
        vertex -6.47396 33.379185 -8.893135
        vertex -7.267993 37.578186 -8.256892
    endloop
endfacet
facet normal -0.4804332 -0.00913088 -0.87698382
    outer loop
        vertex -5.8424153 43.43963 -9.320203
        vertex -4.875332 44.45679 -9.860585
        vertex -4.104845 37.034996 -10.205403
    endloop
endfacet
facet normal 0.76718742 0.00682378 -0.64138675
    outer loop
        vertex 7.9783473 19.474165 -7.5727124
        vertex 7.840327 21.568586 -7.7155213
        vertex 8.822564 18.82613 -6.5698066
    endloop
endfacet
facet normal 0.69285142 -0.00350826 -0.72107184
    outer loop
        vertex 7.9783473 19.474165 -7.5727124
        vertex 7.172557 18.027777 -8.33993
        vertex 7.840327 21.568586 -7.7155213
    endloop
endfacet
facet normal 0.57222426 -0.02135166 -0.81981921
    outer loop
        vertex 6.4355097 15.773548 -8.920999
        vertex 7.005098 14.1471195 -8.481073
        vertex 5.496474 13.925926 -9.528315
    endloop
endfacet
facet normal 0.61507475 0.00213553 -0.78846592
    outer loop
        vertex 6.4355097 15.773548 -8.920999
        vertex 7.172557 18.027777 -8.33993
        vertex 7.005098 14.1471195 -8.481073
    endloop
endfacet
facet normal -0.4265193 -0.00015103 -0.90447849
    outer loop
        vertex -5.265201 9.187799 -9.658036
        vertex -5.252513 14.716849 -9.664943
        vertex -4.116468 15.072758 -10.20072
    endloop
endfacet
facet normal -0.52934265 0.00015497 -0.8484081
    outer loop
        vertex -5.265201 9.187799 -9.658036
        vertex -6.3581758 8.215211 -8.97628
        vertex -5.252513 14.716849 -9.664943
    endloop
endfacet
facet normal -0.4292441 0.00102573 -0.90318799
    outer loop
        vertex -4.113421 4.63134 -10.20195
        vertex -4.209518 -1 -10.162675
        vertex -5.273257 2.071737 -9.65364
    endloop
endfacet
facet normal -0.29498428 -0.00351289 -0.95549566
    outer loop
        vertex -4.113421 4.63134 -10.20195
        vertex -2.797359 12.822284 -10.638364
        vertex -2.1459935 -1 -10.788638
    endloop
endfacet
facet normal -0.51410198 -0.00144832 -0.85772783
    outer loop
        vertex -5.273257 2.071737 -9.65364
        vertex -5.1853642 -1 -9.701134
        vertex -6.111273 -1 -9.146166
    endloop
endfacet
facet normal -0.42755464 0.00174334 -0.90398782
    outer loop
        vertex -5.273257 2.071737 -9.65364
        vertex -4.209518 -1 -10.162675
        vertex -5.1853642 -1 -9.701134
    endloop
endfacet
facet normal 0.45582193 -0.00500405 -0.89005703
    outer loop
        vertex 5.576805 45.844193 -9.481522
        vertex 6.135683 34.194443 -9.129808
        vertex 4.58258 47.5 -10
    endloop
endfacet
facet normal 0.54319048 0.00071036 -0.83960927
    outer loop
        vertex 5.576805 45.844193 -9.481522
        vertex 6.3792977 47.100822 -8.961281
        vertex 6.135683 34.194443 -9.129808
    endloop
endfacet
facet normal 0.89865375 0.0006668 -0.43865821
    outer loop
        vertex 10.078445 67.55635 -4.4073734
        vertex 9.721394 62.00625 -5.1472816
        vertex 9.67295 67.77801 -5.237752
    endloop
endfacet
facet normal 0.93558174 0 -0.35310993
    outer loop
        vertex 10.078445 67.55635 -4.4073734
        vertex 10.477216 68.72223 -3.3508122
        vertex 10.477216 54.574074 -3.3508122
    endloop
endfacet
facet normal 0.65589708 0.00281999 -0.75484508
    outer loop
        vertex 6.8507924 70.48827 -8.606198
        vertex 6.6103277 76.61729 -8.792245
        vertex 7.787698 76.76972 -7.7686396
    endloop
endfacet
facet normal 0.57762539 -0.00211636 -0.8162992
    outer loop
        vertex 6.8507924 70.48827 -8.606198
        vertex 5.8275795 70.19822 -9.329487
        vertex 6.6103277 76.61729 -8.792245
    endloop
endfacet
facet normal 0.4705084 -0.00557457 -0.88237786
    outer loop
        vertex 5.8275795 70.19822 -9.329487
        vertex 6.2169504 62.72737 -9.074665
        vertex 4.58258 71.25 -10
    endloop
endfacet
facet normal 0.68777782 0.00408041 -0.72590977
    outer loop
        vertex 7.2443585 62.60185 -8.277637
        vertex 6.8507924 70.48827 -8.606198
        vertex 7.9969068 64.649315 -7.5531106
    endloop
endfacet
facet normal 0.67427111 0.00927033 -0.73842579
    outer loop
        vertex 7.1545963 50.476566 -8.355343
        vertex 6.686059 54.33025 -8.734794
        vertex 7.977185 52.88889 -7.5739365
    endloop
endfacet
facet normal 0.59146166 0.00888657 -0.80628419
    outer loop
        vertex 7.1545963 50.476566 -8.355343
        vertex 6.3792977 47.100822 -8.961281
        vertex 5.910207 49.643692 -9.277363
    endloop
endfacet
facet normal 0.74212742 0.00089103 -0.67025834
    outer loop
        vertex 7.9969068 64.649315 -7.5531106
        vertex 7.787698 76.76972 -7.7686396
        vertex 8.510188 76.00297 -6.969699
    endloop
endfacet
facet normal 0.61276931 -0.0023437 -0.79025823
    outer loop
        vertex 6.8507924 70.48827 -8.606198
        vertex 7.2443585 62.60185 -8.277637
        vertex 6.2169504 62.72737 -9.074665
    endloop
endfacet
facet normal -0.84065551 -0.0034159 -0.54155952
    outer loop
        vertex -9.324237 24.741516 -5.8359756
        vertex -9.0672455 23.61035 -6.227765
        vertex -9.653813 16.586363 -5.2729397
    endloop
endfacet
facet normal -0.82976592 0.00478397 -0.55809098
    outer loop
        vertex -9.324237 24.741516 -5.8359756
        vertex -8.782265 26.864197 -6.6235805
        vertex -9.0672455 23.61035 -6.227765
    endloop
endfacet
facet normal 0.80700237 -0.00929998 -0.5904749
    outer loop
        vertex 9.186905 76.322205 -6.0498576
        vertex 9.522583 70.94513 -5.5063972
        vertex 8.510188 76.00297 -6.969699
    endloop
endfacet
facet normal 0.85755563 0.00154594 -0.51438892
    outer loop
        vertex 9.186905 76.322205 -6.0498576
        vertex 9.690046 77.98571 -5.2060537
        vertex 9.522583 70.94513 -5.5063972
    endloop
endfacet
facet normal 0.93395925 0.00288029 -0.35736808
    outer loop
        vertex 10.241285 20.436174 -4.0144835
        vertex 10.057558 25.375742 -4.4548316
        vertex 10.477216 26.277779 -3.3508122
    endloop
endfacet
facet normal 0.90855694 0.00360561 -0.41774547
    outer loop
        vertex 10.241285 20.436174 -4.0144835
        vertex 9.843469 16.94856 -4.909799
        vertex 9.621208 24.015432 -5.3321996
    endloop
endfacet
facet normal 0.976987 0.00623494 -0.21320781
    outer loop
        vertex 10.681814 18.984224 -2.626565
        vertex 10.477216 26.277779 -3.3508122
        vertex 10.89725 23.75 -1.5
    endloop
endfacet
facet normal 0.91870177 -0.00340678 -0.3949371
    outer loop
        vertex 10.241285 20.436174 -4.0144835
        vertex 10.412445 12.3950615 -3.5469682
        vertex 9.843469 16.94856 -4.909799
    endloop
endfacet
facet normal -0.79670441 0.00110731 -0.60436815
    outer loop
        vertex -8.38184 39.25908 -7.123535
        vertex -8.443423 34.84926 -7.0504327
        vertex -9.128051 40.105396 -6.1382966
    endloop
endfacet
facet normal -0.71554255 -0.00314392 -0.69856209
    outer loop
        vertex -8.38184 39.25908 -7.123535
        vertex -7.459852 42.82259 -8.083972
        vertex -7.267993 37.578186 -8.256892
    endloop
endfacet
facet normal -0.71441996 -0.00162239 -0.69971526
    outer loop
        vertex -8.38184 39.25908 -7.123535
        vertex -7.267993 37.578186 -8.256892
        vertex -8.443423 34.84926 -7.0504327
    endloop
endfacet
facet normal -0.64241403 0.00176671 -0.76635569
    outer loop
        vertex -7.459852 42.82259 -8.083972
        vertex -6.5987144 44.937584 -8.800963
        vertex -7.267993 37.578186 -8.256892
    endloop
endfacet
facet normal -0.61399186 0.00342304 -0.78930491
    outer loop
        vertex -7.178348 67.350174 -8.334946
        vertex -7.3953404 72.6812 -8.14303
        vertex -6.2849956 67.858635 -9.02767
    endloop
endfacet
facet normal -0.68607193 -0.0017347 -0.72753173
    outer loop
        vertex -7.178348 67.350174 -8.334946
        vertex -7.945977 65.508965 -7.6066713
        vertex -7.3953404 72.6812 -8.14303
    endloop
endfacet
facet normal -0.81775701 0.00254707 -0.57555795
    outer loop
        vertex -8.721506 66.83815 -6.703382
        vertex -9.070098 63.333332 -6.2236104
        vertex -9.316896 69.04356 -5.8476872
    endloop
endfacet
facet normal -0.76699978 -0.01153403 -0.64154375
    outer loop
        vertex -8.721506 66.83815 -6.703382
        vertex -7.945977 65.508965 -7.6066713
        vertex -9.070098 63.333332 -6.2236104
    endloop
endfacet
facet normal -0.88543069 -0.00767544 -0.46470803
    outer loop
        vertex -9.316896 69.04356 -5.8476872
        vertex -9.070098 63.333332 -6.2236104
        vertex -10 71.25 -4.58258
    endloop
endfacet
facet normal -0.75833273 0.00053855 -0.65186739
    outer loop
        vertex -8.721506 66.83815 -6.703382
        vertex -8.754183 72.547325 -6.6606517
        vertex -7.945977 65.508965 -7.6066713
    endloop
endfacet
facet normal 0.63111812 0.00447697 -0.77567387
    outer loop
        vertex 6.4996014 27.142624 -8.874412
        vertex 6.135683 34.194443 -9.129808
        vertex 7.411115 27.851852 -8.128675
    endloop
endfacet
facet normal 0.5540666 -0.0015564 -0.83247095
    outer loop
        vertex 6.4996014 27.142624 -8.874412
        vertex 5.6094866 24.670439 -9.462222
        vertex 6.135683 34.194443 -9.129808
    endloop
endfacet
facet normal 0.63363808 -0.00091195 -0.77362901
    outer loop
        vertex 6.448675 23.209877 -8.911487
        vertex 6.4996014 27.142624 -8.874412
        vertex 7.411115 27.851852 -8.128675
    endloop
endfacet
facet normal 0.45998791 0.0055763 -0.88790768
    outer loop
        vertex 5.6094866 24.670439 -9.462222
        vertex 4.58258 23.75 -10
        vertex 6.135683 34.194443 -9.129808
    endloop
endfacet
facet normal 0.86442816 -0.00383279 -0.50274181
    outer loop
        vertex 9.192167 11.17764 -6.041859
        vertex 9.356773 14.435185 -5.7836657
        vertex 9.868216 8.610082 -4.8598685
    endloop
endfacet
facet normal 0.79257756 -0.00378921 -0.60975939
    outer loop
        vertex 9.192167 11.17764 -6.041859
        vertex 8.173527 10.487655 -7.361621
        vertex 8.822564 18.82613 -6.5698066
    endloop
endfacet
facet normal 0.8577261 0.00250021 -0.51410091
    outer loop
        vertex 9.868216 8.610082 -4.8598685
        vertex 9.701134 -1 -5.1853642
        vertex 9.146166 -1 -6.111273
    endloop
endfacet
facet normal 0.92590833 -0.00210524 -0.37774259
    outer loop
        vertex 9.868216 8.610082 -4.8598685
        vertex 10.412445 12.3950615 -3.5469682
        vertex 10.526343 -1 -3.1931314
    endloop
endfacet
facet normal -0.83299416 0.0017076 -0.55327922
    outer loop
        vertex -8.898274 82.19313 -6.4668946
        vertex -9.252555 77.18244 -5.9489694
        vertex -9.455697 84.52027 -5.62048
    endloop
endfacet
facet normal -0.78176552 -0.00917334 -0.62350506
    outer loop
        vertex -8.898274 82.19313 -6.4668946
        vertex -8.16095 81.11866 -7.3755617
        vertex -9.252555 77.18244 -5.9489694
    endloop
endfacet
facet normal 0.89854658 -0.00033419 -0.43887803
    outer loop
        vertex 10.057558 25.375742 -4.4548316
        vertex 9.704544 27.208847 -5.1789784
        vertex 9.731782 32.98937 -5.127614
    endloop
endfacet
facet normal 0.89670956 -0.0021639 -0.44261417
    outer loop
        vertex 10.057558 25.375742 -4.4548316
        vertex 9.621208 24.015432 -5.3321996
        vertex 9.704544 27.208847 -5.1789784
    endloop
endfacet
facet normal -0.61745632 0.00212959 -0.7866022
    outer loop
        vertex -6.067484 76.4041 -9.175274
        vertex -6.2849956 67.858635 -9.02767
        vertex -7.3953404 72.6812 -8.14303
    endloop
endfacet
facet normal -0.50609452 -0.001364 -0.86247694
    outer loop
        vertex -6.067484 76.4041 -9.175274
        vertex -5.071419 77.30692 -9.761185
        vertex -4.8891644 68.20406 -9.853734
    endloop
endfacet
facet normal 0.89882249 -0.00563938 -0.43827653
    outer loop
        vertex 10.241285 20.436174 -4.0144835
        vertex 9.621208 24.015432 -5.3321996
        vertex 10.057558 25.375742 -4.4548316
    endloop
endfacet
facet normal 0.8579511 0.01242973 -0.51358116
    outer loop
        vertex 9.843469 16.94856 -4.909799
        vertex 9.356773 14.435185 -5.7836657
        vertex 8.822564 18.82613 -6.5698066
    endloop
endfacet
facet normal -0.83436066 -0.00079186 -0.55121827
    outer loop
        vertex -9.447649 50.715034 -5.633997
        vertex -9.070098 63.333332 -6.2236104
        vertex -8.889399 50.77549 -6.479089
    endloop
endfacet
facet normal -0.88527405 0 -0.46506959
    outer loop
        vertex -9.447649 50.715034 -5.633997
        vertex -10 47.5 -4.58258
        vertex -10 71.25 -4.58258
    endloop
endfacet
facet normal -0.88365436 -0.00350687 -0.46812671
    outer loop
        vertex -9.455697 84.52027 -5.62048
        vertex -9.252555 77.18244 -5.9489694
        vertex -10 83.125 -4.58258
    endloop
endfacet
facet normal -0.7670058 -0.00072986 -0.64163965
    outer loop
        vertex -8.898274 82.19313 -6.4668946
        vertex -8.86161 87.75 -6.517043
        vertex -7.950049 83.97577 -7.602416
    endloop
endfacet
facet normal -0.85772485 0.00300993 -0.51410019
    outer loop
        vertex -9.5056095 91.88889 -5.5356464
        vertex -9.701134 96 -5.1853642
        vertex -9.146166 96 -6.111273
    endloop
endfacet
facet normal -0.89315289 -0.00415927 -0.449734
    outer loop
        vertex -9.5056095 91.88889 -5.5356464
        vertex -10 95 -4.58258
        vertex -9.701134 96 -5.1853642
    endloop
endfacet
facet normal -0.29121408 -0.0010412 -0.95665729
    outer loop
        vertex -3.774661 47.419144 -10.332083
        vertex -3.6758401 52.460907 -10.367652
        vertex -2.6547506 49.121056 -10.674845
    endloop
endfacet
facet normal -0.39469418 0.00040865 -0.91881245
    outer loop
        vertex -3.774661 47.419144 -10.332083
        vertex -4.875332 44.45679 -9.860585
        vertex -4.94399 55.141212 -9.82634
    endloop
endfacet
facet normal -0.37273738 -0.00919449 -0.92789131
    outer loop
        vertex -3.774661 47.419144 -10.332083
        vertex -3.078808 42.245884 -10.560348
        vertex -4.875332 44.45679 -9.860585
    endloop
endfacet
facet normal -0.19495274 -0.00430943 -0.98080319
    outer loop
        vertex -2.6547506 49.121056 -10.674845
        vertex -1.5 47.5 -10.89725
        vertex -3.078808 42.245884 -10.560348
    endloop
endfacet
facet normal 0.73018956 0.00495411 -0.68322653
    outer loop
        vertex 7.840327 21.568586 -7.7155213
        vertex 7.411115 27.851852 -8.128675
        vertex 8.723282 31.333334 -6.70107
    endloop
endfacet
facet normal 0.65769196 0.00879451 -0.75323564
    outer loop
        vertex 7.840327 21.568586 -7.7155213
        vertex 7.172557 18.027777 -8.33993
        vertex 6.448675 23.209877 -8.911487
    endloop
endfacet
facet normal -0.39415222 -0.00087826 -0.91904479
    outer loop
        vertex -3.7709086 59.339592 -10.333453
        vertex -3.6758401 52.460907 -10.367652
        vertex -4.94399 55.141212 -9.82634
    endloop
endfacet
facet normal -0.29540423 0.00066712 -0.95537215
    outer loop
        vertex -3.7709086 59.339592 -10.333453
        vertex -2.6781995 62.68646 -10.668985
        vertex -3.6758401 52.460907 -10.367652
    endloop
endfacet
facet normal -0.22316532 0.00472092 -0.97476918
    outer loop
        vertex -2.6781995 62.68646 -10.668985
        vertex -3.2870266 69.33451 -10.497402
        vertex -1.5 71.25 -10.89725
    endloop
endfacet
facet normal -0.38999051 -0.00173274 -0.92081726
    outer loop
        vertex -4.547514 65.42593 -10.015993
        vertex -3.7709086 59.339592 -10.333453
        vertex -4.845587 57.71239 -9.8752365
    endloop
endfacet
facet normal 0.54733962 -0.00305895 -0.83690494
    outer loop
        vertex 5.910207 49.643692 -9.277363
        vertex 6.3792977 47.100822 -8.961281
        vertex 5.576805 45.844193 -9.481522
    endloop
endfacet
facet normal 0.59800041 -0.00621056 -0.80147165
    outer loop
        vertex 5.910207 49.643692 -9.277363
        vertex 6.686059 54.33025 -8.734794
        vertex 7.1545963 50.476566 -8.355343
    endloop
endfacet
facet normal -0.32435206 0.00304803 -0.94593143
    outer loop
        vertex -4.116468 15.072758 -10.20072
        vertex -4.240431 17.67914 -10.149816
        vertex -2.862108 18.083807 -10.621127
    endloop
endfacet
facet normal -0.4258939 -0.00258535 -0.90476948
    outer loop
        vertex -4.116468 15.072758 -10.20072
        vertex -5.252513 14.716849 -9.664943
        vertex -4.240431 17.67914 -10.149816
    endloop
endfacet
facet normal -0.61892354 0.00197438 -0.78544879
    outer loop
        vertex -6.47396 33.379185 -8.893135
        vertex -6.86811 29.466772 -8.592384
        vertex -7.267993 37.578186 -8.256892
    endloop
endfacet
facet normal -0.53060663 0.00592532 -0.84759748
    outer loop
        vertex -6.47396 33.379185 -8.893135
        vertex -5.192855 33.09259 -9.697126
        vertex -5.8912725 28.874142 -9.289398
    endloop
endfacet
facet normal -0.57664239 -0.00795567 -0.81695801
    outer loop
        vertex -5.8424153 43.43963 -9.320203
        vertex -7.267993 37.578186 -8.256892
        vertex -6.5987144 44.937584 -8.800963
    endloop
endfacet
facet normal -0.66012859 -0.00147554 -0.75115114
    outer loop
        vertex -6.86811 29.466772 -8.592384
        vertex -7.6702056 28.03155 -7.8846655
        vertex -7.267993 37.578186 -8.256892
    endloop
endfacet
facet normal 0.93633842 -0.00208691 -0.35109267
    outer loop
        vertex 10.339557 74.81261 -3.7541404
        vertex 10.477216 68.72223 -3.3508122
        vertex 10.078445 67.55635 -4.4073734
    endloop
endfacet
facet normal 0.95524406 0.0020013 -0.29581198
    outer loop
        vertex 10.339557 74.81261 -3.7541404
        vertex 10.67866 77.72987 -2.639361
        vertex 10.477216 68.72223 -3.3508122
    endloop
endfacet
facet normal 0.98167968 0.00046454 -0.19053788
    outer loop
        vertex 10.67866 77.72987 -2.639361
        vertex 10.664732 84.306885 -2.695087
        vertex 10.89725 83.125 -1.5
    endloop
endfacet
facet normal 0.95642179 -0.00044852 -0.29198825
    outer loop
        vertex 10.67866 77.72987 -2.639361
        vertex 10.346175 82.5655 -3.7358603
        vertex 10.664732 84.306885 -2.695087
    endloop
endfacet
facet normal -0.40744981 -0.00529001 -0.9132123
    outer loop
        vertex -4.104845 37.034996 -10.205403
        vertex -3.6733353 31.961058 -10.368539
        vertex -5.192855 33.09259 -9.697126
    endloop
endfacet
facet normal -0.31678718 -0.00223132 -0.94849402
    outer loop
        vertex -4.104845 37.034996 -10.205403
        vertex -3.078808 42.245884 -10.560348
        vertex -2.7755005 34.780865 -10.644088
    endloop
endfacet
facet normal -0.83565909 0.0071 -0.54920244
    outer loop
        vertex -9.484568 13.402523 -5.571622
        vertex -9.653813 16.586363 -5.2729397
        vertex -8.820624 14.134088 -6.5724115
    endloop
endfacet
facet normal -0.88469988 -0.00329827 -0.4661493
    outer loop
        vertex -9.484568 13.402523 -5.571622
        vertex -10 11.875 -4.58258
        vertex -9.653813 16.586363 -5.2729397
    endloop
endfacet
facet normal -0.89390504 0 -0.44825622
    outer loop
        vertex -9.653813 16.586363 -5.2729397
        vertex -10 11.875 -4.58258
        vertex -10 23.75 -4.58258
    endloop
endfacet
facet normal -0.83366847 0.00110501 -0.55226409
    outer loop
        vertex -9.484568 13.402523 -5.571622
        vertex -8.820624 14.134088 -6.5724115
        vertex -9.146166 -1 -6.111273
    endloop
endfacet
facet normal 0.73478764 -0.00366172 -0.67828727
    outer loop
        vertex 8.491539 38.79678 -6.992408
        vertex 8.723282 31.333334 -6.70107
        vertex 7.680626 39.47222 -7.874515
    endloop
endfacet
facet normal 0.8019039 0.00157774 -0.59745091
    outer loop
        vertex 8.491539 38.79678 -6.992408
        vertex 9.150372 39.987194 -6.1049733
        vertex 8.723282 31.333334 -6.70107
    endloop
endfacet
facet normal -0.56412184 -0.0061757 -0.82566833
    outer loop
        vertex -5.587846 19.9558 -9.4750185
        vertex -5.252513 14.716849 -9.664943
        vertex -6.8173513 19.652264 -8.632712
    endloop
endfacet
facet normal -0.4515698 -0.00280093 -0.8922314
    outer loop
        vertex -5.587846 19.9558 -9.4750185
        vertex -4.60847 25.498285 -9.988092
        vertex -4.240431 17.67914 -10.149816
    endloop
endfacet
facet normal -0.17340457 -0.00143374 -0.98484963
    outer loop
        vertex -2.6006043 72.61546 -10.688165
        vertex -2.3082347 83.22874 -10.755094
        vertex -1.5 83.125 -10.89725
    endloop
endfacet
facet normal -0.28960338 0.00072534 -0.95714653
    outer loop
        vertex -2.6006043 72.61546 -10.688165
        vertex -3.7448273 71.32762 -10.342934
        vertex -3.8817377 83.43621 -10.292333
    endloop
endfacet
facet normal 0.97003055 0.00113111 -0.24298033
    outer loop
        vertex 10.664732 84.306885 -2.695087
        vertex 10.526343 96 -3.1931314
        vertex 10.788638 96 -2.1459935
    endloop
endfacet
facet normal 0.95498991 0.00258597 -0.29662719
    outer loop
        vertex 10.664732 84.306885 -2.695087
        vertex 10.346175 82.5655 -3.7358603
        vertex 10.162675 96 -4.209518
    endloop
endfacet
facet normal -0.87731677 -0 -0.47991166
    outer loop
        vertex -10 83.125 -4.58258
        vertex -9.252555 77.18244 -5.9489694
        vertex -10 71.25 -4.58258
    endloop
endfacet
facet normal -0.83448434 0.00053306 -0.55103135
    outer loop
        vertex -8.898274 82.19313 -6.4668946
        vertex -9.455697 84.52027 -5.62048
        vertex -8.86161 87.75 -6.517043
    endloop
endfacet
facet normal 0.44889781 0 -0.89358312
    outer loop
        vertex 4.58258 83.125 -10
        vertex 5.2867894 80.95576 -9.646235
        vertex 4.58258 71.25 -10
    endloop
endfacet
facet normal 0.54907787 0.00299401 -0.8357659
    outer loop
        vertex 5.2867894 80.95576 -9.646235
        vertex 6.6103277 76.61729 -8.792245
        vertex 5.8275795 70.19822 -9.329487
    endloop
endfacet
facet normal -0.31609544 -0.00078189 -0.94872707
    outer loop
        vertex -2.862108 18.083807 -10.621127
        vertex -2.797359 12.822284 -10.638364
        vertex -4.116468 15.072758 -10.20072
    endloop
endfacet
facet normal -0.1986763 0 -0.98006511
    outer loop
        vertex -2.862108 18.083807 -10.621127
        vertex -1.5 23.75 -10.89725
        vertex -1.5 11.875 -10.89725
    endloop
endfacet
facet normal -0.34474987 -0.00105633 -0.93869406
    outer loop
        vertex -2.862108 18.083807 -10.621127
        vertex -4.60847 25.498285 -9.988092
        vertex -2.9840367 28.009716 -10.587517
    endloop
endfacet
facet normal -0.44207713 0.00422085 -0.89696711
    outer loop
        vertex -4.240431 17.67914 -10.149816
        vertex -5.252513 14.716849 -9.664943
        vertex -5.587846 19.9558 -9.4750185
    endloop
endfacet
facet normal 0.73670954 -0.01033274 -0.67613047
    outer loop
        vertex 7.787698 76.76972 -7.7686396
        vertex 8.121754 77.68892 -7.4187007
        vertex 8.510188 76.00297 -6.969699
    endloop
endfacet
facet normal 0.65619582 -0.00120232 -0.75458968
    outer loop
        vertex 7.787698 76.76972 -7.7686396
        vertex 6.6103277 76.61729 -8.792245
        vertex 6.978326 96 -8.503115
    endloop
endfacet
facet normal -0.18663535 -0 -0.98242921
    outer loop
        vertex -1.5 83.125 -10.89725
        vertex -1.5 71.25 -10.89725
        vertex -2.6006043 72.61546 -10.688165
    endloop
endfacet
facet normal -0.28243613 -0.00238744 -0.95928317
    outer loop
        vertex -2.3082347 83.22874 -10.755094
        vertex -3.8817377 83.43621 -10.292333
        vertex -3.1931314 96 -10.526343
    endloop
endfacet
facet normal -0.50964499 0.00187303 -0.86038274
    outer loop
        vertex -6.1480756 62.02779 -9.121468
        vertex -6.2849956 67.858635 -9.02767
        vertex -4.8891644 68.20406 -9.853734
    endloop
endfacet
facet normal -0.60802221 -0.00037448 -0.79391998
    outer loop
        vertex -6.1480756 62.02779 -9.121468
        vertex -7.21099 60.512344 -8.306722
        vertex -7.178348 67.350174 -8.334946
    endloop
endfacet
facet normal -0.38882619 -0.0026397 -0.92130733
    outer loop
        vertex -4.94399 55.141212 -9.82634
        vertex -4.845587 57.71239 -9.8752365
        vertex -3.7709086 59.339592 -10.333453
    endloop
endfacet
facet normal -0.50866568 0.00309444 -0.86095858
    outer loop
        vertex -4.94399 55.141212 -9.82634
        vertex -6.2253585 55.250343 -9.068898
        vertex -4.845587 57.71239 -9.8752365
    endloop
endfacet
facet normal 0.8550303 0.00280102 -0.5185706
    outer loop
        vertex 9.743772 80.33257 -5.104794
        vertex 9.690046 77.98571 -5.2060537
        vertex 9.027229 80.4465 -6.285629
    endloop
endfacet
facet normal 0.91519541 0.00016894 -0.40301025
    outer loop
        vertex 9.743772 80.33257 -5.104794
        vertex 10.346175 82.5655 -3.7358603
        vertex 10.339557 74.81261 -3.7541404
    endloop
endfacet
facet normal -0.33713102 -0.0066384 -0.94143438
    outer loop
        vertex -3.6733353 31.961058 -10.368539
        vertex -2.9840367 28.009716 -10.587517
        vertex -4.60847 25.498285 -9.988092
    endloop
endfacet
facet normal -0.29672486 0.00116002 -0.95496237
    outer loop
        vertex -3.6733353 31.961058 -10.368539
        vertex -2.7755005 34.780865 -10.644088
        vertex -2.9840367 28.009716 -10.587517
    endloop
endfacet
facet normal -0.31818816 0.00884624 -0.9479863
    outer loop
        vertex -3.7709086 59.339592 -10.333453
        vertex -4.547514 65.42593 -10.015993
        vertex -2.6781995 62.68646 -10.668985
    endloop
endfacet
facet normal -0.60907066 0.00079339 -0.79311556
    outer loop
        vertex -6.1480756 62.02779 -9.121468
        vertex -6.2253585 55.250343 -9.068898
        vertex -7.21099 60.512344 -8.306722
    endloop
endfacet
facet normal 0.80593371 -0.00264011 -0.59200001
    outer loop
        vertex 9.027229 80.4465 -6.285629
        vertex 9.186905 76.322205 -6.0498576
        vertex 8.510188 76.00297 -6.969699
    endloop
endfacet
facet normal 0.9568119 -0.00013137 -0.29070795
    outer loop
        vertex 10.339557 74.81261 -3.7541404
        vertex 10.346175 82.5655 -3.7358603
        vertex 10.67866 77.72987 -2.639361
    endloop
endfacet
facet normal -0.47615781 -0.00719913 -0.8793304
    outer loop
        vertex -4.8891644 68.20406 -9.853734
        vertex -4.547514 65.42593 -10.015993
        vertex -6.1480756 62.02779 -9.121468
    endloop
endfacet
facet normal -0.40228766 0.00399807 -0.91550463
    outer loop
        vertex -4.8891644 68.20406 -9.853734
        vertex -3.7448273 71.32762 -10.342934
        vertex -4.547514 65.42593 -10.015993
    endloop
endfacet
facet normal -0.59569943 -0.00115317 -0.80320668
    outer loop
        vertex -6.3581758 8.215211 -8.97628
        vertex -6.111273 -1 -9.146166
        vertex -6.978326 -1 -8.503115
    endloop
endfacet
facet normal -0.42707616 -0.00001809 -0.90421569
    outer loop
        vertex -4.113421 4.63134 -10.20195
        vertex -5.265201 9.187799 -9.658036
        vertex -4.116468 15.072758 -10.20072
    endloop
endfacet
facet normal -0.48629379 -0.0039425 -0.87378651
    outer loop
        vertex -5.8912725 28.874142 -9.289398
        vertex -5.192855 33.09259 -9.697126
        vertex -4.60847 25.498285 -9.988092
    endloop
endfacet
facet normal -0.58069927 0.00034196 -0.81411809
    outer loop
        vertex -5.8912725 28.874142 -9.289398
        vertex -6.8173513 19.652264 -8.632712
        vertex -6.86811 29.466772 -8.592384
    endloop
endfacet
facet normal -0.58236718 -0.00381994 -0.81291699
    outer loop
        vertex -5.8912725 28.874142 -9.289398
        vertex -6.86811 29.466772 -8.592384
        vertex -6.47396 33.379185 -8.893135
    endloop
endfacet
facet normal -0.74832487 -0.00370404 -0.66332197
    outer loop
        vertex -7.6702056 28.03155 -7.8846655
        vertex -8.782265 26.864197 -6.6235805
        vertex -8.443423 34.84926 -7.0504327
    endloop
endfacet
facet normal -0.79587054 0.00140634 -0.60546529
    outer loop
        vertex -8.443423 34.84926 -7.0504327
        vertex -8.782265 26.864197 -6.6235805
        vertex -9.128051 40.105396 -6.1382966
    endloop
endfacet
facet normal -0.71994281 0.00327185 -0.6940257
    outer loop
        vertex -8.443423 34.84926 -7.0504327
        vertex -7.267993 37.578186 -8.256892
        vertex -7.6702056 28.03155 -7.8846655
    endloop
endfacet
facet normal 0.93059051 0.00616721 -0.36600965
    outer loop
        vertex 9.868384 56.90401 -4.859525
        vertex 9.721394 62.00625 -5.1472816
        vertex 10.477216 54.574074 -3.3508122
    endloop
endfacet
facet normal 0.87195355 -0.00249132 -0.48958227
    outer loop
        vertex 9.868384 56.90401 -4.859525
        vertex 9.223703 54.131714 -5.9936047
        vertex 9.721394 62.00625 -5.1472816
    endloop
endfacet
facet normal -0.80891854 0.00357729 -0.58790982
    outer loop
        vertex -9.447649 50.715034 -5.633997
        vertex -8.412304 45.95199 -7.087534
        vertex -9.128051 40.105396 -6.1382966
    endloop
endfacet
facet normal -0.74382329 -0.00656306 -0.66834402
    outer loop
        vertex -8.889399 50.77549 -6.479089
        vertex -7.9757943 58.874485 -7.575402
        vertex -7.4907804 52.77778 -8.055322
    endloop
endfacet
facet normal -0.75327176 0.00845135 -0.65765506
    outer loop
        vertex -8.889399 50.77549 -6.479089
        vertex -7.4907804 52.77778 -8.055322
        vertex -8.412304 45.95199 -7.087534
    endloop
endfacet
facet normal -0.69292957 0.00163096 -0.72100347
    outer loop
        vertex -7.9757943 58.874485 -7.575402
        vertex -7.21099 60.512344 -8.306722
        vertex -7.4907804 52.77778 -8.055322
    endloop
endfacet
facet normal 0.848961 -0.00428364 -0.52843809
    outer loop
        vertex 9.041265 51.506866 -6.265424
        vertex 9.223703 54.131714 -5.9936047
        vertex 9.745299 47.5 -5.1018777
    endloop
endfacet
facet normal 0.78113317 0.01035558 -0.62427849
    outer loop
        vertex 9.041265 51.506866 -6.265424
        vertex 7.977185 52.88889 -7.5739365
        vertex 9.223703 54.131714 -5.9936047
    endloop
endfacet
facet normal -0.61218989 -0.00165574 -0.79070902
    outer loop
        vertex -6.1480756 62.02779 -9.121468
        vertex -7.178348 67.350174 -8.334946
        vertex -6.2849956 67.858635 -9.02767
    endloop
endfacet
facet normal -0.82137084 -0.00043203 -0.57039434
    outer loop
        vertex -8.754183 72.547325 -6.6606517
        vertex -8.721506 66.83815 -6.703382
        vertex -9.316896 69.04356 -5.8476872
    endloop
endfacet
facet normal 0.86753041 0.00261152 -0.49737725
    outer loop
        vertex 9.851968 37.80083 -4.8927217
        vertex 9.731782 32.98937 -5.127614
        vertex 9.150372 39.987194 -6.1049733
    endloop
endfacet
facet normal 0.92977929 -0.0052556 -0.36808008
    outer loop
        vertex 9.851968 37.80083 -4.8927217
        vertex 10.477216 40.425926 -3.3508122
        vertex 9.731782 32.98937 -5.127614
    endloop
endfacet
facet normal -0.82295609 -0.00067024 -0.56810474
    outer loop
        vertex -9.128051 40.105396 -6.1382966
        vertex -8.782265 26.864197 -6.6235805
        vertex -9.324237 24.741516 -5.8359756
    endloop
endfacet
facet normal -0.79732108 -0.00038265 -0.60355526
    outer loop
        vertex -8.38184 39.25908 -7.123535
        vertex -9.128051 40.105396 -6.1382966
        vertex -8.412304 45.95199 -7.087534
    endloop
endfacet
facet normal -0.7726503 0.00663121 -0.6347971
    outer loop
        vertex -7.950049 83.97577 -7.602416
        vertex -8.16095 81.11866 -7.3755617
        vertex -8.898274 82.19313 -6.4668946
    endloop
endfacet
facet normal -0.66468316 0.00398872 -0.74711478
    outer loop
        vertex -7.950049 83.97577 -7.602416
        vertex -6.662695 83.05864 -8.752628
        vertex -6.9457483 77.637634 -8.529747
    endloop
endfacet
facet normal -0.50562203 -0.00206421 -0.86275268
    outer loop
        vertex -5.242964 81.26726 -9.670125
        vertex -5.071419 77.30692 -9.761185
        vertex -6.067484 76.4041 -9.175274
    endloop
endfacet
facet normal -0.41929248 0.00271208 -0.90784717
    outer loop
        vertex -5.242964 81.26726 -9.670125
        vertex -3.8817377 83.43621 -10.292333
        vertex -5.071419 77.30692 -9.761185
    endloop
endfacet
facet normal -0.6715582 -0.00080581 -0.74095142
    outer loop
        vertex -7.594295 10.928783 -7.9578066
        vertex -6.978326 -1 -8.503115
        vertex -7.778175 -1 -7.778175
    endloop
endfacet
facet normal -0.54309285 0.00341934 -0.83966565
    outer loop
        vertex -6.3581758 8.215211 -8.97628
        vertex -6.8173513 19.652264 -8.632712
        vertex -5.252513 14.716849 -9.664943
    endloop
endfacet
facet normal -0.20906693 -0.00173128 -0.97789973
    outer loop
        vertex -2.9840367 28.009716 -10.587517
        vertex -2.7755005 34.780865 -10.644088
        vertex -1.5 23.75 -10.89725
    endloop
endfacet
facet normal -0.40154684 0.00418961 -0.91582888
    outer loop
        vertex -3.6733353 31.961058 -10.368539
        vertex -4.60847 25.498285 -9.988092
        vertex -5.192855 33.09259 -9.697126
    endloop
endfacet
facet normal -0.19512041 0.00081185 -0.98077899
    outer loop
        vertex -1.5 11.875 -10.89725
        vertex -2.797359 12.822284 -10.638364
        vertex -2.862108 18.083807 -10.621127
    endloop
endfacet
facet normal -0.52929139 0.00007499 -0.84844011
    outer loop
        vertex -6.3581758 8.215211 -8.97628
        vertex -5.265201 9.187799 -9.658036
        vertex -5.273257 2.071737 -9.65364
    endloop
endfacet
facet normal -0.20201081 0.00083483 -0.97938299
    outer loop
        vertex -1.5 23.75 -10.89725
        vertex -2.862108 18.083807 -10.621127
        vertex -2.9840367 28.009716 -10.587517
    endloop
endfacet
facet normal -0.56482649 -0.00204167 -0.82520717
    outer loop
        vertex -5.587846 19.9558 -9.4750185
        vertex -6.8173513 19.652264 -8.632712
        vertex -5.8912725 28.874142 -9.289398
    endloop
endfacet
facet normal -0.29526448 0.00622457 -0.95539534
    outer loop
        vertex -3.2870266 69.33451 -10.497402
        vertex -3.7448273 71.32762 -10.342934
        vertex -2.6006043 72.61546 -10.688165
    endloop
endfacet
facet normal -0.34154874 -0.00561153 -0.93984735
    outer loop
        vertex -3.2870266 69.33451 -10.497402
        vertex -4.547514 65.42593 -10.015993
        vertex -3.7448273 71.32762 -10.342934
    endloop
endfacet
facet normal -0.79325396 -0.00459131 -0.60887367
    outer loop
        vertex -9.0672455 23.61035 -6.227765
        vertex -8.782265 26.864197 -6.6235805
        vertex -8.199574 20.216848 -7.332597
    endloop
endfacet
facet normal -0.88085586 0.00193302 -0.47338071
    outer loop
        vertex -9.324237 24.741516 -5.8359756
        vertex -10 23.75 -4.58258
        vertex -9.128051 40.105396 -6.1382966
    endloop
endfacet
facet normal -0.75203413 0.00438017 -0.65910959
    outer loop
        vertex -8.199574 20.216848 -7.332597
        vertex -8.782265 26.864197 -6.6235805
        vertex -7.6702056 28.03155 -7.8846655
    endloop
endfacet
facet normal -0.84391546 -0.00245189 -0.53647059
    outer loop
        vertex -9.0672455 23.61035 -6.227765
        vertex -8.820624 14.134088 -6.5724115
        vertex -9.653813 16.586363 -5.2729397
    endloop
endfacet
facet normal 0.57656968 -0.0008595 -0.81704754
    outer loop
        vertex 6.2169504 62.72737 -9.074665
        vertex 6.686059 54.33025 -8.734794
        vertex 5.910207 49.643692 -9.277363
    endloop
endfacet
facet normal 0.61312193 0.00227786 -0.78998494
    outer loop
        vertex 6.2169504 62.72737 -9.074665
        vertex 7.2443585 62.60185 -8.277637
        vertex 6.686059 54.33025 -8.734794
    endloop
endfacet
facet normal -0.59954256 -0.00805836 -0.80030227
    outer loop
        vertex -7.3953404 72.6812 -8.14303
        vertex -6.9457483 77.637634 -8.529747
        vertex -6.067484 76.4041 -9.175274
    endloop
endfacet
facet normal -0.73690265 -0.00537935 -0.67597759
    outer loop
        vertex -7.3953404 72.6812 -8.14303
        vertex -8.754183 72.547325 -6.6606517
        vertex -8.16095 81.11866 -7.3755617
    endloop
endfacet
facet normal -0.5941056 -0.00205103 -0.80438435
    outer loop
        vertex -6.067484 76.4041 -9.175274
        vertex -6.9457483 77.637634 -8.529747
        vertex -6.662695 83.05864 -8.752628
    endloop
endfacet
facet normal -0.69076842 -0.0003035 -0.72307593
    outer loop
        vertex -7.945977 65.508965 -7.6066713
        vertex -7.21099 60.512344 -8.306722
        vertex -7.9757943 58.874485 -7.575402
    endloop
endfacet
facet normal -0.50895089 -0.00191374 -0.86079347
    outer loop
        vertex -6.067484 76.4041 -9.175274
        vertex -4.8891644 68.20406 -9.853734
        vertex -6.2849956 67.858635 -9.02767
    endloop
endfacet
facet normal -0.19020358 0 -0.98174465
    outer loop
        vertex -2.6781995 62.68646 -10.668985
        vertex -1.5 71.25 -10.89725
        vertex -1.5 47.5 -10.89725
    endloop
endfacet
facet normal -0.537925 0.005425 -0.84297532
    outer loop
        vertex -6.067484 76.4041 -9.175274
        vertex -6.662695 83.05864 -8.752628
        vertex -5.242964 81.26726 -9.670125
    endloop
endfacet
facet normal -0.68151557 0.00472297 -0.73178834
    outer loop
        vertex -6.9457483 77.637634 -8.529747
        vertex -7.3953404 72.6812 -8.14303
        vertex -8.16095 81.11866 -7.3755617
    endloop
endfacet
facet normal -0.49298432 0.00317395 -0.87003243
    outer loop
        vertex -6.1480756 62.02779 -9.121468
        vertex -4.547514 65.42593 -10.015993
        vertex -4.845587 57.71239 -9.8752365
    endloop
endfacet
facet normal -0.28193846 0.0017164 -0.95943087
    outer loop
        vertex -2.6006043 72.61546 -10.688165
        vertex -3.8817377 83.43621 -10.292333
        vertex -2.3082347 83.22874 -10.755094
    endloop
endfacet
facet normal 0.69301647 -0.00368482 -0.7209124
    outer loop
        vertex 7.005098 14.1471195 -8.481073
        vertex 7.172557 18.027777 -8.33993
        vertex 7.9783473 19.474165 -7.5727124
    endloop
endfacet
facet normal 0.54383904 -0.00055811 -0.83918941
    outer loop
        vertex 6.4355097 15.773548 -8.920999
        vertex 5.496474 13.925926 -9.528315
        vertex 5.6094866 24.670439 -9.462222
    endloop
endfacet
facet normal 0.9260478 -0.00239463 -0.3773987
    outer loop
        vertex 9.745299 47.5 -5.1018777
        vertex 9.868384 56.90401 -4.859525
        vertex 10.477216 54.574074 -3.3508122
    endloop
endfacet
facet normal 0.78685802 -0.00449175 -0.6171177
    outer loop
        vertex 9.223703 54.131714 -5.9936047
        vertex 7.977185 52.88889 -7.5739365
        vertex 8.723282 63.666664 -6.70107
    endloop
endfacet
facet normal 0.67155367 0.0037557 -0.74094641
    outer loop
        vertex 8.173527 10.487655 -7.361621
        vertex 7.778175 -1 -7.778175
        vertex 6.978326 -1 -8.503115
    endloop
endfacet
facet normal 0.86762995 -0.00044336 -0.49721041
    outer loop
        vertex 9.146166 -1 -6.111273
        vertex 9.192167 11.17764 -6.041859
        vertex 9.868216 8.610082 -4.8598685
    endloop
endfacet
facet normal -0.72328931 -0.00025973 -0.69054502
    outer loop
        vertex -7.4907804 52.77778 -8.055322
        vertex -7.459852 42.82259 -8.083972
        vertex -8.412304 45.95199 -7.087534
    endloop
endfacet
facet normal -0.53197485 -0.00255024 -0.84675628
    outer loop
        vertex -6.47396 33.379185 -8.893135
        vertex -5.8424153 43.43963 -9.320203
        vertex -5.192855 33.09259 -9.697126
    endloop
endfacet
facet normal -0.80157447 0.00561153 -0.59786856
    outer loop
        vertex -8.16095 81.11866 -7.3755617
        vertex -8.754183 72.547325 -6.6606517
        vertex -9.252555 77.18244 -5.9489694
    endloop
endfacet
facet normal -0.69689626 -0.00549956 -0.71715105
    outer loop
        vertex -8.16095 81.11866 -7.3755617
        vertex -7.950049 83.97577 -7.602416
        vertex -6.9457483 77.637634 -8.529747
    endloop
endfacet
facet normal 0.45864162 0 -0.88862127
    outer loop
        vertex 4.58258 11.875 -10
        vertex 4.58258 23.75 -10
        vertex 5.496474 13.925926 -9.528315
    endloop
endfacet
facet normal 0.46351734 0.00057521 -0.88608766
    outer loop
        vertex 5.496474 13.925926 -9.528315
        vertex 4.58258 23.75 -10
        vertex 5.6094866 24.670439 -9.462222
    endloop
endfacet
facet normal -0.30641499 0.00454589 -0.95188719
    outer loop
        vertex -4.104845 37.034996 -10.205403
        vertex -2.7755005 34.780865 -10.644088
        vertex -3.6733353 31.961058 -10.368539
    endloop
endfacet
facet normal -0.21566088 0.00219128 -0.97646582
    outer loop
        vertex -3.078808 42.245884 -10.560348
        vertex -1.5 47.5 -10.89725
        vertex -2.7755005 34.780865 -10.644088
    endloop
endfacet
facet normal 0.61928588 -0.00009208 -0.78516555
    outer loop
        vertex 6.448675 23.209877 -8.911487
        vertex 7.172557 18.027777 -8.33993
        vertex 6.4355097 15.773548 -8.920999
    endloop
endfacet
facet normal 0.64778888 -0.00584112 -0.76179755
    outer loop
        vertex 6.448675 23.209877 -8.911487
        vertex 7.411115 27.851852 -8.128675
        vertex 7.840327 21.568586 -7.7155213
    endloop
endfacet
facet normal 0.54878777 0.00009771 -0.8359617
    outer loop
        vertex 5.6094866 24.670439 -9.462222
        vertex 6.448675 23.209877 -8.911487
        vertex 6.4355097 15.773548 -8.920999
    endloop
endfacet
facet normal 0.75821656 -0.00082404 -0.65200222
    outer loop
        vertex 7.840327 21.568586 -7.7155213
        vertex 8.723282 31.333334 -6.70107
        vertex 8.822564 18.82613 -6.5698066
    endloop
endfacet
facet normal 0.68703854 0.0010926 -0.72662014
    outer loop
        vertex 7.680626 39.47222 -7.874515
        vertex 7.1545963 50.476566 -8.355343
        vertex 7.977185 52.88889 -7.5739365
    endloop
endfacet
facet normal 0.47495934 0.00249809 -0.88000429
    outer loop
        vertex 5.910207 49.643692 -9.277363
        vertex 4.58258 47.5 -10
        vertex 6.2169504 62.72737 -9.074665
    endloop
endfacet
facet normal 0.84415698 -0.00473525 -0.53607517
    outer loop
        vertex 9.150372 39.987194 -6.1049733
        vertex 9.731782 32.98937 -5.127614
        vertex 8.723282 31.333334 -6.70107
    endloop
endfacet
facet normal 0.92550874 0.0020116 -0.37872076
    outer loop
        vertex 9.851968 37.80083 -4.8927217
        vertex 9.745299 47.5 -5.1018777
        vertex 10.477216 40.425926 -3.3508122
    endloop
endfacet
facet normal 0.80335855 -0.00068538 -0.59549505
    outer loop
        vertex 9.150372 39.987194 -6.1049733
        vertex 8.491539 38.79678 -6.992408
        vertex 9.041265 51.506866 -6.265424
    endloop
endfacet
facet normal 0.47040206 0.00613849 -0.88243085
    outer loop
        vertex 5.910207 49.643692 -9.277363
        vertex 5.576805 45.844193 -9.481522
        vertex 4.58258 47.5 -10
    endloop
endfacet
facet normal 0.76042151 -0.00100634 -0.6494292
    outer loop
        vertex 7.9969068 64.649315 -7.5531106
        vertex 8.510188 76.00297 -6.969699
        vertex 8.723282 63.666664 -6.70107
    endloop
endfacet
facet normal 0.77131772 0.00822257 -0.63639724
    outer loop
        vertex 8.121754 77.68892 -7.4187007
        vertex 9.027229 80.4465 -6.285629
        vertex 8.510188 76.00297 -6.969699
    endloop
endfacet
facet normal 0.8415097 0.00083526 -0.5402413
    outer loop
        vertex 9.731782 32.98937 -5.127614
        vertex 9.704544 27.208847 -5.1789784
        vertex 8.723282 31.333334 -6.70107
    endloop
endfacet
facet normal 0.92213446 0 -0.38686937
    outer loop
        vertex 9.731782 32.98937 -5.127614
        vertex 10.477216 40.425926 -3.3508122
        vertex 10.477216 26.277779 -3.3508122
    endloop
endfacet
facet normal 0.93252844 0.00800087 -0.36100796
    outer loop
        vertex 9.731782 32.98937 -5.127614
        vertex 10.477216 26.277779 -3.3508122
        vertex 10.057558 25.375742 -4.4548316
    endloop
endfacet
facet normal 0.97520161 0 -0.22131808
    outer loop
        vertex 10.477216 40.425926 -3.3508122
        vertex 10.89725 47.5 -1.5
        vertex 10.89725 23.75 -1.5
    endloop
endfacet
facet normal 0.8991555 0.00557147 -0.43759403
    outer loop
        vertex 10.078445 67.55635 -4.4073734
        vertex 9.67295 67.77801 -5.237752
        vertex 9.522583 70.94513 -5.5063972
    endloop
endfacet
facet normal 0.84066594 -0.00143273 -0.54155219
    outer loop
        vertex 9.721394 62.00625 -5.1472816
        vertex 8.723282 63.666664 -6.70107
        vertex 9.67295 67.77801 -5.237752
    endloop
endfacet
facet normal 0.97520167 0 -0.22131811
    outer loop
        vertex 10.477216 54.574074 -3.3508122
        vertex 10.477216 68.72223 -3.3508122
        vertex 10.89725 71.25 -1.5
    endloop
endfacet
facet normal 0.85699993 0.00093944 -0.51531571
    outer loop
        vertex 9.041265 51.506866 -6.265424
        vertex 9.745299 47.5 -5.1018777
        vertex 9.150372 39.987194 -6.1049733
    endloop
endfacet
facet normal 0.84490877 0.00361572 -0.53489828
    outer loop
        vertex 9.704544 27.208847 -5.1789784
        vertex 9.621208 24.015432 -5.3321996
        vertex 8.723282 31.333334 -6.70107
    endloop
endfacet
facet normal 0.95201653 -0.0036822 -0.30602455
    outer loop
        vertex 10.241285 20.436174 -4.0144835
        vertex 10.477216 26.277779 -3.3508122
        vertex 10.681814 18.984224 -2.626565
    endloop
endfacet
facet normal 0.90053952 0.0067299 -0.4347221
    outer loop
        vertex 10.078445 67.55635 -4.4073734
        vertex 9.522583 70.94513 -5.5063972
        vertex 10.339557 74.81261 -3.7541404
    endloop
endfacet
facet normal 0.84539169 -0.0051689 -0.53412199
    outer loop
        vertex 9.67295 67.77801 -5.237752
        vertex 8.723282 63.666664 -6.70107
        vertex 9.522583 70.94513 -5.5063972
    endloop
endfacet
facet normal -0.5032751 -0.00096378 -0.86412567
    outer loop
        vertex -4.845587 57.71239 -9.8752365
        vertex -6.2253585 55.250343 -9.068898
        vertex -6.1480756 62.02779 -9.121468
    endloop
endfacet
facet normal -0.6216113 -0.00297441 -0.78332019
    outer loop
        vertex -6.2253585 55.250343 -9.068898
        vertex -7.4907804 52.77778 -8.055322
        vertex -7.21099 60.512344 -8.306722
    endloop
endfacet
facet normal -0.33853239 -0.00671773 -0.94093072
    outer loop
        vertex -2.6781995 62.68646 -10.668985
        vertex -4.547514 65.42593 -10.015993
        vertex -3.2870266 69.33451 -10.497402
    endloop
endfacet
facet normal -0.48992151 0.00266418 -0.87176245
    outer loop
        vertex -6.2253585 55.250343 -9.068898
        vertex -4.875332 44.45679 -9.860585
        vertex -5.8424153 43.43963 -9.320203
    endloop
endfacet
facet normal 0.83205724 0.00192008 -0.55468649
    outer loop
        vertex 8.822564 18.82613 -6.5698066
        vertex 9.356773 14.435185 -5.7836657
        vertex 9.192167 11.17764 -6.041859
    endloop
endfacet
facet normal 0.84934467 -0.00483583 -0.52781653
    outer loop
        vertex 8.822564 18.82613 -6.5698066
        vertex 9.621208 24.015432 -5.3321996
        vertex 9.843469 16.94856 -4.909799
    endloop
endfacet
facet normal 0.76551777 0.00151275 -0.64341301
    outer loop
        vertex 7.9783473 19.474165 -7.5727124
        vertex 8.822564 18.82613 -6.5698066
        vertex 8.173527 10.487655 -7.361621
    endloop
endfacet
facet normal 0.95399988 0.00287629 -0.29979303
    outer loop
        vertex 10.412445 12.3950615 -3.5469682
        vertex 10.241285 20.436174 -4.0144835
        vertex 10.681814 18.984224 -2.626565
    endloop
endfacet
facet normal -0.87917548 0.00102064 -0.47649711
    outer loop
        vertex -9.252555 77.18244 -5.9489694
        vertex -9.316896 69.04356 -5.8476872
        vertex -10 71.25 -4.58258
    endloop
endfacet
facet normal -0.39631128 0.00139972 -0.91811514
    outer loop
        vertex -3.7448273 71.32762 -10.342934
        vertex -4.8891644 68.20406 -9.853734
        vertex -5.071419 77.30692 -9.761185
    endloop
endfacet
facet normal -0.24298048 0.00053888 -0.97003108
    outer loop
        vertex -2.3082347 83.22874 -10.755094
        vertex -3.1931314 96 -10.526343
        vertex -2.1459935 96 -10.788638
    endloop
endfacet
facet normal -0.41533932 -0.0002908 -0.90966648
    outer loop
        vertex -3.8817377 83.43621 -10.292333
        vertex -5.242964 81.26726 -9.670125
        vertex -5.1853642 96 -9.701134
    endloop
endfacet
facet normal -0.51409799 -0.00417734 -0.85772127
    outer loop
        vertex -6.662695 83.05864 -8.752628
        vertex -6.111273 96 -9.146166
        vertex -5.1853642 96 -9.701134
    endloop
endfacet
facet normal -0.6715579 -0.00123129 -0.74095112
    outer loop
        vertex -6.978326 96 -8.503115
        vertex -7.950049 83.97577 -7.602416
        vertex -7.778175 96 -7.778175
    endloop
endfacet
facet normal -0.74094099 -0.00535148 -0.67154878
    outer loop
        vertex -8.86161 87.75 -6.517043
        vertex -8.503115 96 -6.978326
        vertex -7.778175 96 -7.778175
    endloop
endfacet
facet normal -0.8852514 -0.00064163 -0.46511245
    outer loop
        vertex -9.5056095 91.88889 -5.5356464
        vertex -9.455697 84.52027 -5.62048
        vertex -10 83.125 -4.58258
    endloop
endfacet
facet normal 0.85579193 0.00356006 -0.51730806
    outer loop
        vertex 9.186905 76.322205 -6.0498576
        vertex 9.027229 80.4465 -6.285629
        vertex 9.690046 77.98571 -5.2060537
    endloop
endfacet
facet normal 0.71848732 0.00367513 -0.6955303
    outer loop
        vertex 8.121754 77.68892 -7.4187007
        vertex 7.787698 76.76972 -7.7686396
        vertex 6.978326 96 -8.503115
    endloop
endfacet
facet normal 0.85488272 -0.00072121 -0.51882094
    outer loop
        vertex 9.743772 80.33257 -5.104794
        vertex 9.027229 80.4465 -6.285629
        vertex 9.146166 96 -6.111273
    endloop
endfacet
facet normal 0.76092279 -0.00012705 -0.64884239
    outer loop
        vertex 7.9969068 64.649315 -7.5531106
        vertex 8.723282 63.666664 -6.70107
        vertex 7.977185 52.88889 -7.5739365
    endloop
endfacet
facet normal 0.97660202 -0.00485916 -0.21499944
    outer loop
        vertex 10.67866 77.72987 -2.639361
        vertex 10.89725 71.25 -1.5
        vertex 10.477216 68.72223 -3.3508122
    endloop
endfacet
facet normal 0.9855203 -0.00248174 -0.16953906
    outer loop
        vertex 10.89725 95 -1.5
        vertex 10.664732 84.306885 -2.695087
        vertex 10.788638 96 -2.1459935
    endloop
endfacet
facet normal 0.91504663 0.00041601 -0.40334779
    outer loop
        vertex 10.346175 82.5655 -3.7358603
        vertex 9.743772 80.33257 -5.104794
        vertex 9.701134 96 -5.1853642
    endloop
endfacet
facet normal 0.85772878 -0.00030954 -0.51410252
    outer loop
        vertex 9.743772 80.33257 -5.104794
        vertex 9.146166 96 -6.111273
        vertex 9.701134 96 -5.1853642
    endloop
endfacet
facet normal 0.77847761 0.00228484 -0.6276682
    outer loop
        vertex 9.027229 80.4465 -6.285629
        vertex 8.121754 77.68892 -7.4187007
        vertex 7.778175 96 -7.778175
    endloop
endfacet
facet normal 0.57680941 0.00219989 -0.81687582
    outer loop
        vertex 5.8275795 70.19822 -9.329487
        vertex 6.8507924 70.48827 -8.606198
        vertex 6.2169504 62.72737 -9.074665
    endloop
endfacet
facet normal 0.74094266 -0.0049405 -0.67155021
    outer loop
        vertex 9.027229 80.4465 -6.285629
        vertex 7.778175 96 -7.778175
        vertex 8.503115 96 -6.978326
    endloop
endfacet
facet normal 0.66626966 -0.00375687 -0.74570143
    outer loop
        vertex 6.686059 54.33025 -8.734794
        vertex 7.2443585 62.60185 -8.277637
        vertex 7.977185 52.88889 -7.5739365
    endloop
endfacet
facet normal 0.49268681 0 -0.87020671
    outer loop
        vertex 6.2169504 62.72737 -9.074665
        vertex 4.58258 47.5 -10
        vertex 4.58258 71.25 -10
    endloop
endfacet
facet normal -0.3246744 0.0042802 -0.94581616
    outer loop
        vertex -4.240431 17.67914 -10.149816
        vertex -4.60847 25.498285 -9.988092
        vertex -2.862108 18.083807 -10.621127
    endloop
endfacet
facet normal -0.19468312 0 -0.98086619
    outer loop
        vertex -2.7755005 34.780865 -10.644088
        vertex -1.5 47.5 -10.89725
        vertex -1.5 23.75 -10.89725
    endloop
endfacet
facet normal 0.97263557 -0.00732439 -0.23222041
    outer loop
        vertex 10.89725 11.875 -1.5
        vertex 10.412445 12.3950615 -3.5469682
        vertex 10.681814 18.984224 -2.626565
    endloop
endfacet
facet normal 0.94152695 0.00605085 -0.33688328
    outer loop
        vertex 9.868216 8.610082 -4.8598685
        vertex 10.526343 -1 -3.1931314
        vertex 10.162675 -1 -4.209518
    endloop
endfacet
facet normal -0.64017797 0.00022203 -0.76822662
    outer loop
        vertex -7.459852 42.82259 -8.083972
        vertex -7.4907804 52.77778 -8.055322
        vertex -6.5987144 44.937584 -8.800963
    endloop
endfacet
facet normal -0.77445227 0.00172643 -0.63263005
    outer loop
        vertex -7.9757943 58.874485 -7.575402
        vertex -8.889399 50.77549 -6.479089
        vertex -9.070098 63.333332 -6.2236104
    endloop
endfacet
facet normal -0.62816137 0.00252631 -0.77807909
    outer loop
        vertex -6.5987144 44.937584 -8.800963
        vertex -7.4907804 52.77778 -8.055322
        vertex -6.2253585 55.250343 -9.068898
    endloop
endfacet
facet normal -0.88023072 -0.00396009 -0.47452936
    outer loop
        vertex -9.447649 50.715034 -5.633997
        vertex -9.128051 40.105396 -6.1382966
        vertex -10 47.5 -4.58258
    endloop
endfacet
facet normal -0.88119638 0.00297375 -0.47274104
    outer loop
        vertex -9.653813 16.586363 -5.2729397
        vertex -10 23.75 -4.58258
        vertex -9.324237 24.741516 -5.8359756
    endloop
endfacet
facet normal -0.88742161 0.00098156 -0.46095771
    outer loop
        vertex -10 11.875 -4.58258
        vertex -9.484568 13.402523 -5.571622
        vertex -9.701134 -1 -5.1853642
    endloop
endfacet
facet normal -0.75447685 -0.00498913 -0.6563077
    outer loop
        vertex -8.820624 14.134088 -6.5724115
        vertex -8.199574 20.216848 -7.332597
        vertex -7.594295 10.928783 -7.9578066
    endloop
endfacet
facet normal -0.43864936 0.00519864 -0.89864326
    outer loop
        vertex -4.104845 37.034996 -10.205403
        vertex -5.192855 33.09259 -9.697126
        vertex -5.8424153 43.43963 -9.320203
    endloop
endfacet
facet normal -0.66127539 -0.00033764 -0.75014323
    outer loop
        vertex -6.86811 29.466772 -8.592384
        vertex -6.8173513 19.652264 -8.632712
        vertex -7.6702056 28.03155 -7.8846655
    endloop
endfacet
facet normal -0.63923401 -0.00256309 -0.76900798
    outer loop
        vertex -7.594295 10.928783 -7.9578066
        vertex -6.8173513 19.652264 -8.632712
        vertex -6.3581758 8.215211 -8.97628
    endloop
endfacet
facet normal -0.19464292 0.00149153 -0.98087299
    outer loop
        vertex -1.5 11.875 -10.89725
        vertex -2.1459935 -1 -10.788638
        vertex -2.797359 12.822284 -10.638364
    endloop
endfacet
facet normal 0.8032071 0.0003614 -0.59569973
    outer loop
        vertex 8.503115 -1 -6.978326
        vertex 9.192167 11.17764 -6.041859
        vertex 9.146166 -1 -6.111273
    endloop
endfacet
facet normal 0.98220181 0 -0.18782905
    outer loop
        vertex 10.89725 11.875 -1.5
        vertex 10.681814 18.984224 -2.626565
        vertex 10.89725 23.75 -1.5
    endloop
endfacet
facet normal 0.59569973 0.00011591 -0.8032071
    outer loop
        vertex 6.111273 -1 -9.146166
        vertex 7.005098 14.1471195 -8.481073
        vertex 6.978326 -1 -8.503115
    endloop
endfacet
facet normal 0.8644532 -0.00133365 -0.50271159
    outer loop
        vertex 9.745299 47.5 -5.1018777
        vertex 9.851968 37.80083 -4.8927217
        vertex 9.150372 39.987194 -6.1049733
    endloop
endfacet
facet normal 0.6267705 -0.00408547 -0.77919328
    outer loop
        vertex 6.3792977 47.100822 -8.961281
        vertex 7.1545963 50.476566 -8.355343
        vertex 7.680626 39.47222 -7.874515
    endloop
endfacet
facet normal 0.69340736 0.00011314 -0.72054583
    outer loop
        vertex 7.2443585 62.60185 -8.277637
        vertex 7.9969068 64.649315 -7.5531106
        vertex 7.977185 52.88889 -7.5739365
    endloop
endfacet
facet normal -0.77640796 0.00051899 -0.63023049
    outer loop
        vertex -7.945977 65.508965 -7.6066713
        vertex -7.9757943 58.874485 -7.575402
        vertex -9.070098 63.333332 -6.2236104
    endloop
endfacet
facet normal -0.39050868 0.00115941 -0.92059851
    outer loop
        vertex -3.774661 47.419144 -10.332083
        vertex -4.94399 55.141212 -9.82634
        vertex -3.6758401 52.460907 -10.367652
    endloop
endfacet
facet normal 0.48879746 0 -0.87239724
    outer loop
        vertex 6.135683 34.194443 -9.129808
        vertex 4.58258 23.75 -10
        vertex 4.58258 47.5 -10
    endloop
endfacet
facet normal 0.6253047 0.0025657 -0.78037637
    outer loop
        vertex 6.135683 34.194443 -9.129808
        vertex 7.680626 39.47222 -7.874515
        vertex 7.411115 27.851852 -8.128675
    endloop
endfacet
facet normal 0.97520167 0 -0.22131813
    outer loop
        vertex 10.89725 23.75 -1.5
        vertex 10.477216 26.277779 -3.3508122
        vertex 10.477216 40.425926 -3.3508122
    endloop
endfacet
facet normal 0.98615867 0 -0.16580465
    outer loop
        vertex 10.89725 -0 -1.5
        vertex 10.788638 -1 -2.1459935
        vertex 10.89725 11.875 -1.5
    endloop
endfacet
facet normal 0.73577422 -0.00109123 -0.67722607
    outer loop
        vertex 7.680626 39.47222 -7.874515
        vertex 7.977185 52.88889 -7.5739365
        vertex 8.491539 38.79678 -6.992408
    endloop
endfacet
facet normal 0.97520161 0 -0.22131808
    outer loop
        vertex 10.89725 71.25 -1.5
        vertex 10.89725 47.5 -1.5
        vertex 10.477216 54.574074 -3.3508122
    endloop
endfacet
facet normal 0.97520167 0 -0.22131813
    outer loop
        vertex 10.477216 54.574074 -3.3508122
        vertex 10.89725 47.5 -1.5
        vertex 10.477216 40.425926 -3.3508122
    endloop
endfacet
facet normal 0.98208916 0 -0.18841673
    outer loop
        vertex 10.89725 83.125 -1.5
        vertex 10.89725 71.25 -1.5
        vertex 10.67866 77.72987 -2.639361
    endloop
endfacet
facet normal 0.84349495 0.00441639 -0.53711903
    outer loop
        vertex 9.223703 54.131714 -5.9936047
        vertex 8.723282 63.666664 -6.70107
        vertex 9.721394 62.00625 -5.1472816
    endloop
endfacet
facet normal 0.47274029 -0.00218129 -0.88119912
    outer loop
        vertex 5.2867894 80.95576 -9.646235
        vertex 5.8275795 70.19822 -9.329487
        vertex 4.58258 71.25 -10
    endloop
endfacet
facet normal 0.73916912 -0.00241241 -0.67351544
    outer loop
        vertex 7.680626 39.47222 -7.874515
        vertex 8.723282 31.333334 -6.70107
        vertex 7.411115 27.851852 -8.128675
    endloop
endfacet
facet normal 0.92264497 0 -0.38565034
    outer loop
        vertex 9.745299 47.5 -5.1018777
        vertex 10.477216 54.574074 -3.3508122
        vertex 10.477216 40.425926 -3.3508122
    endloop
endfacet
facet normal -0.56716204 -0.00086488 -0.82360578
    outer loop
        vertex -6.5987144 44.937584 -8.800963
        vertex -6.2253585 55.250343 -9.068898
        vertex -5.8424153 43.43963 -9.320203
    endloop
endfacet
facet normal -0.29591617 0.00234416 -0.95521104
    outer loop
        vertex -3.078808 42.245884 -10.560348
        vertex -3.774661 47.419144 -10.332083
        vertex -2.6547506 49.121056 -10.674845
    endloop
endfacet
facet normal 0.5956893 -0.00594802 -0.80319303
    outer loop
        vertex 6.978326 96 -8.503115
        vertex 5.2867894 80.95576 -9.646235
        vertex 6.111273 96 -9.146166
    endloop
endfacet
facet normal -0.18899265 0.00009746 -0.98197848
    outer loop
        vertex -2.6781995 62.68646 -10.668985
        vertex -1.5 47.5 -10.89725
        vertex -2.6547506 49.121056 -10.674845
    endloop
endfacet
facet normal -0.40444723 -0.00075115 -0.91456103
    outer loop
        vertex -3.8817377 83.43621 -10.292333
        vertex -3.7448273 71.32762 -10.342934
        vertex -5.071419 77.30692 -9.761185
    endloop
endfacet
facet normal -0.82100213 -0.00061433 -0.57092476
    outer loop
        vertex -9.316896 69.04356 -5.8476872
        vertex -9.252555 77.18244 -5.9489694
        vertex -8.754183 72.547325 -6.6606517
    endloop
endfacet
facet normal -0.87232715 0 -0.48892257
    outer loop
        vertex -10 23.75 -4.58258
        vertex -10 47.5 -4.58258
        vertex -9.128051 40.105396 -6.1382966
    endloop
endfacet
facet normal -0.72220188 0.00043331 -0.69168216
    outer loop
        vertex -8.412304 45.95199 -7.087534
        vertex -7.459852 42.82259 -8.083972
        vertex -8.38184 39.25908 -7.123535
    endloop
endfacet
facet normal -0.85772842 -0.0008902 -0.51410228
    outer loop
        vertex -9.701134 -1 -5.1853642
        vertex -9.484568 13.402523 -5.571622
        vertex -9.146166 -1 -6.111273
    endloop
endfacet
facet normal 0.54959184 0.00075903 -0.83543295
    outer loop
        vertex 6.448675 23.209877 -8.911487
        vertex 5.6094866 24.670439 -9.462222
        vertex 6.4996014 27.142624 -8.874412
    endloop
endfacet
facet normal -0.35603508 0.0064533 -0.93445039
    outer loop
        vertex -3.078808 42.245884 -10.560348
        vertex -4.104845 37.034996 -10.205403
        vertex -4.875332 44.45679 -9.860585
    endloop
endfacet
facet normal -0.74095106 0.00130884 -0.6715579
    outer loop
        vertex -7.778175 -1 -7.778175
        vertex -8.503115 -1 -6.978326
        vertex -7.594295 10.928783 -7.9578066
    endloop
endfacet
facet normal -0.16580465 0 -0.98615867
    outer loop
        vertex -1.5 -0 -10.89725
        vertex -2.1459935 -1 -10.788638
        vertex -1.5 11.875 -10.89725
    endloop
endfacet
facet normal 0.91438919 -0.00485833 -0.40480709
    outer loop
        vertex 10.078445 67.55635 -4.4073734
        vertex 10.477216 54.574074 -3.3508122
        vertex 9.721394 62.00625 -5.1472816
    endloop
endfacet
facet normal 0.68839473 -0.00208659 -0.72533321
    outer loop
        vertex 7.005098 14.1471195 -8.481073
        vertex 7.9783473 19.474165 -7.5727124
        vertex 8.173527 10.487655 -7.361621
    endloop
endfacet
facet normal 0.92332762 0.00044079 -0.38401282
    outer loop
        vertex 10.412445 12.3950615 -3.5469682
        vertex 9.868216 8.610082 -4.8598685
        vertex 9.843469 16.94856 -4.909799
    endloop
endfacet
facet normal -0.73741603 0.00610489 -0.67541116
    outer loop
        vertex -8.754183 72.547325 -6.6606517
        vertex -7.3953404 72.6812 -8.14303
        vertex -7.945977 65.508965 -7.6066713
    endloop
endfacet
facet normal -0.83389384 -0.01287896 -0.55177456
    outer loop
        vertex -9.447649 50.715034 -5.633997
        vertex -8.889399 50.77549 -6.479089
        vertex -8.412304 45.95199 -7.087534
    endloop
endfacet
facet normal -0.86494941 0.00243006 -0.50185311
    outer loop
        vertex -10 71.25 -4.58258
        vertex -9.070098 63.333332 -6.2236104
        vertex -9.447649 50.715034 -5.633997
    endloop
endfacet
facet normal 0.86782819 0.00144611 -0.49686229
    outer loop
        vertex 9.223703 54.131714 -5.9936047
        vertex 9.868384 56.90401 -4.859525
        vertex 9.745299 47.5 -5.1018777
    endloop
endfacet
facet normal 0.94153935 -0.00320588 -0.33688775
    outer loop
        vertex 10.162675 96 -4.209518
        vertex 10.526343 96 -3.1931314
        vertex 10.664732 84.306885 -2.695087
    endloop
endfacet
facet normal -0.54245651 0.00035264 -0.84008384
    outer loop
        vertex -5.1853642 96 -9.701134
        vertex -5.242964 81.26726 -9.670125
        vertex -6.662695 83.05864 -8.752628
    endloop
endfacet
facet normal -0.28834733 -0.00008484 -0.95752585
    outer loop
        vertex -2.6781995 62.68646 -10.668985
        vertex -2.6547506 49.121056 -10.674845
        vertex -3.6758401 52.460907 -10.367652
    endloop
endfacet
facet normal -0.76324123 0.0014655 -0.64611191
    outer loop
        vertex -7.778175 96 -7.778175
        vertex -7.950049 83.97577 -7.602416
        vertex -8.86161 87.75 -6.517043
    endloop
endfacet
facet normal -0.80320615 0.00159519 -0.59569901
    outer loop
        vertex -8.503115 96 -6.978326
        vertex -8.86161 87.75 -6.517043
        vertex -9.146166 96 -6.111273
    endloop
endfacet
facet normal 0.3511534 0.02127405 -0.93607616
    outer loop
        vertex 3.125205 -0 -10.54671
        vertex 4.58258 -0 -10
        vertex 4.209518 -1 -10.162675
    endloop
endfacet
facet normal 0.51409805 -0.00415893 -0.85772133
    outer loop
        vertex 6.111273 96 -9.146166
        vertex 4.58258 83.125 -10
        vertex 5.1853642 96 -9.701134
    endloop
endfacet
facet normal 0.24297921 -0.00325149 -0.97002608
    outer loop
        vertex 2.1459935 -1 -10.788638
        vertex 3.125205 -0 -10.54671
        vertex 3.1931314 -1 -10.526343
    endloop
endfacet
facet normal -0.31486344 0.00001995 -0.94913691
    outer loop
        vertex -2.797359 12.822284 -10.638364
        vertex -4.113421 4.63134 -10.20195
        vertex -4.116468 15.072758 -10.20072
    endloop
endfacet
facet normal -0.33688939 -0.00081779 -0.94154394
    outer loop
        vertex -4.209518 -1 -10.162675
        vertex -4.113421 4.63134 -10.20195
        vertex -3.1931314 -1 -10.526343
    endloop
endfacet
facet normal -0.24294874 0.01616796 -0.96990436
    outer loop
        vertex -4.113421 4.63134 -10.20195
        vertex -2.1459935 -1 -10.788638
        vertex -3.1931314 -1 -10.526343
    endloop
endfacet
facet normal -0.42725995 -0.00007491 -0.90412885
    outer loop
        vertex -5.273257 2.071737 -9.65364
        vertex -5.265201 9.187799 -9.658036
        vertex -4.113421 4.63134 -10.20195
    endloop
endfacet
facet normal 0.44420776 0 -0.89592379
    outer loop
        vertex 4.58258 83.125 -10
        vertex 4.58258 95 -10
        vertex 5.1853642 96 -9.701134
    endloop
endfacet
facet normal -0.1467187 -0.01264858 -0.9890973
    outer loop
        vertex -1.5 -0 -10.89725
        vertex -1.0781885 -1 -10.947032
        vertex -2.1459935 -1 -10.788638
    endloop
endfacet
facet normal 0.04906754 -0.00247979 -0.99879241
    outer loop
        vertex 0.00000000000000067355573 -1 -11
        vertex 0.05315905 -0 -10.999871
        vertex 1.0781885 -1 -10.947032
    endloop
endfacet
facet normal -0.04906751 0.00273697 -0.99879175
    outer loop
        vertex -1.0781885 -1 -10.947032
        vertex 0.05315905 -0 -10.999871
        vertex 0.00000000000000067355573 -1 -11
    endloop
endfacet
facet normal 0.63446653 -0.00188297 -0.77294803
    outer loop
        vertex 6.3792977 47.100822 -8.961281
        vertex 7.680626 39.47222 -7.874515
        vertex 6.135683 34.194443 -9.129808
    endloop
endfacet
facet normal 0.14671756 -0.01324488 -0.98908967
    outer loop
        vertex 1.0781885 -1 -10.947032
        vertex 1.6052533 -0 -10.88224
        vertex 2.1459935 -1 -10.788638
    endloop
endfacet
facet normal 0.5470227 0.00210146 -0.83711505
    outer loop
        vertex 6.978326 96 -8.503115
        vertex 6.6103277 76.61729 -8.792245
        vertex 5.2867894 80.95576 -9.646235
    endloop
endfacet
facet normal 0.24297921 0.00325149 -0.97002608
    outer loop
        vertex 3.1931314 96 -10.526343
        vertex 3.125205 95 -10.54671
        vertex 2.1459935 96 -10.788638
    endloop
endfacet
facet normal 0.45953152 0.00433795 -0.88815093
    outer loop
        vertex 5.2867894 80.95576 -9.646235
        vertex 4.58258 83.125 -10
        vertex 6.111273 96 -9.146166
    endloop
endfacet
facet normal 0.42752215 0.01244737 -0.90391916
    outer loop
        vertex 4.58258 95 -10
        vertex 4.209518 96 -10.162675
        vertex 5.1853642 96 -9.701134
    endloop
endfacet
facet normal 0.33688715 0.00370755 -0.94153774
    outer loop
        vertex 3.125205 -0 -10.54671
        vertex 4.209518 -1 -10.162675
        vertex 3.1931314 -1 -10.526343
    endloop
endfacet
facet normal 0.99879551 0 -0.04906769
    outer loop
        vertex 10.947032 96 -1.0781885
        vertex 11 96 0
        vertex 11 95 0
    endloop
endfacet
facet normal 0.9890973 0.01264858 -0.1467187
    outer loop
        vertex 10.788638 96 -2.1459935
        vertex 10.947032 96 -1.0781885
        vertex 10.89725 95 -1.5
    endloop
endfacet
facet normal 0.98159385 0 -0.1909806
    outer loop
        vertex 10.89725 83.125 -1.5
        vertex 10.664732 84.306885 -2.695087
        vertex 10.89725 95 -1.5
    endloop
endfacet
facet normal 0.82553941 0.00197133 -0.56434113
    outer loop
        vertex 8.510188 76.00297 -6.969699
        vertex 9.522583 70.94513 -5.5063972
        vertex 8.723282 63.666664 -6.70107
    endloop
endfacet
facet normal 0.90960342 -0.00391228 -0.41545928
    outer loop
        vertex 9.522583 70.94513 -5.5063972
        vertex 9.690046 77.98571 -5.2060537
        vertex 10.339557 74.81261 -3.7541404
    endloop
endfacet
facet normal 0.8384456 0.00093597 -0.54498446
    outer loop
        vertex 8.822564 18.82613 -6.5698066
        vertex 8.723282 31.333334 -6.70107
        vertex 9.621208 24.015432 -5.3321996
    endloop
endfacet
facet normal 0.74095118 -0.00114874 -0.67155796
    outer loop
        vertex 7.778175 -1 -7.778175
        vertex 8.173527 10.487655 -7.361621
        vertex 8.503115 -1 -6.978326
    endloop
endfacet
facet normal 0.77708095 0.0023902 -0.62939614
    outer loop
        vertex 9.041265 51.506866 -6.265424
        vertex 8.491539 38.79678 -6.992408
        vertex 7.977185 52.88889 -7.5739365
    endloop
endfacet
facet normal 0.9039858 -0.00272674 -0.42755371
    outer loop
        vertex 10.162675 96 -4.209518
        vertex 10.346175 82.5655 -3.7358603
        vertex 9.701134 96 -5.1853642
    endloop
endfacet
facet normal 0.51409805 0.00415893 -0.85772133
    outer loop
        vertex 4.58258 11.875 -10
        vertex 6.111273 -1 -9.146166
        vertex 5.1853642 -1 -9.701134
    endloop
endfacet
facet normal 0.80320704 0.00053577 -0.59569967
    outer loop
        vertex 9.146166 96 -6.111273
        vertex 9.027229 80.4465 -6.285629
        vertex 8.503115 96 -6.978326
    endloop
endfacet
facet normal 0.46486604 -0.00352041 -0.88537407
    outer loop
        vertex 6.111273 -1 -9.146166
        vertex 4.58258 11.875 -10
        vertex 5.496474 13.925926 -9.528315
    endloop
endfacet
facet normal 0.44420776 0 -0.89592379
    outer loop
        vertex 5.1853642 -1 -9.701134
        vertex 4.58258 -0 -10
        vertex 4.58258 11.875 -10
    endloop
endfacet
facet normal 0.67155713 -0.00194525 -0.74095023
    outer loop
        vertex 8.121754 77.68892 -7.4187007
        vertex 6.978326 96 -8.503115
        vertex 7.778175 96 -7.778175
    endloop
endfacet
facet normal 0.3511534 -0.02127406 -0.93607616
    outer loop
        vertex 4.58258 95 -10
        vertex 3.125205 95 -10.54671
        vertex 4.209518 96 -10.162675
    endloop
endfacet
facet normal 0.21549267 0.02515282 -0.97618145
    outer loop
        vertex 1.6052533 -0 -10.88224
        vertex 3.125205 -0 -10.54671
        vertex 2.1459935 -1 -10.788638
    endloop
endfacet
facet normal 0.07554863 0.02476756 -0.99683452
    outer loop
        vertex 0.05315905 -0 -10.999871
        vertex 1.6052533 -0 -10.88224
        vertex 1.0781885 -1 -10.947032
    endloop
endfacet
facet normal 0.21549267 -0.02515282 -0.97618145
    outer loop
        vertex 2.1459935 96 -10.788638
        vertex 3.125205 95 -10.54671
        vertex 1.6052533 95 -10.88224
    endloop
endfacet
facet normal 0.07554863 -0.02476756 -0.99683452
    outer loop
        vertex 1.0781885 96 -10.947032
        vertex 1.6052533 95 -10.88224
        vertex 0.05315905 95 -10.999871
    endloop
endfacet
facet normal -0.06591298 0.02185877 -0.99758589
    outer loop
        vertex -1.0781885 -1 -10.947032
        vertex -1.5 -0 -10.89725
        vertex 0.05315905 -0 -10.999871
    endloop
endfacet
facet normal -0.06591298 -0.02185877 -0.99758589
    outer loop
        vertex -1.5 95 -10.89725
        vertex -1.0781885 96 -10.947032
        vertex 0.05315905 95 -10.999871
    endloop
endfacet
facet normal -0.16651893 -0.0004745 -0.98603815
    outer loop
        vertex -2.3082347 83.22874 -10.755094
        vertex -2.1459935 96 -10.788638
        vertex -1.5 95 -10.89725
    endloop
endfacet
facet normal -0.52258635 0.00171606 -0.8525846
    outer loop
        vertex -5.273257 2.071737 -9.65364
        vertex -6.111273 -1 -9.146166
        vertex -6.3581758 8.215211 -8.97628
    endloop
endfacet
facet normal -0.17322625 0 -0.984882
    outer loop
        vertex -2.3082347 83.22874 -10.755094
        vertex -1.5 95 -10.89725
        vertex -1.5 83.125 -10.89725
    endloop
endfacet
facet normal -0.90391916 0.01244735 -0.42752215
    outer loop
        vertex -10.162675 96 -4.209518
        vertex -9.701134 96 -5.1853642
        vertex -10 95 -4.58258
    endloop
endfacet
facet normal -0.2037092 -0.0142983 -0.97892702
    outer loop
        vertex -3.2870266 69.33451 -10.497402
        vertex -2.6006043 72.61546 -10.688165
        vertex -1.5 71.25 -10.89725
    endloop
endfacet
facet normal -0.94148982 0.01074619 -0.33687001
    outer loop
        vertex -10.526343 96 -3.1931314
        vertex -10.162675 96 -4.209518
        vertex -10.433691 95 -3.4839778
    endloop
endfacet
facet normal -0.96999937 0.00810458 -0.24297252
    outer loop
        vertex -10.788638 96 -2.1459935
        vertex -10.526343 96 -3.1931314
        vertex -10.747092 95 -2.3452096
    endloop
endfacet
facet normal -0.98916638 0.00452253 -0.14672893
    outer loop
        vertex -10.947032 96 -1.0781885
        vertex -10.788638 96 -2.1459935
        vertex -10.93659 95 -1.1794037
    endloop
endfacet
facet normal -0.99854541 -0.00499275 -0.05368609
    outer loop
        vertex -10.947032 96 -1.0781885
        vertex -10.93659 95 -1.1794037
        vertex -11 95 0
    endloop
endfacet
facet normal -0.8876754 0 -0.46046981
    outer loop
        vertex -9.5056095 91.88889 -5.5356464
        vertex -10 83.125 -4.58258
        vertex -10 95 -4.58258
    endloop
endfacet
facet normal -0.98700505 -0.00904485 -0.16043445
    outer loop
        vertex -10.788638 96 -2.1459935
        vertex -10.747092 95 -2.3452096
        vertex -10.93659 95 -1.1794037
    endloop
endfacet
facet normal -0.83473611 0.00068532 -0.5506497
    outer loop
        vertex -8.86161 87.75 -6.517043
        vertex -9.455697 84.52027 -5.62048
        vertex -9.5056095 91.88889 -5.5356464
    endloop
endfacet
facet normal -0.47382811 0.00220757 -0.88061464
    outer loop
        vertex -4.60847 25.498285 -9.988092
        vertex -5.587846 19.9558 -9.4750185
        vertex -5.8912725 28.874142 -9.289398
    endloop
endfacet
facet normal -0.33688933 0.00092749 -0.94154382
    outer loop
        vertex -3.1931314 96 -10.526343
        vertex -3.8817377 83.43621 -10.292333
        vertex -4.209518 96 -10.162675
    endloop
endfacet
facet normal -0.89592379 0 -0.44420776
    outer loop
        vertex -9.701134 -1 -5.1853642
        vertex -10 -0 -4.58258
        vertex -10 11.875 -4.58258
    endloop
endfacet
facet normal -0.68415642 0.00450827 -0.72932136
    outer loop
        vertex -6.8173513 19.652264 -8.632712
        vertex -7.594295 10.928783 -7.9578066
        vertex -8.199574 20.216848 -7.332597
    endloop
endfacet
facet normal -0.93005043 0.01432518 -0.36715245
    outer loop
        vertex -10.162675 -1 -4.209518
        vertex -10.433691 -0 -3.4839778
        vertex -10 -0 -4.58258
    endloop
endfacet
facet normal -0.5088957 -0.00051107 -0.86082816
    outer loop
        vertex -4.94399 55.141212 -9.82634
        vertex -4.875332 44.45679 -9.860585
        vertex -6.2253585 55.250343 -9.068898
    endloop
endfacet
facet normal -0.96408224 0.01215542 -0.26532578
    outer loop
        vertex -10.526343 -1 -3.1931314
        vertex -10.747092 -0 -2.3452096
        vertex -10.433691 -0 -3.4839778
    endloop
endfacet
facet normal -0.96408224 -0.01215542 -0.26532578
    outer loop
        vertex -10.526343 96 -3.1931314
        vertex -10.433691 95 -3.4839778
        vertex -10.747092 95 -2.3452096
    endloop
endfacet
facet normal -0.99879551 -0 -0.04906769
    outer loop
        vertex -11 -0 0
        vertex -10.947032 -1 -1.0781885
        vertex -11 -1 0
    endloop
endfacet
facet normal -0.99854541 0.00499275 -0.05368609
    outer loop
        vertex -10.947032 -1 -1.0781885
        vertex -11 -0 0
        vertex -10.93659 -0 -1.1794037
    endloop
endfacet
facet normal -0.98700505 0.00904485 -0.16043445
    outer loop
        vertex -10.788638 -1 -2.1459935
        vertex -10.93659 -0 -1.1794037
        vertex -10.747092 -0 -2.3452096
    endloop
endfacet
facet normal -0.96999937 -0.00810459 -0.24297252
    outer loop
        vertex -10.526343 -1 -3.1931314
        vertex -10.788638 -1 -2.1459935
        vertex -10.747092 -0 -2.3452096
    endloop
endfacet
facet normal -0.94148982 -0.01074622 -0.33687001
    outer loop
        vertex -10.162675 -1 -4.209518
        vertex -10.526343 -1 -3.1931314
        vertex -10.433691 -0 -3.4839778
    endloop
endfacet
facet normal -0.90391916 -0.01244737 -0.42752215
    outer loop
        vertex -9.701134 -1 -5.1853642
        vertex -10.162675 -1 -4.209518
        vertex -10 -0 -4.58258
    endloop
endfacet
facet normal -0.6861949 -0.00490424 -0.7274012
    outer loop
        vertex -7.6702056 28.03155 -7.8846655
        vertex -6.8173513 19.652264 -8.632712
        vertex -8.199574 20.216848 -7.332597
    endloop
endfacet
facet normal -0.66702276 -0.00190371 -0.74503499
    outer loop
        vertex -6.978326 96 -8.503115
        vertex -6.662695 83.05864 -8.752628
        vertex -7.950049 83.97577 -7.602416
    endloop
endfacet
facet normal -0.84058094 -0.00235077 -0.54168081
    outer loop
        vertex -9.5056095 91.88889 -5.5356464
        vertex -9.146166 96 -6.111273
        vertex -8.86161 87.75 -6.517043
    endloop
endfacet
facet normal -0.78310961 0.00223688 -0.62187964
    outer loop
        vertex -8.820624 14.134088 -6.5724115
        vertex -9.0672455 23.61035 -6.227765
        vertex -8.199574 20.216848 -7.332597
    endloop
endfacet
facet normal -0.59569949 0.00095739 -0.8032068
    outer loop
        vertex -6.662695 83.05864 -8.752628
        vertex -6.978326 96 -8.503115
        vertex -6.111273 96 -9.146166
    endloop
endfacet
facet normal -0.80320692 -0.00087372 -0.59569961
    outer loop
        vertex -8.820624 14.134088 -6.5724115
        vertex -8.503115 -1 -6.978326
        vertex -9.146166 -1 -6.111273
    endloop
endfacet
facet normal -0.68863738 0.00029439 -0.72510588
    outer loop
        vertex -7.945977 65.508965 -7.6066713
        vertex -7.178348 67.350174 -8.334946
        vertex -7.21099 60.512344 -8.306722
    endloop
endfacet
facet normal -0.93005043 -0.01432519 -0.36715245
    outer loop
        vertex -10 95 -4.58258
        vertex -10.433691 95 -3.4839778
        vertex -10.162675 96 -4.209518
    endloop
endfacet
facet normal -0.42755455 -0.00182548 -0.90398765
    outer loop
        vertex -5.1853642 96 -9.701134
        vertex -4.209518 96 -10.162675
        vertex -3.8817377 83.43621 -10.292333
    endloop
endfacet
facet normal -0.74625474 0.00219746 -0.66565675
    outer loop
        vertex -7.594295 10.928783 -7.9578066
        vertex -8.503115 -1 -6.978326
        vertex -8.820624 14.134088 -6.5724115
    endloop
endfacet
facet normal -0.63226134 0.00276844 -0.77475029
    outer loop
        vertex -6.978326 -1 -8.503115
        vertex -7.594295 10.928783 -7.9578066
        vertex -6.3581758 8.215211 -8.97628
    endloop
endfacet
facet normal -0.1467187 0.01264858 -0.9890973
    outer loop
        vertex -1.5 95 -10.89725
        vertex -2.1459935 96 -10.788638
        vertex -1.0781885 96 -10.947032
    endloop
endfacet
facet normal 0.04906754 0.00247979 -0.99879241
    outer loop
        vertex 0.05315905 95 -10.999871
        vertex 0.00000000000000067355573 96 -11
        vertex 1.0781885 96 -10.947032
    endloop
endfacet
facet normal 0.14671756 0.01324488 -0.98908967
    outer loop
        vertex 1.0781885 96 -10.947032
        vertex 2.1459935 96 -10.788638
        vertex 1.6052533 95 -10.88224
    endloop
endfacet
facet normal 0.33688715 -0.00370755 -0.94153774
    outer loop
        vertex 3.1931314 96 -10.526343
        vertex 4.209518 96 -10.162675
        vertex 3.125205 95 -10.54671
    endloop
endfacet
facet normal 0.42752215 -0.01244737 -0.90391916
    outer loop
        vertex 5.1853642 -1 -9.701134
        vertex 4.209518 -1 -10.162675
        vertex 4.58258 -0 -10
    endloop
endfacet
facet normal 0.67226809 -0.00156042 -0.74030614
    outer loop
        vertex 7.9969068 64.649315 -7.5531106
        vertex 6.8507924 70.48827 -8.606198
        vertex 7.787698 76.76972 -7.7686396
    endloop
endfacet
facet normal 0.69153184 -0.00017114 -0.72234601
    outer loop
        vertex 6.978326 -1 -8.503115
        vertex 7.005098 14.1471195 -8.481073
        vertex 8.173527 10.487655 -7.361621
    endloop
endfacet
facet normal 0.57000017 0.00244183 -0.82164085
    outer loop
        vertex 5.496474 13.925926 -9.528315
        vertex 7.005098 14.1471195 -8.481073
        vertex 6.111273 -1 -9.146166
    endloop
endfacet
facet normal 0.91037154 -0.00298721 -0.4137812
    outer loop
        vertex 9.743772 80.33257 -5.104794
        vertex 10.339557 74.81261 -3.7541404
        vertex 9.690046 77.98571 -5.2060537
    endloop
endfacet
facet normal 0.87402707 -0.00031549 -0.48587731
    outer loop
        vertex 9.868216 8.610082 -4.8598685
        vertex 9.356773 14.435185 -5.7836657
        vertex 9.843469 16.94856 -4.909799
    endloop
endfacet
facet normal 0.9890973 -0.01264858 -0.1467187
    outer loop
        vertex 10.788638 -1 -2.1459935
        vertex 10.89725 -0 -1.5
        vertex 10.947032 -1 -1.0781885
    endloop
endfacet
facet normal 0.99744558 0.02083441 -0.06832491
    outer loop
        vertex 10.947032 -1 -1.0781885
        vertex 10.89725 -0 -1.5
        vertex 11 -0 0
    endloop
endfacet
facet normal -0.99879551 0 -0.04906769
    outer loop
        vertex -10.947032 96 -1.0781885
        vertex -11 95 0
        vertex -11 96 0
    endloop
endfacet
facet normal 0.90398848 -0.00123545 -0.42755494
    outer loop
        vertex 10.162675 -1 -4.209518
        vertex 9.701134 -1 -5.1853642
        vertex 9.868216 8.610082 -4.8598685
    endloop
endfacet
facet normal 0.97002959 0.00182973 -0.24298009
    outer loop
        vertex 10.412445 12.3950615 -3.5469682
        vertex 10.788638 -1 -2.1459935
        vertex 10.526343 -1 -3.1931314
    endloop
endfacet
facet normal 0.79104602 0.00228398 -0.61175239
    outer loop
        vertex 8.503115 -1 -6.978326
        vertex 8.173527 10.487655 -7.361621
        vertex 9.192167 11.17764 -6.041859
    endloop
endfacet
facet normal 0.97326374 0.00331301 -0.22966662
    outer loop
        vertex 10.89725 11.875 -1.5
        vertex 10.788638 -1 -2.1459935
        vertex 10.412445 12.3950615 -3.5469682
    endloop
endfacet
facet normal 0.99879551 0 -0.04906769
    outer loop
        vertex 10.947032 -1 -1.0781885
        vertex 11 -0 0
        vertex 11 -1 0
    endloop
endfacet
facet normal 0.99744558 -0.02083441 -0.06832491
    outer loop
        vertex 10.947032 96 -1.0781885
        vertex 11 95 0
        vertex 10.89725 95 -1.5
    endloop
endfacet
facet normal -0.98916638 -0.00452253 -0.14672893
    outer loop
        vertex -10.947032 -1 -1.0781885
        vertex -10.93659 -0 -1.1794037
        vertex -10.788638 -1 -2.1459935
    endloop
endfacet
facet normal -0.04906751 -0.00273697 -0.99879175
    outer loop
        vertex 0.00000000000000067355573 96 -11
        vertex 0.05315905 95 -10.999871
        vertex -1.0781885 96 -10.947032
    endloop
endfacet
facet normal 1 -0 0
    outer loop
        vertex 78 47.5 6.5
        vertex 78 -0 -1.5
        vertex 78 95 6.5
    endloop
endfacet
facet normal 1 0 0
    outer loop
        vertex 78 95 6.5
        vertex 78 -0 -1.5
        vertex 78 95 -1.5
    endloop
endfacet
facet normal 1 -0 0
    outer loop
        vertex 78 -0 6.5
        vertex 78 -0 -1.5
        vertex 78 47.5 6.5
    endloop
endfacet
facet normal 0 0 -1
    outer loop
        vertex 44 87.5 -1.5
        vertex 44.448624 95 -1.5
        vertex 69 87.5 -1.5
    endloop
endfacet
facet normal 0 0 -1
    outer loop
        vertex 19 27.5 -1.5
        vertex 10.89725 11.875 -1.5
        vertex 10.89725 23.75 -1.5
    endloop
endfacet
facet normal -0 0 -1
    outer loop
        vertex 19 27.5 -1.5
        vertex 10.89725 23.75 -1.5
        vertex 10.89725 47.5 -1.5
    endloop
endfacet
facet normal 0 0 -1
    outer loop
        vertex 44 7.5 -1.5
        vertex 69 7.5 -1.5
        vertex 44.448624 -0 -1.5
    endloop
endfacet
facet normal 0 0 -1
    outer loop
        vertex 44.448624 95 -1.5
        vertex 78 95 -1.5
        vertex 69 87.5 -1.5
    endloop
endfacet
facet normal -0 0 -1
    outer loop
        vertex 19 87.5 -1.5
        vertex 10.89725 83.125 -1.5
        vertex 10.89725 95 -1.5
    endloop
endfacet
facet normal 0 -0 -1
    outer loop
        vertex 19 87.5 -1.5
        vertex 19 67.5 -1.5
        vertex 10.89725 83.125 -1.5
    endloop
endfacet
facet normal 0 -0 -1
    outer loop
        vertex 19 7.5 -1.5
        vertex 44.448624 -0 -1.5
        vertex 10.89725 -0 -1.5
    endloop
endfacet
facet normal -0 0 -1
    outer loop
        vertex 19 7.5 -1.5
        vertex 10.89725 -0 -1.5
        vertex 10.89725 11.875 -1.5
    endloop
endfacet
facet normal 0 0 -1
    outer loop
        vertex 19 87.5 -1.5
        vertex 44.448624 95 -1.5
        vertex 44 87.5 -1.5
    endloop
endfacet
facet normal 0 0 -1
    outer loop
        vertex 69 7.5 -1.5
        vertex 69 87.5 -1.5
        vertex 78 -0 -1.5
    endloop
endfacet
facet normal 0 0 -1
    outer loop
        vertex 69 87.5 -1.5
        vertex 78 95 -1.5
        vertex 78 -0 -1.5
    endloop
endfacet
facet normal 0 0 -1
    outer loop
        vertex 19 27.5 -1.5
        vertex 10.89725 47.5 -1.5
        vertex 19 47.5 -1.5
    endloop
endfacet
facet normal -0 -0 -1
    outer loop
        vertex 44 7.5 -1.5
        vertex 44.448624 -0 -1.5
        vertex 19 7.5 -1.5
    endloop
endfacet
facet normal 0 -0 -1
    outer loop
        vertex 19 27.5 -1.5
        vertex 19 7.5 -1.5
        vertex 10.89725 11.875 -1.5
    endloop
endfacet
facet normal -0 0 -1
    outer loop
        vertex 19 67.5 -1.5
        vertex 10.89725 47.5 -1.5
        vertex 10.89725 71.25 -1.5
    endloop
endfacet
facet normal 0 0 -1
    outer loop
        vertex 19 47.5 -1.5
        vertex 10.89725 47.5 -1.5
        vertex 19 67.5 -1.5
    endloop
endfacet
facet normal 0 0 -1
    outer loop
        vertex 19 67.5 -1.5
        vertex 10.89725 71.25 -1.5
        vertex 10.89725 83.125 -1.5
    endloop
endfacet
facet normal 0 0 -1
    outer loop
        vertex 19 87.5 -1.5
        vertex 10.89725 95 -1.5
        vertex 44.448624 95 -1.5
    endloop
endfacet
facet normal 0 0 -1
    outer loop
        vertex 78 -0 -1.5
        vertex 44.448624 -0 -1.5
        vertex 69 7.5 -1.5
    endloop
endfacet
facet normal 0 1 0
    outer loop
        vertex 44 7.5 -1.5
        vertex 69 7.5 1.5
        vertex 69 7.5 -1.5
    endloop
endfacet
facet normal 0 1 0
    outer loop
        vertex 19 7.5 -1.5
        vertex 19 7.5 1.5
        vertex 44 7.5 -1.5
    endloop
endfacet
facet normal 0 1 -0
    outer loop
        vertex 44 7.5 -1.5
        vertex 19 7.5 1.5
        vertex 44 7.5 1.5
    endloop
endfacet
facet normal 0 1 0
    outer loop
        vertex 44 7.5 -1.5
        vertex 44 7.5 1.5
        vertex 69 7.5 1.5
    endloop
endfacet
facet normal 1 0 0
    outer loop
        vertex 19 67.5 1.5
        vertex 19 47.5 1.5
        vertex 19 67.5 -1.5
    endloop
endfacet
facet normal 1 -0 0
    outer loop
        vertex 19 27.5 1.5
        vertex 19 27.5 -1.5
        vertex 19 47.5 1.5
    endloop
endfacet
facet normal 1 0 0
    outer loop
        vertex 19 27.5 -1.5
        vertex 19 7.5 1.5
        vertex 19 7.5 -1.5
    endloop
endfacet
facet normal 1 -0 0
    outer loop
        vertex 19 7.5 1.5
        vertex 19 27.5 -1.5
        vertex 19 27.5 1.5
    endloop
endfacet
facet normal 1 0 -0
    outer loop
        vertex 19 87.5 -1.5
        vertex 19 87.5 1.5
        vertex 19 67.5 -1.5
    endloop
endfacet
facet normal 1 0 0
    outer loop
        vertex 19 27.5 -1.5
        vertex 19 47.5 -1.5
        vertex 19 47.5 1.5
    endloop
endfacet
facet normal 1 0 0
    outer loop
        vertex 19 67.5 -1.5
        vertex 19 87.5 1.5
        vertex 19 67.5 1.5
    endloop
endfacet
facet normal 1 0 0
    outer loop
        vertex 19 67.5 -1.5
        vertex 19 47.5 1.5
        vertex 19 47.5 -1.5
    endloop
endfacet
facet normal 0 -1 0
    outer loop
        vertex 44 87.5 -1.5
        vertex 19 87.5 1.5
        vertex 19 87.5 -1.5
    endloop
endfacet
facet normal 0 -1 0
    outer loop
        vertex 69 87.5 -1.5
        vertex 69 87.5 1.5
        vertex 44 87.5 -1.5
    endloop
endfacet
facet normal 0 -1 0
    outer loop
        vertex 44 87.5 -1.5
        vertex 69 87.5 1.5
        vertex 44 87.5 1.5
    endloop
endfacet
facet normal 0 -1 0
    outer loop
        vertex 44 87.5 -1.5
        vertex 44 87.5 1.5
        vertex 19 87.5 1.5
    endloop
endfacet
facet normal -1 0 0
    outer loop
        vertex 69 7.5 -1.5
        vertex 69 7.5 1.5
        vertex 69 87.5 -1.5
    endloop
endfacet
facet normal -1 0 0
    outer loop
        vertex 69 7.5 1.5
        vertex 69 87.5 1.5
        vertex 69 87.5 -1.5
    endloop
endfacet
facet normal 1 -0 0
    outer loop
        vertex 12 -0 6.5
        vertex 12 -0 1.5
        vertex 12 93 6.5
    endloop
endfacet
facet normal 1 0 0
    outer loop
        vertex 12 93 6.5
        vertex 12 -0 1.5
        vertex 12 46.5 1.5
    endloop
endfacet
facet normal 1 0 0
    outer loop
        vertex 12 93 6.5
        vertex 12 46.5 1.5
        vertex 12 93 1.5
    endloop
endfacet
facet normal 0 1 0
    outer loop
        vertex 78 95 6.5
        vertex 76 95 1.5
        vertex 76 95 6.5
    endloop
endfacet
facet normal 0 1 0
    outer loop
        vertex 44 95 1.5
        vertex 44.448624 95 -1.5
        vertex 12 95 1.5
    endloop
endfacet
facet normal -0 1 0
    outer loop
        vertex 76 95 1.5
        vertex 78 95 6.5
        vertex 78 95 -1.5
    endloop
endfacet
facet normal 0 1 0
    outer loop
        vertex 76 95 1.5
        vertex 44.448624 95 -1.5
        vertex 44 95 1.5
    endloop
endfacet
facet normal 0 1 0
    outer loop
        vertex 12 95 1.5
        vertex 44.448624 95 -1.5
        vertex 10.89725 95 -1.5
    endloop
endfacet
facet normal -0 1 0
    outer loop
        vertex 10.93659 95 1.1794037
        vertex 12 95 1.5
        vertex 11 95 0
    endloop
endfacet
facet normal 0 0.99999994 0
    outer loop
        vertex 10 95 4.58258
        vertex 10 95 6.5
        vertex 12 95 6.5
    endloop
endfacet
facet normal 0 1 -0
    outer loop
        vertex 10.433691 95 3.4839778
        vertex 10 95 4.58258
        vertex 12 95 6.5
    endloop
endfacet
facet normal -0 1 -0
    outer loop
        vertex 10.747092 95 2.3452096
        vertex 10.433691 95 3.4839778
        vertex 12 95 1.5
    endloop
endfacet
facet normal 0 1 -0
    outer loop
        vertex 10.93659 95 1.1794037
        vertex 10.747092 95 2.3452096
        vertex 12 95 1.5
    endloop
endfacet
facet normal -0 0.99999994 0
    outer loop
        vertex 11 95 0
        vertex 12 95 1.5
        vertex 10.89725 95 -1.5
    endloop
endfacet
facet normal 0 0.99999994 0
    outer loop
        vertex 12 95 6.5
        vertex 12 95 1.5
        vertex 10.433691 95 3.4839778
    endloop
endfacet
facet normal 0 1 0
    outer loop
        vertex 44.448624 95 -1.5
        vertex 76 95 1.5
        vertex 78 95 -1.5
    endloop
endfacet
facet normal -1 0 0
    outer loop
        vertex 76 -0 6.5
        vertex 76 93 1.5
        vertex 76 -0 1.5
    endloop
endfacet
facet normal -1 0 0
    outer loop
        vertex 76 -0 6.5
        vertex 76 46.5 6.5
        vertex 76 93 1.5
    endloop
endfacet
facet normal -1 0 0
    outer loop
        vertex 76 46.5 6.5
        vertex 76 93 6.5
        vertex 76 93 1.5
    endloop
endfacet
facet normal 0 -1 0
    outer loop
        vertex 44 -0 1.5
        vertex 44.448624 -0 -1.5
        vertex 76 -0 1.5
    endloop
endfacet
facet normal 0 -1 0
    outer loop
        vertex 78 -0 -1.5
        vertex 76 -0 1.5
        vertex 44.448624 -0 -1.5
    endloop
endfacet
facet normal 0 -1 -0
    outer loop
        vertex 78 -0 6.5
        vertex 76 -0 1.5
        vertex 78 -0 -1.5
    endloop
endfacet
facet normal 0 -0.99999994 -0
    outer loop
        vertex 11 -0 0
        vertex 10.89725 -0 -1.5
        vertex 12 -0 1.5
    endloop
endfacet
facet normal 0 -1 0
    outer loop
        vertex 10.93659 -0 1.1794037
        vertex 12 -0 1.5
        vertex 10.747092 -0 2.3452096
    endloop
endfacet
facet normal 0 -1 0
    outer loop
        vertex 10.433691 -0 3.4839778
        vertex 10.747092 -0 2.3452096
        vertex 12 -0 1.5
    endloop
endfacet
facet normal 0 -0.99999994 -0
    outer loop
        vertex 12 -0 6.5
        vertex 10.433691 -0 3.4839778
        vertex 12 -0 1.5
    endloop
endfacet
facet normal 0 -0.99999994 0
    outer loop
        vertex 10 -0 6.5
        vertex 10 -0 4.58258
        vertex 12 -0 6.5
    endloop
endfacet
facet normal -0 -1 -0
    outer loop
        vertex 44 -0 1.5
        vertex 12 -0 1.5
        vertex 44.448624 -0 -1.5
    endloop
endfacet
facet normal 0 -1 0
    outer loop
        vertex 10.433691 -0 3.4839778
        vertex 12 -0 6.5
        vertex 10 -0 4.58258
    endloop
endfacet
facet normal -0 -1 0
    outer loop
        vertex 78 -0 6.5
        vertex 76 -0 6.5
        vertex 76 -0 1.5
    endloop
endfacet
facet normal 0 -1 0
    outer loop
        vertex 11 -0 0
        vertex 12 -0 1.5
        vertex 10.93659 -0 1.1794037
    endloop
endfacet
facet normal 0 -1 -0
    outer loop
        vertex 12 -0 1.5
        vertex 10.89725 -0 -1.5
        vertex 44.448624 -0 -1.5
    endloop
endfacet
facet normal 0 0 1
    outer loop
        vertex 76 46.5 6.5
        vertex 78 47.5 6.5
        vertex 76 93 6.5
    endloop
endfacet
facet normal 0 0 1
    outer loop
        vertex 76 -0 6.5
        vertex 78 -0 6.5
        vertex 76 46.5 6.5
    endloop
endfacet
facet normal -0 0 1
    outer loop
        vertex 76 46.5 6.5
        vertex 78 -0 6.5
        vertex 78 47.5 6.5
    endloop
endfacet
facet normal -0 0 1
    outer loop
        vertex 76 95 6.5
        vertex 76 93 6.5
        vertex 78 95 6.5
    endloop
endfacet
facet normal 0 0 1
    outer loop
        vertex 78 95 6.5
        vertex 76 93 6.5
        vertex 78 47.5 6.5
    endloop
endfacet
facet normal 0 1 0
    outer loop
        vertex 44 95 6.5
        vertex 44 95 1.5
        vertex 12 95 6.5
    endloop
endfacet
facet normal 0 1 0
    outer loop
        vertex 76 95 6.5
        vertex 44 95 1.5
        vertex 44 95 6.5
    endloop
endfacet
facet normal 0 1 0
    outer loop
        vertex 76 95 6.5
        vertex 76 95 1.5
        vertex 44 95 1.5
    endloop
endfacet
facet normal 0 1 0
    outer loop
        vertex 12 95 6.5
        vertex 44 95 1.5
        vertex 12 95 1.5
    endloop
endfacet
facet normal 0 -1 -0
    outer loop
        vertex 44 93 6.5
        vertex 12 93 1.5
        vertex 76 93 6.5
    endloop
endfacet
facet normal 0 -1 0
    outer loop
        vertex 76 93 6.5
        vertex 12 93 1.5
        vertex 44 93 1.5
    endloop
endfacet
facet normal 0 -1 0
    outer loop
        vertex 12 93 6.5
        vertex 12 93 1.5
        vertex 44 93 6.5
    endloop
endfacet
facet normal 0 -1 -0
    outer loop
        vertex 76 93 6.5
        vertex 44 93 1.5
        vertex 76 93 1.5
    endloop
endfacet
facet normal 0 0 1
    outer loop
        vertex 44 95 6.5
        vertex 12 95 6.5
        vertex 12 93 6.5
    endloop
endfacet
facet normal 0 0 1
    outer loop
        vertex 76 95 6.5
        vertex 44 95 6.5
        vertex 76 93 6.5
    endloop
endfacet
facet normal 0 -0 1
    outer loop
        vertex 44 93 6.5
        vertex 44 95 6.5
        vertex 12 93 6.5
    endloop
endfacet
facet normal 0 -0 1
    outer loop
        vertex 12 93 6.5
        vertex 12 95 6.5
        vertex 10 95 6.5
    endloop
endfacet
facet normal 0 -0 1
    outer loop
        vertex 12 -0 6.5
        vertex 12 93 6.5
        vertex 10 -0 6.5
    endloop
endfacet
facet normal 0 0 1
    outer loop
        vertex 44 95 6.5
        vertex 44 93 6.5
        vertex 76 93 6.5
    endloop
endfacet
facet normal 0 0 1
    outer loop
        vertex 10 95 6.5
        vertex 10 83.125 6.5
        vertex 12 93 6.5
    endloop
endfacet
facet normal -0 0 1
    outer loop
        vertex 10 47.5 6.5
        vertex 10 23.75 6.5
        vertex 12 93 6.5
    endloop
endfacet
facet normal -0 0 1
    outer loop
        vertex 10 23.75 6.5
        vertex 10 11.875 6.5
        vertex 12 93 6.5
    endloop
endfacet
facet normal -0 0 1
    outer loop
        vertex 10 11.875 6.5
        vertex 10 -0 6.5
        vertex 12 93 6.5
    endloop
endfacet
facet normal -0 0 1
    outer loop
        vertex 10 71.25 6.5
        vertex 10 47.5 6.5
        vertex 12 93 6.5
    endloop
endfacet
facet normal -0 0 1
    outer loop
        vertex 10 83.125 6.5
        vertex 10 71.25 6.5
        vertex 12 93 6.5
    endloop
endfacet
facet normal 0 0 1
    outer loop
        vertex 44 93 1.5
        vertex 44 87.5 1.5
        vertex 69 87.5 1.5
    endloop
endfacet
facet normal 0 0 1
    outer loop
        vertex 12 46.5 1.5
        vertex 19 47.5 1.5
        vertex 19 67.5 1.5
    endloop
endfacet
facet normal -0 0 1
    outer loop
        vertex 44 93 1.5
        vertex 69 87.5 1.5
        vertex 76 93 1.5
    endloop
endfacet
facet normal 0 0 1
    outer loop
        vertex 19 87.5 1.5
        vertex 12 93 1.5
        vertex 19 67.5 1.5
    endloop
endfacet
facet normal -0 0 1
    outer loop
        vertex 12 93 1.5
        vertex 19 87.5 1.5
        vertex 44 93 1.5
    endloop
endfacet
facet normal 0 -0 1
    outer loop
        vertex 19 7.5 1.5
        vertex 19 27.5 1.5
        vertex 12 -0 1.5
    endloop
endfacet
facet normal 0 0 1
    outer loop
        vertex 44 -0 1.5
        vertex 19 7.5 1.5
        vertex 12 -0 1.5
    endloop
endfacet
facet normal 0 0 1
    outer loop
        vertex 12 93 1.5
        vertex 12 46.5 1.5
        vertex 19 67.5 1.5
    endloop
endfacet
facet normal 0 0 1
    outer loop
        vertex 69 7.5 1.5
        vertex 44 -0 1.5
        vertex 76 -0 1.5
    endloop
endfacet
facet normal 0 0 1
    outer loop
        vertex 69 7.5 1.5
        vertex 44 7.5 1.5
        vertex 44 -0 1.5
    endloop
endfacet
facet normal 0 -0 1
    outer loop
        vertex 76 -0 1.5
        vertex 76 93 1.5
        vertex 69 7.5 1.5
    endloop
endfacet
facet normal 0 -0 1
    outer loop
        vertex 44 -0 1.5
        vertex 44 7.5 1.5
        vertex 19 7.5 1.5
    endloop
endfacet
facet normal 0 0 1
    outer loop
        vertex 19 27.5 1.5
        vertex 12 46.5 1.5
        vertex 12 -0 1.5
    endloop
endfacet
facet normal 0 0 1
    outer loop
        vertex 76 93 1.5
        vertex 69 87.5 1.5
        vertex 69 7.5 1.5
    endloop
endfacet
facet normal 0 0 1
    outer loop
        vertex 19 87.5 1.5
        vertex 44 87.5 1.5
        vertex 44 93 1.5
    endloop
endfacet
facet normal -0 0 1
    outer loop
        vertex 12 46.5 1.5
        vertex 19 27.5 1.5
        vertex 19 47.5 1.5
    endloop
endfacet
facet normal -1 -0 -0
    outer loop
        vertex 10 83.125 6.5
        vertex 10 83.125 4.58258
        vertex 10 71.25 6.5
    endloop
endfacet
facet normal -1 -0 -0
    outer loop
        vertex 10 71.25 6.5
        vertex 10 71.25 4.58258
        vertex 10 47.5 6.5
    endloop
endfacet
facet normal -1 0 0
    outer loop
        vertex 10 11.875 6.5
        vertex 10 23.75 6.5
        vertex 10 11.875 4.58258
    endloop
endfacet
facet normal -1 0 0
    outer loop
        vertex 10 23.75 6.5
        vertex 10 47.5 6.5
        vertex 10 23.75 4.58258
    endloop
endfacet
facet normal -1 0 -0
    outer loop
        vertex 10 47.5 6.5
        vertex 10 47.5 4.58258
        vertex 10 23.75 4.58258
    endloop
endfacet
facet normal -1 0 0
    outer loop
        vertex 10 11.875 4.58258
        vertex 10 -0 4.58258
        vertex 10 -0 6.5
    endloop
endfacet
facet normal -1 0 0
    outer loop
        vertex 10 -0 6.5
        vertex 10 11.875 6.5
        vertex 10 11.875 4.58258
    endloop
endfacet
facet normal -1 0 0
    outer loop
        vertex 10 11.875 4.58258
        vertex 10 23.75 6.5
        vertex 10 23.75 4.58258
    endloop
endfacet
facet normal -1 0 0
    outer loop
        vertex 10 95 4.58258
        vertex 10 83.125 4.58258
        vertex 10 95 6.5
    endloop
endfacet
facet normal -1 0 0
    outer loop
        vertex 10 47.5 4.58258
        vertex 10 47.5 6.5
        vertex 10 71.25 4.58258
    endloop
endfacet
facet normal -1 0 0
    outer loop
        vertex 10 83.125 4.58258
        vertex 10 83.125 6.5
        vertex 10 95 6.5
    endloop
endfacet
facet normal -1 0 0
    outer loop
        vertex 10 83.125 4.58258
        vertex 10 71.25 4.58258
        vertex 10 71.25 6.5
    endloop
endfacet
facet normal -0 0 -1
    outer loop
        vertex 6.5 47.5 -78
        vertex -1.5 -0 -78
        vertex 6.5 95 -78
    endloop
endfacet
facet normal -0 0 -1
    outer loop
        vertex 6.5 95 -78
        vertex -1.5 -0 -78
        vertex -1.5 95 -78
    endloop
endfacet
facet normal 0 0 -1
    outer loop
        vertex 6.5 -0 -78
        vertex -1.5 -0 -78
        vertex 6.5 47.5 -78
    endloop
endfacet
facet normal -1 0 0
    outer loop
        vertex -1.5 87.5 -44
        vertex -1.5 95 -44.448624
        vertex -1.5 87.5 -69
    endloop
endfacet
facet normal -1 0 0
    outer loop
        vertex -1.5 27.5 -19
        vertex -1.5 11.875 -10.89725
        vertex -1.5 23.75 -10.89725
    endloop
endfacet
facet normal -1 0 0
    outer loop
        vertex -1.5 27.5 -19
        vertex -1.5 23.75 -10.89725
        vertex -1.5 47.5 -10.89725
    endloop
endfacet
facet normal -1 0 -0
    outer loop
        vertex -1.5 7.5 -44
        vertex -1.5 7.5 -69
        vertex -1.5 -0 -44.448624
    endloop
endfacet
facet normal -1 0 -0
    outer loop
        vertex -1.5 95 -44.448624
        vertex -1.5 95 -78
        vertex -1.5 87.5 -69
    endloop
endfacet
facet normal -1 0 0
    outer loop
        vertex -1.5 87.5 -19
        vertex -1.5 83.125 -10.89725
        vertex -1.5 95 -10.89725
    endloop
endfacet
facet normal -1 0 0
    outer loop
        vertex -1.5 87.5 -19
        vertex -1.5 67.5 -19
        vertex -1.5 83.125 -10.89725
    endloop
endfacet
facet normal -1 -0 0
    outer loop
        vertex -1.5 7.5 -19
        vertex -1.5 -0 -44.448624
        vertex -1.5 -0 -10.89725
    endloop
endfacet
facet normal -1 0 0
    outer loop
        vertex -1.5 7.5 -19
        vertex -1.5 -0 -10.89725
        vertex -1.5 11.875 -10.89725
    endloop
endfacet
facet normal -1 0 0
    outer loop
        vertex -1.5 87.5 -19
        vertex -1.5 95 -44.448624
        vertex -1.5 87.5 -44
    endloop
endfacet
facet normal -1 0 -0
    outer loop
        vertex -1.5 7.5 -69
        vertex -1.5 87.5 -69
        vertex -1.5 -0 -78
    endloop
endfacet
facet normal -1 0 -0
    outer loop
        vertex -1.5 87.5 -69
        vertex -1.5 95 -78
        vertex -1.5 -0 -78
    endloop
endfacet
facet normal -1 0 0
    outer loop
        vertex -1.5 27.5 -19
        vertex -1.5 47.5 -10.89725
        vertex -1.5 47.5 -19
    endloop
endfacet
facet normal -1 -0 0
    outer loop
        vertex -1.5 7.5 -44
        vertex -1.5 -0 -44.448624
        vertex -1.5 7.5 -19
    endloop
endfacet
facet normal -1 0 0
    outer loop
        vertex -1.5 27.5 -19
        vertex -1.5 7.5 -19
        vertex -1.5 11.875 -10.89725
    endloop
endfacet
facet normal -1 0 0
    outer loop
        vertex -1.5 67.5 -19
        vertex -1.5 47.5 -10.89725
        vertex -1.5 71.25 -10.89725
    endloop
endfacet
facet normal -1 0 0
    outer loop
        vertex -1.5 47.5 -19
        vertex -1.5 47.5 -10.89725
        vertex -1.5 67.5 -19
    endloop
endfacet
facet normal -1 0 0
    outer loop
        vertex -1.5 67.5 -19
        vertex -1.5 71.25 -10.89725
        vertex -1.5 83.125 -10.89725
    endloop
endfacet
facet normal -1 0 0
    outer loop
        vertex -1.5 87.5 -19
        vertex -1.5 95 -10.89725
        vertex -1.5 95 -44.448624
    endloop
endfacet
facet normal -1 -0 0
    outer loop
        vertex -1.5 7.5 -69
        vertex -1.5 -0 -78
        vertex -1.5 -0 -44.448624
    endloop
endfacet
facet normal 0 1 0
    outer loop
        vertex -1.5 7.5 -44
        vertex 1.5 7.5 -69
        vertex -1.5 7.5 -69
    endloop
endfacet
facet normal -0 1 0
    outer loop
        vertex -1.5 7.5 -19
        vertex 1.5 7.5 -19
        vertex -1.5 7.5 -44
    endloop
endfacet
facet normal 0 1 0
    outer loop
        vertex -1.5 7.5 -44
        vertex 1.5 7.5 -19
        vertex 1.5 7.5 -44
    endloop
endfacet
facet normal -0 1 0
    outer loop
        vertex -1.5 7.5 -44
        vertex 1.5 7.5 -44
        vertex 1.5 7.5 -69
    endloop
endfacet
facet normal -0 -0 -1
    outer loop
        vertex 1.5 67.5 -19
        vertex 1.5 47.5 -19
        vertex -1.5 67.5 -19
    endloop
endfacet
facet normal 0 0 -1
    outer loop
        vertex 1.5 27.5 -19
        vertex -1.5 27.5 -19
        vertex 1.5 47.5 -19
    endloop
endfacet
facet normal 0 0 -1
    outer loop
        vertex -1.5 27.5 -19
        vertex 1.5 7.5 -19
        vertex -1.5 7.5 -19
    endloop
endfacet
facet normal 0 0 -1
    outer loop
        vertex 1.5 7.5 -19
        vertex -1.5 27.5 -19
        vertex 1.5 27.5 -19
    endloop
endfacet
facet normal 0 0 -1
    outer loop
        vertex -1.5 87.5 -19
        vertex 1.5 87.5 -19
        vertex -1.5 67.5 -19
    endloop
endfacet
facet normal 0 0 -1
    outer loop
        vertex -1.5 27.5 -19
        vertex -1.5 47.5 -19
        vertex 1.5 47.5 -19
    endloop
endfacet
facet normal 0 0 -1
    outer loop
        vertex -1.5 67.5 -19
        vertex 1.5 87.5 -19
        vertex 1.5 67.5 -19
    endloop
endfacet
facet normal 0 0 -1
    outer loop
        vertex -1.5 67.5 -19
        vertex 1.5 47.5 -19
        vertex -1.5 47.5 -19
    endloop
endfacet
facet normal 0 -1 0
    outer loop
        vertex -1.5 87.5 -44
        vertex 1.5 87.5 -19
        vertex -1.5 87.5 -19
    endloop
endfacet
facet normal 0 -1 0
    outer loop
        vertex -1.5 87.5 -69
        vertex 1.5 87.5 -69
        vertex -1.5 87.5 -44
    endloop
endfacet
facet normal 0 -1 0
    outer loop
        vertex -1.5 87.5 -44
        vertex 1.5 87.5 -69
        vertex 1.5 87.5 -44
    endloop
endfacet
facet normal 0 -1 0
    outer loop
        vertex -1.5 87.5 -44
        vertex 1.5 87.5 -44
        vertex 1.5 87.5 -19
    endloop
endfacet
facet normal 0 0 1
    outer loop
        vertex -1.5 7.5 -69
        vertex 1.5 7.5 -69
        vertex -1.5 87.5 -69
    endloop
endfacet
facet normal 0 -0 1
    outer loop
        vertex 1.5 7.5 -69
        vertex 1.5 87.5 -69
        vertex -1.5 87.5 -69
    endloop
endfacet
facet normal 0 0 -1
    outer loop
        vertex 6.5 -0 -12
        vertex 1.5 -0 -12
        vertex 6.5 93 -12
    endloop
endfacet
facet normal 0 0 -1
    outer loop
        vertex 6.5 93 -12
        vertex 1.5 -0 -12
        vertex 1.5 46.5 -12
    endloop
endfacet
facet normal -0 0 -1
    outer loop
        vertex 6.5 93 -12
        vertex 1.5 46.5 -12
        vertex 1.5 93 -12
    endloop
endfacet
facet normal 0 1 -0
    outer loop
        vertex 6.5 95 -78
        vertex 1.5 95 -76
        vertex 6.5 95 -76
    endloop
endfacet
facet normal 0 1 -0
    outer loop
        vertex 1.5 95 -44
        vertex -1.5 95 -44.448624
        vertex 1.5 95 -12
    endloop
endfacet
facet normal 0 1 0
    outer loop
        vertex 1.5 95 -76
        vertex 6.5 95 -78
        vertex -1.5 95 -78
    endloop
endfacet
facet normal 0 1 -0
    outer loop
        vertex 1.5 95 -76
        vertex -1.5 95 -44.448624
        vertex 1.5 95 -44
    endloop
endfacet
facet normal 0 1 0
    outer loop
        vertex 1.5 95 -12
        vertex -1.5 95 -44.448624
        vertex -1.5 95 -10.89725
    endloop
endfacet
facet normal 0 1 0
    outer loop
        vertex 1.6052533 95 -10.88224
        vertex 1.5 95 -12
        vertex 0.05315905 95 -10.999871
    endloop
endfacet
facet normal -0 0.99999994 0
    outer loop
        vertex 4.58258 95 -10
        vertex 6.5 95 -10
        vertex 6.5 95 -12
    endloop
endfacet
facet normal 0 1 0
    outer loop
        vertex 3.125205 95 -10.54671
        vertex 6.5 95 -12
        vertex 1.5 95 -12
    endloop
endfacet
facet normal -0 1 0
    outer loop
        vertex 1.6052533 95 -10.88224
        vertex 3.125205 95 -10.54671
        vertex 1.5 95 -12
    endloop
endfacet
facet normal 0 1 0
    outer loop
        vertex 0.05315905 95 -10.999871
        vertex 1.5 95 -12
        vertex -1.5 95 -10.89725
    endloop
endfacet
facet normal 0 1 0
    outer loop
        vertex 6.5 95 -12
        vertex 3.125205 95 -10.54671
        vertex 4.58258 95 -10
    endloop
endfacet
facet normal 0 1 0
    outer loop
        vertex -1.5 95 -78
        vertex -1.5 95 -44.448624
        vertex 1.5 95 -76
    endloop
endfacet
facet normal 0 0 1
    outer loop
        vertex 6.5 -0 -76
        vertex 1.5 93 -76
        vertex 1.5 -0 -76
    endloop
endfacet
facet normal 0 -0 1
    outer loop
        vertex 6.5 -0 -76
        vertex 6.5 46.5 -76
        vertex 1.5 93 -76
    endloop
endfacet
facet normal 0 -0 1
    outer loop
        vertex 6.5 46.5 -76
        vertex 6.5 93 -76
        vertex 1.5 93 -76
    endloop
endfacet
facet normal 0 -1 -0
    outer loop
        vertex 1.5 -0 -44
        vertex -1.5 -0 -44.448624
        vertex 1.5 -0 -76
    endloop
endfacet
facet normal 0 -1 0
    outer loop
        vertex -1.5 -0 -78
        vertex 1.5 -0 -76
        vertex -1.5 -0 -44.448624
    endloop
endfacet
facet normal 0 -1 0
    outer loop
        vertex 6.5 -0 -78
        vertex 1.5 -0 -76
        vertex -1.5 -0 -78
    endloop
endfacet
facet normal -0 -1 -0
    outer loop
        vertex 0.05315905 -0 -10.999871
        vertex -1.5 -0 -10.89725
        vertex 1.5 -0 -12
    endloop
endfacet
facet normal 0 -1 -0
    outer loop
        vertex 1.6052533 -0 -10.88224
        vertex 1.5 -0 -12
        vertex 3.125205 -0 -10.54671
    endloop
endfacet
facet normal 0 -1 0
    outer loop
        vertex 6.5 -0 -12
        vertex 3.125205 -0 -10.54671
        vertex 1.5 -0 -12
    endloop
endfacet
facet normal -0 -0.99999994 -0
    outer loop
        vertex 6.5 -0 -10
        vertex 4.58258 -0 -10
        vertex 6.5 -0 -12
    endloop
endfacet
facet normal -0 -1 0
    outer loop
        vertex 1.5 -0 -44
        vertex 1.5 -0 -12
        vertex -1.5 -0 -44.448624
    endloop
endfacet
facet normal 0 -1 0
    outer loop
        vertex 3.125205 -0 -10.54671
        vertex 6.5 -0 -12
        vertex 4.58258 -0 -10
    endloop
endfacet
facet normal 0 -1 0
    outer loop
        vertex 6.5 -0 -78
        vertex 6.5 -0 -76
        vertex 1.5 -0 -76
    endloop
endfacet
facet normal 0 -1 0
    outer loop
        vertex 1.5 -0 -12
        vertex 1.6052533 -0 -10.88224
        vertex 0.05315905 -0 -10.999871
    endloop
endfacet
facet normal 0 -1 0
    outer loop
        vertex -1.5 -0 -10.89725
        vertex -1.5 -0 -44.448624
        vertex 1.5 -0 -12
    endloop
endfacet
facet normal 1 -0 0
    outer loop
        vertex 6.5 46.5 -76
        vertex 6.5 47.5 -78
        vertex 6.5 93 -76
    endloop
endfacet
facet normal 1 -0 0
    outer loop
        vertex 6.5 -0 -76
        vertex 6.5 -0 -78
        vertex 6.5 46.5 -76
    endloop
endfacet
facet normal 1 0 0
    outer loop
        vertex 6.5 46.5 -76
        vertex 6.5 -0 -78
        vertex 6.5 47.5 -78
    endloop
endfacet
facet normal 1 0 0
    outer loop
        vertex 6.5 95 -76
        vertex 6.5 93 -76
        vertex 6.5 95 -78
    endloop
endfacet
facet normal 1 0 0
    outer loop
        vertex 6.5 95 -78
        vertex 6.5 93 -76
        vertex 6.5 47.5 -78
    endloop
endfacet
facet normal 0 1 -0
    outer loop
        vertex 6.5 95 -44
        vertex 1.5 95 -44
        vertex 6.5 95 -12
    endloop
endfacet
facet normal 0 1 -0
    outer loop
        vertex 6.5 95 -76
        vertex 1.5 95 -44
        vertex 6.5 95 -44
    endloop
endfacet
facet normal 0 1 0
    outer loop
        vertex 6.5 95 -76
        vertex 1.5 95 -76
        vertex 1.5 95 -44
    endloop
endfacet
facet normal 0 1 0
    outer loop
        vertex 6.5 95 -12
        vertex 1.5 95 -44
        vertex 1.5 95 -12
    endloop
endfacet
facet normal -0 -1 -0
    outer loop
        vertex 6.5 93 -44
        vertex 1.5 93 -12
        vertex 6.5 93 -76
    endloop
endfacet
facet normal 0 -1 0
    outer loop
        vertex 6.5 93 -76
        vertex 1.5 93 -12
        vertex 1.5 93 -44
    endloop
endfacet
facet normal -0 -1 -0
    outer loop
        vertex 6.5 93 -12
        vertex 1.5 93 -12
        vertex 6.5 93 -44
    endloop
endfacet
facet normal 0 -1 0
    outer loop
        vertex 6.5 93 -76
        vertex 1.5 93 -44
        vertex 1.5 93 -76
    endloop
endfacet
facet normal 1 0 -0
    outer loop
        vertex 6.5 95 -44
        vertex 6.5 95 -12
        vertex 6.5 93 -12
    endloop
endfacet
facet normal 1 0 -0
    outer loop
        vertex 6.5 95 -76
        vertex 6.5 95 -44
        vertex 6.5 93 -76
    endloop
endfacet
facet normal 1 0 0
    outer loop
        vertex 6.5 93 -44
        vertex 6.5 95 -44
        vertex 6.5 93 -12
    endloop
endfacet
facet normal 1 0 0
    outer loop
        vertex 6.5 93 -12
        vertex 6.5 95 -12
        vertex 6.5 95 -10
    endloop
endfacet
facet normal 1 0 0
    outer loop
        vertex 6.5 -0 -12
        vertex 6.5 93 -12
        vertex 6.5 -0 -10
    endloop
endfacet
facet normal 1 0 0
    outer loop
        vertex 6.5 95 -44
        vertex 6.5 93 -44
        vertex 6.5 93 -76
    endloop
endfacet
facet normal 1 0 0
    outer loop
        vertex 6.5 95 -10
        vertex 6.5 83.125 -10
        vertex 6.5 93 -12
    endloop
endfacet
facet normal 1 0 0
    outer loop
        vertex 6.5 47.5 -10
        vertex 6.5 23.75 -10
        vertex 6.5 93 -12
    endloop
endfacet
facet normal 1 0 0
    outer loop
        vertex 6.5 23.75 -10
        vertex 6.5 11.875 -10
        vertex 6.5 93 -12
    endloop
endfacet
facet normal 1 0 0
    outer loop
        vertex 6.5 11.875 -10
        vertex 6.5 -0 -10
        vertex 6.5 93 -12
    endloop
endfacet
facet normal 1 0 0
    outer loop
        vertex 6.5 71.25 -10
        vertex 6.5 47.5 -10
        vertex 6.5 93 -12
    endloop
endfacet
facet normal 1 0 0
    outer loop
        vertex 6.5 83.125 -10
        vertex 6.5 71.25 -10
        vertex 6.5 93 -12
    endloop
endfacet
facet normal 1 0 0
    outer loop
        vertex 1.5 93 -44
        vertex 1.5 87.5 -44
        vertex 1.5 87.5 -69
    endloop
endfacet
facet normal 1 0 0
    outer loop
        vertex 1.5 46.5 -12
        vertex 1.5 47.5 -19
        vertex 1.5 67.5 -19
    endloop
endfacet
facet normal 1 0 0
    outer loop
        vertex 1.5 93 -44
        vertex 1.5 87.5 -69
        vertex 1.5 93 -76
    endloop
endfacet
facet normal 1 0 -0
    outer loop
        vertex 1.5 87.5 -19
        vertex 1.5 93 -12
        vertex 1.5 67.5 -19
    endloop
endfacet
facet normal 1 0 0
    outer loop
        vertex 1.5 93 -12
        vertex 1.5 87.5 -19
        vertex 1.5 93 -44
    endloop
endfacet
facet normal 1 0 -0
    outer loop
        vertex 1.5 7.5 -19
        vertex 1.5 27.5 -19
        vertex 1.5 -0 -12
    endloop
endfacet
facet normal 1 0 0
    outer loop
        vertex 1.5 -0 -44
        vertex 1.5 7.5 -19
        vertex 1.5 -0 -12
    endloop
endfacet
facet normal 1 0 0
    outer loop
        vertex 1.5 93 -12
        vertex 1.5 46.5 -12
        vertex 1.5 67.5 -19
    endloop
endfacet
facet normal 1 0 0
    outer loop
        vertex 1.5 7.5 -69
        vertex 1.5 -0 -44
        vertex 1.5 -0 -76
    endloop
endfacet
facet normal 1 0 -0
    outer loop
        vertex 1.5 7.5 -69
        vertex 1.5 7.5 -44
        vertex 1.5 -0 -44
    endloop
endfacet
facet normal 1 0 0
    outer loop
        vertex 1.5 -0 -76
        vertex 1.5 93 -76
        vertex 1.5 7.5 -69
    endloop
endfacet
facet normal 1 0 0
    outer loop
        vertex 1.5 -0 -44
        vertex 1.5 7.5 -44
        vertex 1.5 7.5 -19
    endloop
endfacet
facet normal 1 0 0
    outer loop
        vertex 1.5 93 -44
        vertex 1.5 87.5 -19
        vertex 1.5 87.5 -44
    endloop
endfacet
facet normal 1 0 0
    outer loop
        vertex 1.5 27.5 -19
        vertex 1.5 47.5 -19
        vertex 1.5 46.5 -12
    endloop
endfacet
facet normal 1 0 0
    outer loop
        vertex 1.5 46.5 -12
        vertex 1.5 -0 -12
        vertex 1.5 27.5 -19
    endloop
endfacet
facet normal 1 -0 0
    outer loop
        vertex 1.5 7.5 -69
        vertex 1.5 93 -76
        vertex 1.5 87.5 -69
    endloop
endfacet
facet normal 0 0 1
    outer loop
        vertex 6.5 83.125 -10
        vertex 4.58258 83.125 -10
        vertex 6.5 71.25 -10
    endloop
endfacet
facet normal 0 0 1
    outer loop
        vertex 6.5 71.25 -10
        vertex 4.58258 71.25 -10
        vertex 6.5 47.5 -10
    endloop
endfacet
facet normal 0 -0 1
    outer loop
        vertex 6.5 11.875 -10
        vertex 6.5 23.75 -10
        vertex 4.58258 11.875 -10
    endloop
endfacet
facet normal 0 -0 1
    outer loop
        vertex 6.5 23.75 -10
        vertex 6.5 47.5 -10
        vertex 4.58258 23.75 -10
    endloop
endfacet
facet normal 0 0 1
    outer loop
        vertex 6.5 47.5 -10
        vertex 4.58258 47.5 -10
        vertex 4.58258 23.75 -10
    endloop
endfacet
facet normal 0 0 1
    outer loop
        vertex 4.58258 11.875 -10
        vertex 4.58258 -0 -10
        vertex 6.5 -0 -10
    endloop
endfacet
facet normal 0 -0 1
    outer loop
        vertex 6.5 -0 -10
        vertex 6.5 11.875 -10
        vertex 4.58258 11.875 -10
    endloop
endfacet
facet normal 0 0 1
    outer loop
        vertex 4.58258 11.875 -10
        vertex 6.5 23.75 -10
        vertex 4.58258 23.75 -10
    endloop
endfacet
facet normal -0 0 1
    outer loop
        vertex 4.58258 95 -10
        vertex 4.58258 83.125 -10
        vertex 6.5 95 -10
    endloop
endfacet
facet normal 0 0 1
    outer loop
        vertex 4.58258 47.5 -10
        vertex 6.5 47.5 -10
        vertex 4.58258 71.25 -10
    endloop
endfacet
facet normal 0 0 1
    outer loop
        vertex 4.58258 83.125 -10
        vertex 6.5 83.125 -10
        vertex 6.5 95 -10
    endloop
endfacet
facet normal 0 0 1
    outer loop
        vertex 4.58258 83.125 -10
        vertex 4.58258 71.25 -10
        vertex 6.5 71.25 -10
    endloop
endfacet
facet normal -1 0 0
    outer loop
        vertex -78 47.5 -6.5
        vertex -78 -0 1.5
        vertex -78 95 -6.5
    endloop
endfacet
facet normal -1 0 0
    outer loop
        vertex -78 95 -6.5
        vertex -78 -0 1.5
        vertex -78 95 1.5
    endloop
endfacet
facet normal -1 0 0
    outer loop
        vertex -78 -0 -6.5
        vertex -78 -0 1.5
        vertex -78 47.5 -6.5
    endloop
endfacet
facet normal 0 0 1
    outer loop
        vertex -44 87.5 1.5
        vertex -44.448624 95 1.5
        vertex -69 87.5 1.5
    endloop
endfacet
facet normal 0 0 1
    outer loop
        vertex -19 27.5 1.5
        vertex -10.89725 11.875 1.5
        vertex -10.89725 23.75 1.5
    endloop
endfacet
facet normal -0 0 1
    outer loop
        vertex -19 27.5 1.5
        vertex -10.89725 23.75 1.5
        vertex -10.89725 47.5 1.5
    endloop
endfacet
facet normal 0 0 1
    outer loop
        vertex -44 7.5 1.5
        vertex -69 7.5 1.5
        vertex -44.448624 -0 1.5
    endloop
endfacet
facet normal 0 0 1
    outer loop
        vertex -44.448624 95 1.5
        vertex -78 95 1.5
        vertex -69 87.5 1.5
    endloop
endfacet
facet normal -0 0 1
    outer loop
        vertex -19 87.5 1.5
        vertex -10.89725 83.125 1.5
        vertex -10.89725 95 1.5
    endloop
endfacet
facet normal 0 0 1
    outer loop
        vertex -19 87.5 1.5
        vertex -19 67.5 1.5
        vertex -10.89725 83.125 1.5
    endloop
endfacet
facet normal 0 0 1
    outer loop
        vertex -19 7.5 1.5
        vertex -44.448624 -0 1.5
        vertex -10.89725 -0 1.5
    endloop
endfacet
facet normal -0 0 1
    outer loop
        vertex -19 7.5 1.5
        vertex -10.89725 -0 1.5
        vertex -10.89725 11.875 1.5
    endloop
endfacet
facet normal 0 0 1
    outer loop
        vertex -19 87.5 1.5
        vertex -44.448624 95 1.5
        vertex -44 87.5 1.5
    endloop
endfacet
facet normal 0 -0 1
    outer loop
        vertex -69 7.5 1.5
        vertex -69 87.5 1.5
        vertex -78 -0 1.5
    endloop
endfacet
facet normal 0 0 1
    outer loop
        vertex -69 87.5 1.5
        vertex -78 95 1.5
        vertex -78 -0 1.5
    endloop
endfacet
facet normal 0 0 1
    outer loop
        vertex -19 27.5 1.5
        vertex -10.89725 47.5 1.5
        vertex -19 47.5 1.5
    endloop
endfacet
facet normal -0 0 1
    outer loop
        vertex -44 7.5 1.5
        vertex -44.448624 -0 1.5
        vertex -19 7.5 1.5
    endloop
endfacet
facet normal 0 0 1
    outer loop
        vertex -19 27.5 1.5
        vertex -19 7.5 1.5
        vertex -10.89725 11.875 1.5
    endloop
endfacet
facet normal -0 0 1
    outer loop
        vertex -19 67.5 1.5
        vertex -10.89725 47.5 1.5
        vertex -10.89725 71.25 1.5
    endloop
endfacet
facet normal 0 0 1
    outer loop
        vertex -19 47.5 1.5
        vertex -10.89725 47.5 1.5
        vertex -19 67.5 1.5
    endloop
endfacet
facet normal 0 0 1
    outer loop
        vertex -19 67.5 1.5
        vertex -10.89725 71.25 1.5
        vertex -10.89725 83.125 1.5
    endloop
endfacet
facet normal 0 -0 1
    outer loop
        vertex -19 87.5 1.5
        vertex -10.89725 95 1.5
        vertex -44.448624 95 1.5
    endloop
endfacet
facet normal 0 0 1
    outer loop
        vertex -69 7.5 1.5
        vertex -78 -0 1.5
        vertex -44.448624 -0 1.5
    endloop
endfacet
facet normal 0 1 0
    outer loop
        vertex -44 7.5 1.5
        vertex -69 7.5 -1.5
        vertex -69 7.5 1.5
    endloop
endfacet
facet normal 0 1 0
    outer loop
        vertex -19 7.5 1.5
        vertex -19 7.5 -1.5
        vertex -44 7.5 1.5
    endloop
endfacet
facet normal 0 1 0
    outer loop
        vertex -44 7.5 1.5
        vertex -19 7.5 -1.5
        vertex -44 7.5 -1.5
    endloop
endfacet
facet normal 0 1 0
    outer loop
        vertex -44 7.5 1.5
        vertex -44 7.5 -1.5
        vertex -69 7.5 -1.5
    endloop
endfacet
facet normal -1 0 0
    outer loop
        vertex -19 67.5 -1.5
        vertex -19 47.5 -1.5
        vertex -19 67.5 1.5
    endloop
endfacet
facet normal -1 0 0
    outer loop
        vertex -19 27.5 -1.5
        vertex -19 27.5 1.5
        vertex -19 47.5 -1.5
    endloop
endfacet
facet normal -1 -0 0
    outer loop
        vertex -19 27.5 1.5
        vertex -19 7.5 -1.5
        vertex -19 7.5 1.5
    endloop
endfacet
facet normal -1 0 0
    outer loop
        vertex -19 7.5 -1.5
        vertex -19 27.5 1.5
        vertex -19 27.5 -1.5
    endloop
endfacet
facet normal -1 -0 -0
    outer loop
        vertex -19 87.5 1.5
        vertex -19 87.5 -1.5
        vertex -19 67.5 1.5
    endloop
endfacet
facet normal -1 0 0
    outer loop
        vertex -19 27.5 1.5
        vertex -19 47.5 1.5
        vertex -19 47.5 -1.5
    endloop
endfacet
facet normal -1 0 0
    outer loop
        vertex -19 67.5 1.5
        vertex -19 87.5 -1.5
        vertex -19 67.5 -1.5
    endloop
endfacet
facet normal -1 -0 0
    outer loop
        vertex -19 67.5 1.5
        vertex -19 47.5 -1.5
        vertex -19 47.5 1.5
    endloop
endfacet
facet normal 0 -1 0
    outer loop
        vertex -44 87.5 1.5
        vertex -19 87.5 -1.5
        vertex -19 87.5 1.5
    endloop
endfacet
facet normal 0 -1 0
    outer loop
        vertex -69 87.5 1.5
        vertex -69 87.5 -1.5
        vertex -44 87.5 1.5
    endloop
endfacet
facet normal 0 -1 -0
    outer loop
        vertex -44 87.5 1.5
        vertex -69 87.5 -1.5
        vertex -44 87.5 -1.5
    endloop
endfacet
facet normal 0 -1 0
    outer loop
        vertex -44 87.5 1.5
        vertex -44 87.5 -1.5
        vertex -19 87.5 -1.5
    endloop
endfacet
facet normal 1 -0 0
    outer loop
        vertex -69 7.5 1.5
        vertex -69 7.5 -1.5
        vertex -69 87.5 1.5
    endloop
endfacet
facet normal 1 0 0
    outer loop
        vertex -69 7.5 -1.5
        vertex -69 87.5 -1.5
        vertex -69 87.5 1.5
    endloop
endfacet
facet normal -1 0 0
    outer loop
        vertex -12 -0 -6.5
        vertex -12 -0 -1.5
        vertex -12 93 -6.5
    endloop
endfacet
facet normal -1 0 0
    outer loop
        vertex -12 93 -6.5
        vertex -12 -0 -1.5
        vertex -12 46.5 -1.5
    endloop
endfacet
facet normal -1 0 0
    outer loop
        vertex -12 93 -6.5
        vertex -12 46.5 -1.5
        vertex -12 93 -1.5
    endloop
endfacet
facet normal 0 1 0
    outer loop
        vertex -78 95 -6.5
        vertex -76 95 -1.5
        vertex -76 95 -6.5
    endloop
endfacet
facet normal 0 1 -0
    outer loop
        vertex -44 95 -1.5
        vertex -44.448624 95 1.5
        vertex -12 95 -1.5
    endloop
endfacet
facet normal 0 1 0
    outer loop
        vertex -76 95 -1.5
        vertex -78 95 -6.5
        vertex -78 95 1.5
    endloop
endfacet
facet normal 0 1 0
    outer loop
        vertex -76 95 -1.5
        vertex -44.448624 95 1.5
        vertex -44 95 -1.5
    endloop
endfacet
facet normal 0 1 -0
    outer loop
        vertex -12 95 -1.5
        vertex -44.448624 95 1.5
        vertex -10.89725 95 1.5
    endloop
endfacet
facet normal 0 1 0
    outer loop
        vertex -10.93659 95 -1.1794037
        vertex -12 95 -1.5
        vertex -11 95 0
    endloop
endfacet
facet normal 0 0.99999994 0
    outer loop
        vertex -10 95 -4.58258
        vertex -10 95 -6.5
        vertex -12 95 -6.5
    endloop
endfacet
facet normal 0 1 0
    outer loop
        vertex -10.433691 95 -3.4839778
        vertex -10 95 -4.58258
        vertex -12 95 -6.5
    endloop
endfacet
facet normal 0 1 0
    outer loop
        vertex -10.747092 95 -2.3452096
        vertex -10.433691 95 -3.4839778
        vertex -12 95 -1.5
    endloop
endfacet
facet normal 0 1 0
    outer loop
        vertex -10.93659 95 -1.1794037
        vertex -10.747092 95 -2.3452096
        vertex -12 95 -1.5
    endloop
endfacet
facet normal 0 0.99999994 -0
    outer loop
        vertex -11 95 0
        vertex -12 95 -1.5
        vertex -10.89725 95 1.5
    endloop
endfacet
facet normal 0 0.99999994 0
    outer loop
        vertex -12 95 -6.5
        vertex -12 95 -1.5
        vertex -10.433691 95 -3.4839778
    endloop
endfacet
facet normal 0 1 0
    outer loop
        vertex -44.448624 95 1.5
        vertex -76 95 -1.5
        vertex -78 95 1.5
    endloop
endfacet
facet normal 1 0 0
    outer loop
        vertex -76 -0 -6.5
        vertex -76 93 -1.5
        vertex -76 -0 -1.5
    endloop
endfacet
facet normal 1 0 0
    outer loop
        vertex -76 -0 -6.5
        vertex -76 46.5 -6.5
        vertex -76 93 -1.5
    endloop
endfacet
facet normal 1 0 0
    outer loop
        vertex -76 46.5 -6.5
        vertex -76 93 -6.5
        vertex -76 93 -1.5
    endloop
endfacet
facet normal 0 -1 0
    outer loop
        vertex -44 -0 -1.5
        vertex -44.448624 -0 1.5
        vertex -76 -0 -1.5
    endloop
endfacet
facet normal 0 -1 0
    outer loop
        vertex -78 -0 1.5
        vertex -76 -0 -1.5
        vertex -44.448624 -0 1.5
    endloop
endfacet
facet normal 0 -1 0
    outer loop
        vertex -78 -0 -6.5
        vertex -76 -0 -1.5
        vertex -78 -0 1.5
    endloop
endfacet
facet normal -0 -0.99999994 0
    outer loop
        vertex -11 -0 0
        vertex -10.89725 -0 1.5
        vertex -12 -0 -1.5
    endloop
endfacet
facet normal 0 -1 -0
    outer loop
        vertex -10.93659 -0 -1.1794037
        vertex -12 -0 -1.5
        vertex -10.747092 -0 -2.3452096
    endloop
endfacet
facet normal 0 -1 0
    outer loop
        vertex -10.433691 -0 -3.4839778
        vertex -10.747092 -0 -2.3452096
        vertex -12 -0 -1.5
    endloop
endfacet
facet normal 0 -0.99999994 0
    outer loop
        vertex -12 -0 -6.5
        vertex -10.433691 -0 -3.4839778
        vertex -12 -0 -1.5
    endloop
endfacet
facet normal 0 -0.99999994 0
    outer loop
        vertex -10 -0 -6.5
        vertex -10 -0 -4.58258
        vertex -12 -0 -6.5
    endloop
endfacet
facet normal 0 -1 0
    outer loop
        vertex -44 -0 -1.5
        vertex -12 -0 -1.5
        vertex -44.448624 -0 1.5
    endloop
endfacet
facet normal 0 -1 -0
    outer loop
        vertex -10.433691 -0 -3.4839778
        vertex -12 -0 -6.5
        vertex -10 -0 -4.58258
    endloop
endfacet
facet normal 0 -1 0
    outer loop
        vertex -78 -0 -6.5
        vertex -76 -0 -6.5
        vertex -76 -0 -1.5
    endloop
endfacet
facet normal 0 -1 0
    outer loop
        vertex -12 -0 -1.5
        vertex -10.89725 -0 1.5
        vertex -44.448624 -0 1.5
    endloop
endfacet
facet normal 0 -1 -0
    outer loop
        vertex -11 -0 0
        vertex -12 -0 -1.5
        vertex -10.93659 -0 -1.1794037
    endloop
endfacet
facet normal 0 0 -1
    outer loop
        vertex -76 46.5 -6.5
        vertex -78 47.5 -6.5
        vertex -76 93 -6.5
    endloop
endfacet
facet normal 0 0 -1
    outer loop
        vertex -76 -0 -6.5
        vertex -78 -0 -6.5
        vertex -76 46.5 -6.5
    endloop
endfacet
facet normal -0 0 -1
    outer loop
        vertex -76 46.5 -6.5
        vertex -78 -0 -6.5
        vertex -78 47.5 -6.5
    endloop
endfacet
facet normal -0 -0 -1
    outer loop
        vertex -76 95 -6.5
        vertex -76 93 -6.5
        vertex -78 95 -6.5
    endloop
endfacet
facet normal 0 0 -1
    outer loop
        vertex -78 95 -6.5
        vertex -76 93 -6.5
        vertex -78 47.5 -6.5
    endloop
endfacet
facet normal 0 1 0
    outer loop
        vertex -44 95 -6.5
        vertex -44 95 -1.5
        vertex -12 95 -6.5
    endloop
endfacet
facet normal 0 1 0
    outer loop
        vertex -76 95 -6.5
        vertex -44 95 -1.5
        vertex -44 95 -6.5
    endloop
endfacet
facet normal 0 1 0
    outer loop
        vertex -76 95 -6.5
        vertex -76 95 -1.5
        vertex -44 95 -1.5
    endloop
endfacet
facet normal 0 1 -0
    outer loop
        vertex -12 95 -6.5
        vertex -44 95 -1.5
        vertex -12 95 -1.5
    endloop
endfacet
facet normal 0 -1 0
    outer loop
        vertex -44 93 -6.5
        vertex -12 93 -1.5
        vertex -76 93 -6.5
    endloop
endfacet
facet normal 0 -1 0
    outer loop
        vertex -76 93 -6.5
        vertex -12 93 -1.5
        vertex -44 93 -1.5
    endloop
endfacet
facet normal 0 -1 0
    outer loop
        vertex -12 93 -6.5
        vertex -12 93 -1.5
        vertex -44 93 -6.5
    endloop
endfacet
facet normal 0 -1 0
    outer loop
        vertex -76 93 -6.5
        vertex -44 93 -1.5
        vertex -76 93 -1.5
    endloop
endfacet
facet normal 0 0 -1
    outer loop
        vertex -44 95 -6.5
        vertex -12 95 -6.5
        vertex -12 93 -6.5
    endloop
endfacet
facet normal 0 0 -1
    outer loop
        vertex -76 95 -6.5
        vertex -44 95 -6.5
        vertex -76 93 -6.5
    endloop
endfacet
facet normal 0 0 -1
    outer loop
        vertex -44 93 -6.5
        vertex -44 95 -6.5
        vertex -12 93 -6.5
    endloop
endfacet
facet normal 0 0 -1
    outer loop
        vertex -12 93 -6.5
        vertex -12 95 -6.5
        vertex -10 95 -6.5
    endloop
endfacet
facet normal 0 0 -1
    outer loop
        vertex -12 -0 -6.5
        vertex -12 93 -6.5
        vertex -10 -0 -6.5
    endloop
endfacet
facet normal 0 -0 -1
    outer loop
        vertex -44 95 -6.5
        vertex -44 93 -6.5
        vertex -76 93 -6.5
    endloop
endfacet
facet normal 0 -0 -1
    outer loop
        vertex -10 95 -6.5
        vertex -10 83.125 -6.5
        vertex -12 93 -6.5
    endloop
endfacet
facet normal -0 -0 -1
    outer loop
        vertex -10 47.5 -6.5
        vertex -10 23.75 -6.5
        vertex -12 93 -6.5
    endloop
endfacet
facet normal -0 -0 -1
    outer loop
        vertex -10 23.75 -6.5
        vertex -10 11.875 -6.5
        vertex -12 93 -6.5
    endloop
endfacet
facet normal -0 -0 -1
    outer loop
        vertex -10 11.875 -6.5
        vertex -10 -0 -6.5
        vertex -12 93 -6.5
    endloop
endfacet
facet normal -0 -0 -1
    outer loop
        vertex -10 71.25 -6.5
        vertex -10 47.5 -6.5
        vertex -12 93 -6.5
    endloop
endfacet
facet normal -0 -0 -1
    outer loop
        vertex -10 83.125 -6.5
        vertex -10 71.25 -6.5
        vertex -12 93 -6.5
    endloop
endfacet
facet normal 0 -0 -1
    outer loop
        vertex -44 93 -1.5
        vertex -44 87.5 -1.5
        vertex -69 87.5 -1.5
    endloop
endfacet
facet normal 0 0 -1
    outer loop
        vertex -12 46.5 -1.5
        vertex -19 47.5 -1.5
        vertex -19 67.5 -1.5
    endloop
endfacet
facet normal -0 0 -1
    outer loop
        vertex -44 93 -1.5
        vertex -69 87.5 -1.5
        vertex -76 93 -1.5
    endloop
endfacet
facet normal 0 0 -1
    outer loop
        vertex -19 87.5 -1.5
        vertex -12 93 -1.5
        vertex -19 67.5 -1.5
    endloop
endfacet
facet normal -0 0 -1
    outer loop
        vertex -12 93 -1.5
        vertex -19 87.5 -1.5
        vertex -44 93 -1.5
    endloop
endfacet
facet normal 0 0 -1
    outer loop
        vertex -19 7.5 -1.5
        vertex -19 27.5 -1.5
        vertex -12 -0 -1.5
    endloop
endfacet
facet normal 0 0 -1
    outer loop
        vertex -44 -0 -1.5
        vertex -19 7.5 -1.5
        vertex -12 -0 -1.5
    endloop
endfacet
facet normal 0 -0 -1
    outer loop
        vertex -12 93 -1.5
        vertex -12 46.5 -1.5
        vertex -19 67.5 -1.5
    endloop
endfacet
facet normal 0 -0 -1
    outer loop
        vertex -69 7.5 -1.5
        vertex -44 -0 -1.5
        vertex -76 -0 -1.5
    endloop
endfacet
facet normal 0 0 -1
    outer loop
        vertex -69 7.5 -1.5
        vertex -44 7.5 -1.5
        vertex -44 -0 -1.5
    endloop
endfacet
facet normal 0 0 -1
    outer loop
        vertex -76 -0 -1.5
        vertex -76 93 -1.5
        vertex -69 7.5 -1.5
    endloop
endfacet
facet normal 0 0 -1
    outer loop
        vertex -44 -0 -1.5
        vertex -44 7.5 -1.5
        vertex -19 7.5 -1.5
    endloop
endfacet
facet normal 0 0 -1
    outer loop
        vertex -44 93 -1.5
        vertex -19 87.5 -1.5
        vertex -44 87.5 -1.5
    endloop
endfacet
facet normal 0 0 -1
    outer loop
        vertex -19 27.5 -1.5
        vertex -19 47.5 -1.5
        vertex -12 46.5 -1.5
    endloop
endfacet
facet normal 0 -0 -1
    outer loop
        vertex -12 46.5 -1.5
        vertex -12 -0 -1.5
        vertex -19 27.5 -1.5
    endloop
endfacet
facet normal 0 0 -1
    outer loop
        vertex -69 7.5 -1.5
        vertex -76 93 -1.5
        vertex -69 87.5 -1.5
    endloop
endfacet
facet normal 1 0 -0
    outer loop
        vertex -10 83.125 -6.5
        vertex -10 83.125 -4.58258
        vertex -10 71.25 -6.5
    endloop
endfacet
facet normal 1 0 -0
    outer loop
        vertex -10 71.25 -6.5
        vertex -10 71.25 -4.58258
        vertex -10 47.5 -6.5
    endloop
endfacet
facet normal 1 0 0
    outer loop
        vertex -10 11.875 -6.5
        vertex -10 23.75 -6.5
        vertex -10 11.875 -4.58258
    endloop
endfacet
facet normal 1 0 0
    outer loop
        vertex -10 23.75 -6.5
        vertex -10 47.5 -6.5
        vertex -10 23.75 -4.58258
    endloop
endfacet
facet normal 1 0 -0
    outer loop
        vertex -10 47.5 -6.5
        vertex -10 47.5 -4.58258
        vertex -10 23.75 -4.58258
    endloop
endfacet
facet normal 1 0 0
    outer loop
        vertex -10 11.875 -4.58258
        vertex -10 -0 -4.58258
        vertex -10 -0 -6.5
    endloop
endfacet
facet normal 1 0 0
    outer loop
        vertex -10 -0 -6.5
        vertex -10 11.875 -6.5
        vertex -10 11.875 -4.58258
    endloop
endfacet
facet normal 1 -0 0
    outer loop
        vertex -10 11.875 -4.58258
        vertex -10 23.75 -6.5
        vertex -10 23.75 -4.58258
    endloop
endfacet
facet normal 1 0 0
    outer loop
        vertex -10 95 -4.58258
        vertex -10 83.125 -4.58258
        vertex -10 95 -6.5
    endloop
endfacet
facet normal 1 -0 0
    outer loop
        vertex -10 47.5 -4.58258
        vertex -10 47.5 -6.5
        vertex -10 71.25 -4.58258
    endloop
endfacet
facet normal 1 0 0
    outer loop
        vertex -10 83.125 -4.58258
        vertex -10 83.125 -6.5
        vertex -10 95 -6.5
    endloop
endfacet
facet normal 1 0 0
    outer loop
        vertex -10 83.125 -4.58258
        vertex -10 71.25 -4.58258
        vertex -10 71.25 -6.5
    endloop
endfacet
facet normal -0 0 1
    outer loop
        vertex -6.5 47.5 78
        vertex 1.5 -0 78
        vertex -6.5 95 78
    endloop
endfacet
facet normal -0 0 1
    outer loop
        vertex -6.5 95 78
        vertex 1.5 -0 78
        vertex 1.5 95 78
    endloop
endfacet
facet normal 0 0 1
    outer loop
        vertex -6.5 -0 78
        vertex 1.5 -0 78
        vertex -6.5 47.5 78
    endloop
endfacet
facet normal 1 0 0
    outer loop
        vertex 1.5 87.5 44
        vertex 1.5 95 44.448624
        vertex 1.5 87.5 69
    endloop
endfacet
facet normal 1 0 0
    outer loop
        vertex 1.5 27.5 19
        vertex 1.5 11.875 10.89725
        vertex 1.5 23.75 10.89725
    endloop
endfacet
facet normal 1 0 0
    outer loop
        vertex 1.5 27.5 19
        vertex 1.5 23.75 10.89725
        vertex 1.5 47.5 10.89725
    endloop
endfacet
facet normal 1 0 -0
    outer loop
        vertex 1.5 7.5 44
        vertex 1.5 7.5 69
        vertex 1.5 -0 44.448624
    endloop
endfacet
facet normal 1 0 -0
    outer loop
        vertex 1.5 95 44.448624
        vertex 1.5 95 78
        vertex 1.5 87.5 69
    endloop
endfacet
facet normal 1 0 0
    outer loop
        vertex 1.5 87.5 19
        vertex 1.5 83.125 10.89725
        vertex 1.5 95 10.89725
    endloop
endfacet
facet normal 1 0 0
    outer loop
        vertex 1.5 87.5 19
        vertex 1.5 67.5 19
        vertex 1.5 83.125 10.89725
    endloop
endfacet
facet normal 1 0 0
    outer loop
        vertex 1.5 7.5 19
        vertex 1.5 -0 44.448624
        vertex 1.5 -0 10.89725
    endloop
endfacet
facet normal 1 0 0
    outer loop
        vertex 1.5 7.5 19
        vertex 1.5 -0 10.89725
        vertex 1.5 11.875 10.89725
    endloop
endfacet
facet normal 1 0 0
    outer loop
        vertex 1.5 87.5 19
        vertex 1.5 95 44.448624
        vertex 1.5 87.5 44
    endloop
endfacet
facet normal 1 0 -0
    outer loop
        vertex 1.5 7.5 69
        vertex 1.5 87.5 69
        vertex 1.5 -0 78
    endloop
endfacet
facet normal 1 0 -0
    outer loop
        vertex 1.5 87.5 69
        vertex 1.5 95 78
        vertex 1.5 -0 78
    endloop
endfacet
facet normal 1 -0 0
    outer loop
        vertex 1.5 27.5 19
        vertex 1.5 47.5 10.89725
        vertex 1.5 47.5 19
    endloop
endfacet
facet normal 1 0 0
    outer loop
        vertex 1.5 7.5 44
        vertex 1.5 -0 44.448624
        vertex 1.5 7.5 19
    endloop
endfacet
facet normal 1 0 0
    outer loop
        vertex 1.5 27.5 19
        vertex 1.5 7.5 19
        vertex 1.5 11.875 10.89725
    endloop
endfacet
facet normal 1 0 0
    outer loop
        vertex 1.5 67.5 19
        vertex 1.5 47.5 10.89725
        vertex 1.5 71.25 10.89725
    endloop
endfacet
facet normal 1 -0 0
    outer loop
        vertex 1.5 47.5 19
        vertex 1.5 47.5 10.89725
        vertex 1.5 67.5 19
    endloop
endfacet
facet normal 1 0 0
    outer loop
        vertex 1.5 67.5 19
        vertex 1.5 71.25 10.89725
        vertex 1.5 83.125 10.89725
    endloop
endfacet
facet normal 1 -0 0
    outer loop
        vertex 1.5 87.5 19
        vertex 1.5 95 10.89725
        vertex 1.5 95 44.448624
    endloop
endfacet
facet normal 1 0 0
    outer loop
        vertex 1.5 -0 78
        vertex 1.5 -0 44.448624
        vertex 1.5 7.5 69
    endloop
endfacet
facet normal 0 1 -0
    outer loop
        vertex 1.5 7.5 44
        vertex -1.5 7.5 69
        vertex 1.5 7.5 69
    endloop
endfacet
facet normal 0 1 -0
    outer loop
        vertex 1.5 7.5 19
        vertex -1.5 7.5 19
        vertex 1.5 7.5 44
    endloop
endfacet
facet normal 0 1 0
    outer loop
        vertex 1.5 7.5 44
        vertex -1.5 7.5 19
        vertex -1.5 7.5 44
    endloop
endfacet
facet normal 0 1 0
    outer loop
        vertex 1.5 7.5 44
        vertex -1.5 7.5 44
        vertex -1.5 7.5 69
    endloop
endfacet
facet normal -0 0 1
    outer loop
        vertex -1.5 67.5 19
        vertex -1.5 47.5 19
        vertex 1.5 67.5 19
    endloop
endfacet
facet normal 0 0 1
    outer loop
        vertex -1.5 27.5 19
        vertex 1.5 27.5 19
        vertex -1.5 47.5 19
    endloop
endfacet
facet normal 0 0 1
    outer loop
        vertex 1.5 27.5 19
        vertex -1.5 7.5 19
        vertex 1.5 7.5 19
    endloop
endfacet
facet normal 0 0 1
    outer loop
        vertex -1.5 7.5 19
        vertex 1.5 27.5 19
        vertex -1.5 27.5 19
    endloop
endfacet
facet normal 0 0 1
    outer loop
        vertex 1.5 87.5 19
        vertex -1.5 87.5 19
        vertex 1.5 67.5 19
    endloop
endfacet
facet normal 0 -0 1
    outer loop
        vertex 1.5 27.5 19
        vertex 1.5 47.5 19
        vertex -1.5 47.5 19
    endloop
endfacet
facet normal 0 0 1
    outer loop
        vertex 1.5 67.5 19
        vertex -1.5 87.5 19
        vertex -1.5 67.5 19
    endloop
endfacet
facet normal 0 0 1
    outer loop
        vertex 1.5 67.5 19
        vertex -1.5 47.5 19
        vertex 1.5 47.5 19
    endloop
endfacet
facet normal 0 -1 -0
    outer loop
        vertex 1.5 87.5 44
        vertex -1.5 87.5 19
        vertex 1.5 87.5 19
    endloop
endfacet
facet normal -0 -1 -0
    outer loop
        vertex 1.5 87.5 69
        vertex -1.5 87.5 69
        vertex 1.5 87.5 44
    endloop
endfacet
facet normal 0 -1 0
    outer loop
        vertex 1.5 87.5 44
        vertex -1.5 87.5 69
        vertex -1.5 87.5 44
    endloop
endfacet
facet normal -0 -1 0
    outer loop
        vertex 1.5 87.5 44
        vertex -1.5 87.5 44
        vertex -1.5 87.5 19
    endloop
endfacet
facet normal 0 0 -1
    outer loop
        vertex 1.5 7.5 69
        vertex -1.5 7.5 69
        vertex 1.5 87.5 69
    endloop
endfacet
facet normal 0 0 -1
    outer loop
        vertex -1.5 7.5 69
        vertex -1.5 87.5 69
        vertex 1.5 87.5 69
    endloop
endfacet
facet normal 0 0 1
    outer loop
        vertex -6.5 -0 12
        vertex -1.5 -0 12
        vertex -6.5 93 12
    endloop
endfacet
facet normal 0 0 1
    outer loop
        vertex -6.5 93 12
        vertex -1.5 -0 12
        vertex -1.5 46.5 12
    endloop
endfacet
facet normal -0 0 1
    outer loop
        vertex -6.5 93 12
        vertex -1.5 46.5 12
        vertex -1.5 93 12
    endloop
endfacet
facet normal 0 1 0
    outer loop
        vertex -6.5 95 78
        vertex -1.5 95 76
        vertex -6.5 95 76
    endloop
endfacet
facet normal -0 1 0
    outer loop
        vertex -1.5 95 44
        vertex 1.5 95 44.448624
        vertex -1.5 95 12
    endloop
endfacet
facet normal 0 1 -0
    outer loop
        vertex -1.5 95 76
        vertex -6.5 95 78
        vertex 1.5 95 78
    endloop
endfacet
facet normal 0 1 0
    outer loop
        vertex -1.5 95 76
        vertex 1.5 95 44.448624
        vertex -1.5 95 44
    endloop
endfacet
facet normal -0 1 0
    outer loop
        vertex -1.5 95 12
        vertex 1.5 95 44.448624
        vertex 1.5 95 10.89725
    endloop
endfacet
facet normal 0 1 0
    outer loop
        vertex -1.6052533 95 10.88224
        vertex -1.5 95 12
        vertex -0.05315905 95 10.999871
    endloop
endfacet
facet normal 0 0.99999994 0
    outer loop
        vertex -4.58258 95 10
        vertex -6.5 95 10
        vertex -6.5 95 12
    endloop
endfacet
facet normal 0 1 -0
    outer loop
        vertex -3.125205 95 10.54671
        vertex -6.5 95 12
        vertex -1.5 95 12
    endloop
endfacet
facet normal 0 1 -0
    outer loop
        vertex -1.6052533 95 10.88224
        vertex -3.125205 95 10.54671
        vertex -1.5 95 12
    endloop
endfacet
facet normal -0 1 -0
    outer loop
        vertex -0.05315905 95 10.999871
        vertex -1.5 95 12
        vertex 1.5 95 10.89725
    endloop
endfacet
facet normal 0 1 0
    outer loop
        vertex -6.5 95 12
        vertex -3.125205 95 10.54671
        vertex -4.58258 95 10
    endloop
endfacet
facet normal -0 1 0
    outer loop
        vertex -1.5 95 76
        vertex 1.5 95 78
        vertex 1.5 95 44.448624
    endloop
endfacet
facet normal 0 0 -1
    outer loop
        vertex -6.5 -0 76
        vertex -1.5 93 76
        vertex -1.5 -0 76
    endloop
endfacet
facet normal 0 0 -1
    outer loop
        vertex -6.5 -0 76
        vertex -6.5 46.5 76
        vertex -1.5 93 76
    endloop
endfacet
facet normal 0 0 -1
    outer loop
        vertex -6.5 46.5 76
        vertex -6.5 93 76
        vertex -1.5 93 76
    endloop
endfacet
facet normal 0 -1 0
    outer loop
        vertex -1.5 -0 44
        vertex 1.5 -0 44.448624
        vertex -1.5 -0 76
    endloop
endfacet
facet normal 0 -1 -0
    outer loop
        vertex 1.5 -0 78
        vertex -1.5 -0 76
        vertex 1.5 -0 44.448624
    endloop
endfacet
facet normal 0 -1 0
    outer loop
        vertex -6.5 -0 78
        vertex -1.5 -0 76
        vertex 1.5 -0 78
    endloop
endfacet
facet normal 0 -1 0
    outer loop
        vertex -0.05315905 -0 10.999871
        vertex 1.5 -0 10.89725
        vertex -1.5 -0 12
    endloop
endfacet
facet normal -0 -1 0
    outer loop
        vertex -1.6052533 -0 10.88224
        vertex -1.5 -0 12
        vertex -3.125205 -0 10.54671
    endloop
endfacet
facet normal 0 -1 0
    outer loop
        vertex -6.5 -0 12
        vertex -3.125205 -0 10.54671
        vertex -1.5 -0 12
    endloop
endfacet
facet normal 0 -0.99999994 0
    outer loop
        vertex -6.5 -0 10
        vertex -4.58258 -0 10
        vertex -6.5 -0 12
    endloop
endfacet
facet normal 0 -1 0
    outer loop
        vertex -1.5 -0 44
        vertex -1.5 -0 12
        vertex 1.5 -0 44.448624
    endloop
endfacet
facet normal -0 -1 0
    outer loop
        vertex -3.125205 -0 10.54671
        vertex -6.5 -0 12
        vertex -4.58258 -0 10
    endloop
endfacet
facet normal 0 -1 0
    outer loop
        vertex -6.5 -0 78
        vertex -6.5 -0 76
        vertex -1.5 -0 76
    endloop
endfacet
facet normal 0 -1 0
    outer loop
        vertex 1.5 -0 10.89725
        vertex 1.5 -0 44.448624
        vertex -1.5 -0 12
    endloop
endfacet
facet normal 0 -1 -0
    outer loop
        vertex -1.5 -0 12
        vertex -1.6052533 -0 10.88224
        vertex -0.05315905 -0 10.999871
    endloop
endfacet
facet normal -1 0 0
    outer loop
        vertex -6.5 46.5 76
        vertex -6.5 47.5 78
        vertex -6.5 93 76
    endloop
endfacet
facet normal -1 0 0
    outer loop
        vertex -6.5 -0 76
        vertex -6.5 -0 78
        vertex -6.5 46.5 76
    endloop
endfacet
facet normal -1 0 0
    outer loop
        vertex -6.5 46.5 76
        vertex -6.5 -0 78
        vertex -6.5 47.5 78
    endloop
endfacet
facet normal -1 0 0
    outer loop
        vertex -6.5 95 76
        vertex -6.5 93 76
        vertex -6.5 95 78
    endloop
endfacet
facet normal -1 -0 0
    outer loop
        vertex -6.5 95 78
        vertex -6.5 93 76
        vertex -6.5 47.5 78
    endloop
endfacet
facet normal -0 1 0
    outer loop
        vertex -6.5 95 44
        vertex -1.5 95 44
        vertex -6.5 95 12
    endloop
endfacet
facet normal 0 1 0
    outer loop
        vertex -6.5 95 76
        vertex -1.5 95 44
        vertex -6.5 95 44
    endloop
endfacet
facet normal -0 1 0
    outer loop
        vertex -6.5 95 76
        vertex -1.5 95 76
        vertex -1.5 95 44
    endloop
endfacet
facet normal 0 1 0
    outer loop
        vertex -6.5 95 12
        vertex -1.5 95 44
        vertex -1.5 95 12
    endloop
endfacet
facet normal 0 -1 0
    outer loop
        vertex -6.5 93 44
        vertex -1.5 93 12
        vertex -6.5 93 76
    endloop
endfacet
facet normal 0 -1 0
    outer loop
        vertex -6.5 93 76
        vertex -1.5 93 12
        vertex -1.5 93 44
    endloop
endfacet
facet normal 0 -1 0
    outer loop
        vertex -6.5 93 12
        vertex -1.5 93 12
        vertex -6.5 93 44
    endloop
endfacet
facet normal 0 -1 0
    outer loop
        vertex -6.5 93 76
        vertex -1.5 93 44
        vertex -1.5 93 76
    endloop
endfacet
facet normal -1 0 -0
    outer loop
        vertex -6.5 95 44
        vertex -6.5 95 12
        vertex -6.5 93 12
    endloop
endfacet
facet normal -1 -0 -0
    outer loop
        vertex -6.5 95 76
        vertex -6.5 95 44
        vertex -6.5 93 76
    endloop
endfacet
facet normal -1 0 0
    outer loop
        vertex -6.5 93 44
        vertex -6.5 95 44
        vertex -6.5 93 12
    endloop
endfacet
facet normal -1 0 0
    outer loop
        vertex -6.5 93 12
        vertex -6.5 95 12
        vertex -6.5 95 10
    endloop
endfacet
facet normal -1 0 0
    outer loop
        vertex -6.5 -0 12
        vertex -6.5 93 12
        vertex -6.5 -0 10
    endloop
endfacet
facet normal -1 0 0
    outer loop
        vertex -6.5 95 44
        vertex -6.5 93 44
        vertex -6.5 93 76
    endloop
endfacet
facet normal -1 0 0
    outer loop
        vertex -6.5 95 10
        vertex -6.5 83.125 10
        vertex -6.5 93 12
    endloop
endfacet
facet normal -1 0 0
    outer loop
        vertex -6.5 47.5 10
        vertex -6.5 23.75 10
        vertex -6.5 93 12
    endloop
endfacet
facet normal -1 0 0
    outer loop
        vertex -6.5 23.75 10
        vertex -6.5 11.875 10
        vertex -6.5 93 12
    endloop
endfacet
facet normal -1 0 0
    outer loop
        vertex -6.5 11.875 10
        vertex -6.5 -0 10
        vertex -6.5 93 12
    endloop
endfacet
facet normal -1 0 0
    outer loop
        vertex -6.5 71.25 10
        vertex -6.5 47.5 10
        vertex -6.5 93 12
    endloop
endfacet
facet normal -1 0 0
    outer loop
        vertex -6.5 83.125 10
        vertex -6.5 71.25 10
        vertex -6.5 93 12
    endloop
endfacet
facet normal -1 0 0
    outer loop
        vertex -1.5 93 44
        vertex -1.5 87.5 44
        vertex -1.5 87.5 69
    endloop
endfacet
facet normal -1 0 0
    outer loop
        vertex -1.5 46.5 12
        vertex -1.5 47.5 19
        vertex -1.5 67.5 19
    endloop
endfacet
facet normal -1 0 0
    outer loop
        vertex -1.5 93 44
        vertex -1.5 87.5 69
        vertex -1.5 93 76
    endloop
endfacet
facet normal -1 -0 -0
    outer loop
        vertex -1.5 87.5 19
        vertex -1.5 93 12
        vertex -1.5 67.5 19
    endloop
endfacet
facet normal -1 0 0
    outer loop
        vertex -1.5 93 12
        vertex -1.5 87.5 19
        vertex -1.5 93 44
    endloop
endfacet
facet normal -1 0 -0
    outer loop
        vertex -1.5 7.5 19
        vertex -1.5 27.5 19
        vertex -1.5 -0 12
    endloop
endfacet
facet normal -1 0 0
    outer loop
        vertex -1.5 -0 44
        vertex -1.5 7.5 19
        vertex -1.5 -0 12
    endloop
endfacet
facet normal -1 0 0
    outer loop
        vertex -1.5 93 12
        vertex -1.5 46.5 12
        vertex -1.5 67.5 19
    endloop
endfacet
facet normal -1 -0 0
    outer loop
        vertex -1.5 7.5 69
        vertex -1.5 -0 44
        vertex -1.5 -0 76
    endloop
endfacet
facet normal -1 0 -0
    outer loop
        vertex -1.5 7.5 69
        vertex -1.5 7.5 44
        vertex -1.5 -0 44
    endloop
endfacet
facet normal -1 0 0
    outer loop
        vertex -1.5 -0 76
        vertex -1.5 93 76
        vertex -1.5 7.5 69
    endloop
endfacet
facet normal -1 0 0
    outer loop
        vertex -1.5 -0 44
        vertex -1.5 7.5 44
        vertex -1.5 7.5 19
    endloop
endfacet
facet normal -1 0 -0
    outer loop
        vertex -1.5 27.5 19
        vertex -1.5 46.5 12
        vertex -1.5 -0 12
    endloop
endfacet
facet normal -1 0 0
    outer loop
        vertex -1.5 93 76
        vertex -1.5 87.5 69
        vertex -1.5 7.5 69
    endloop
endfacet
facet normal -1 0 0
    outer loop
        vertex -1.5 87.5 19
        vertex -1.5 87.5 44
        vertex -1.5 93 44
    endloop
endfacet
facet normal -1 0 0
    outer loop
        vertex -1.5 46.5 12
        vertex -1.5 27.5 19
        vertex -1.5 47.5 19
    endloop
endfacet
facet normal 0 0 -1
    outer loop
        vertex -6.5 83.125 10
        vertex -4.58258 83.125 10
        vertex -6.5 71.25 10
    endloop
endfacet
facet normal 0 0 -1
    outer loop
        vertex -6.5 71.25 10
        vertex -4.58258 71.25 10
        vertex -6.5 47.5 10
    endloop
endfacet
facet normal 0 0 -1
    outer loop
        vertex -6.5 11.875 10
        vertex -6.5 23.75 10
        vertex -4.58258 11.875 10
    endloop
endfacet
facet normal 0 0 -1
    outer loop
        vertex -6.5 23.75 10
        vertex -6.5 47.5 10
        vertex -4.58258 23.75 10
    endloop
endfacet
facet normal 0 0 -1
    outer loop
        vertex -6.5 47.5 10
        vertex -4.58258 47.5 10
        vertex -4.58258 23.75 10
    endloop
endfacet
facet normal 0 -0 -1
    outer loop
        vertex -4.58258 11.875 10
        vertex -4.58258 -0 10
        vertex -6.5 -0 10
    endloop
endfacet
facet normal 0 0 -1
    outer loop
        vertex -6.5 -0 10
        vertex -6.5 11.875 10
        vertex -4.58258 11.875 10
    endloop
endfacet
facet normal 0 0 -1
    outer loop
        vertex -4.58258 11.875 10
        vertex -6.5 23.75 10
        vertex -4.58258 23.75 10
    endloop
endfacet
facet normal -0 -0 -1
    outer loop
        vertex -4.58258 95 10
        vertex -4.58258 83.125 10
        vertex -6.5 95 10
    endloop
endfacet
facet normal 0 0 -1
    outer loop
        vertex -4.58258 47.5 10
        vertex -6.5 47.5 10
        vertex -4.58258 71.25 10
    endloop
endfacet
facet normal 0 0 -1
    outer loop
        vertex -4.58258 83.125 10
        vertex -6.5 83.125 10
        vertex -6.5 95 10
    endloop
endfacet
facet normal 0 -0 -1
    outer loop
        vertex -4.58258 83.125 10
        vertex -4.58258 71.25 10
        vertex -6.5 71.25 10
    endloop
endfacet
facet normal 0.8922953 -0 0.45145217
    outer loop
        vertex -2.3791032 -1 -0.7680288
        vertex -2.0281055 -1 -1.4617758
        vertex -2.3791032 9 -0.7680288
    endloop
endfacet
facet normal 0.71045369 -0 0.70374399
    outer loop
        vertex -2.0281055 -1 -1.4617758
        vertex -1.4809545 -1 -2.0141435
        vertex -2.0281055 9 -1.4617758
    endloop
endfacet
facet normal 0.71045369 -0 0.70374399
    outer loop
        vertex -1.4809545 -1 -2.0141435
        vertex -1.4809545 9 -2.0141435
        vertex -2.0281055 9 -1.4617758
    endloop
endfacet
facet normal 0.45989868 -0 0.88797134
    outer loop
        vertex -0.7905694 -1 -2.3717082
        vertex -0.7905694 9 -2.3717082
        vertex -1.4809545 9 -2.0141435
    endloop
endfacet
facet normal 0.16486384 0 0.98631638
    outer loop
        vertex -0.023722423 -1 -2.4998875
        vertex -0.7905694 9 -2.3717082
        vertex -0.7905694 -1 -2.3717082
    endloop
endfacet
facet normal -0.1461166 0 0.98926735
    outer loop
        vertex 0.74541897 -1 -2.3862839
        vertex -0.023722423 9 -2.4998875
        vertex -0.023722423 -1 -2.4998875
    endloop
endfacet
facet normal -0.1461166 0 0.98926735
    outer loop
        vertex 0.74541897 9 -2.3862839
        vertex -0.023722423 9 -2.4998875
        vertex 0.74541897 -1 -2.3862839
    endloop
endfacet
facet normal -0.44296497 0 0.89653885
    outer loop
        vertex 1.4424652 9 -2.041885
        vertex 0.74541897 9 -2.3862839
        vertex 1.4424652 -1 -2.041885
    endloop
endfacet
facet normal 0.9878363 -0 0.15549712
    outer loop
        vertex -2.3791032 -1 -0.7680288
        vertex -2.3791032 9 -0.7680288
        vertex -2.5 -1 0
    endloop
endfacet
facet normal -0.69697076 0 0.71709961
    outer loop
        vertex 1.4424652 9 -2.041885
        vertex 2 -1 -1.5
        vertex 2 9 -1.5
    endloop
endfacet
facet normal -0.69697076 0 0.71709961
    outer loop
        vertex 1.4424652 -1 -2.041885
        vertex 2 -1 -1.5
        vertex 1.4424652 9 -2.041885
    endloop
endfacet
facet normal -0.44296497 0 0.89653885
    outer loop
        vertex 1.4424652 -1 -2.041885
        vertex 0.74541897 9 -2.3862839
        vertex 0.74541897 -1 -2.3862839
    endloop
endfacet
facet normal 0.16486384 -0 0.98631638
    outer loop
        vertex -0.023722423 -1 -2.4998875
        vertex -0.023722423 9 -2.4998875
        vertex -0.7905694 9 -2.3717082
    endloop
endfacet
facet normal 0.45989868 -0 0.88797134
    outer loop
        vertex -1.4809545 -1 -2.0141435
        vertex -0.7905694 -1 -2.3717082
        vertex -1.4809545 9 -2.0141435
    endloop
endfacet
facet normal 0.9878363 0 0.15549712
    outer loop
        vertex -2.3791032 9 -0.7680288
        vertex -2.5 9 0
        vertex -2.5 -1 0
    endloop
endfacet
facet normal 0.8922953 -0 0.45145217
    outer loop
        vertex -2.0281055 -1 -1.4617758
        vertex -2.0281055 9 -1.4617758
        vertex -2.3791032 9 -0.7680288
    endloop
endfacet
facet normal 0.8922953 0 -0.45145217
    outer loop
        vertex -2.3791032 9 0.7680288
        vertex -2.0281055 9 1.4617758
        vertex -2.3791032 -1 0.7680288
    endloop
endfacet
facet normal 0.71045369 0 -0.70374399
    outer loop
        vertex -2.0281055 9 1.4617758
        vertex -1.4809545 9 2.0141435
        vertex -2.0281055 -1 1.4617758
    endloop
endfacet
facet normal 0.71045369 0 -0.70374399
    outer loop
        vertex -1.4809545 9 2.0141435
        vertex -1.4809545 -1 2.0141435
        vertex -2.0281055 -1 1.4617758
    endloop
endfacet
facet normal 0.45989868 0 -0.88797134
    outer loop
        vertex -0.7905694 9 2.3717082
        vertex -0.7905694 -1 2.3717082
        vertex -1.4809545 -1 2.0141435
    endloop
endfacet
facet normal 0.16486384 0 -0.98631638
    outer loop
        vertex -0.023722423 9 2.4998875
        vertex -0.7905694 -1 2.3717082
        vertex -0.7905694 9 2.3717082
    endloop
endfacet
facet normal -0.1461166 0 -0.98926735
    outer loop
        vertex 0.74541897 9 2.3862839
        vertex -0.023722423 -1 2.4998875
        vertex -0.023722423 9 2.4998875
    endloop
endfacet
facet normal -0.1461166 0 -0.98926735
    outer loop
        vertex 0.74541897 -1 2.3862839
        vertex -0.023722423 -1 2.4998875
        vertex 0.74541897 9 2.3862839
    endloop
endfacet
facet normal -0.44296497 0 -0.89653885
    outer loop
        vertex 1.4424652 -1 2.041885
        vertex 0.74541897 -1 2.3862839
        vertex 1.4424652 9 2.041885
    endloop
endfacet
facet normal 0.9878363 0 -0.15549712
    outer loop
        vertex -2.3791032 9 0.7680288
        vertex -2.3791032 -1 0.7680288
        vertex -2.5 9 0
    endloop
endfacet
facet normal -0.69697076 0 -0.71709961
    outer loop
        vertex 1.4424652 -1 2.041885
        vertex 2 9 1.5
        vertex 2 -1 1.5
    endloop
endfacet
facet normal -0.69697076 -0 -0.71709961
    outer loop
        vertex 1.4424652 9 2.041885
        vertex 2 9 1.5
        vertex 1.4424652 -1 2.041885
    endloop
endfacet
facet normal -0.44296497 0 -0.89653885
    outer loop
        vertex 1.4424652 9 2.041885
        vertex 0.74541897 -1 2.3862839
        vertex 0.74541897 9 2.3862839
    endloop
endfacet
facet normal 0.16486384 0 -0.98631638
    outer loop
        vertex -0.023722423 9 2.4998875
        vertex -0.023722423 -1 2.4998875
        vertex -0.7905694 -1 2.3717082
    endloop
endfacet
facet normal 0.45989868 0 -0.88797134
    outer loop
        vertex -1.4809545 9 2.0141435
        vertex -0.7905694 9 2.3717082
        vertex -1.4809545 -1 2.0141435
    endloop
endfacet
facet normal 0.9878363 0 -0.15549712
    outer loop
        vertex -2.3791032 -1 0.7680288
        vertex -2.5 -1 0
        vertex -2.5 9 0
    endloop
endfacet
facet normal 0.8922953 0 -0.45145217
    outer loop
        vertex -2.0281055 9 1.4617758
        vertex -2.0281055 -1 1.4617758
        vertex -2.3791032 -1 0.7680288
    endloop
endfacet
facet normal 0 -0.99999994 0
    outer loop
        vertex 0.74541897 9 2.3862839
        vertex 2 9 1.5
        vertex 1.4424652 9 2.041885
    endloop
endfacet
facet normal 0 -1 -0
    outer loop
        vertex -0.023722423 9 2.4998875
        vertex -0.7905694 9 2.3717082
        vertex 2 9 1.5
    endloop
endfacet
facet normal 0 -1 0
    outer loop
        vertex -0.023722423 9 2.4998875
        vertex 2 9 1.5
        vertex 0.74541897 9 2.3862839
    endloop
endfacet
facet normal 0 -1 -0
    outer loop
        vertex -2.0281055 9 1.4617758
        vertex -2.3791032 9 0.7680288
        vertex 2 9 1.5
    endloop
endfacet
facet normal 0 -1 0
    outer loop
        vertex 2 9 1.5
        vertex -0.7905694 9 2.3717082
        vertex -1.4809545 9 2.0141435
    endloop
endfacet
facet normal 0 -1 -0
    outer loop
        vertex -2.3791032 9 0.7680288
        vertex -2.5 9 0
        vertex 2 9 1.5
    endloop
endfacet
facet normal 0 -1 0
    outer loop
        vertex 2 9 1.5
        vertex -2.5 9 0
        vertex -2.3791032 9 -0.7680288
    endloop
endfacet
facet normal 0 -1 0
    outer loop
        vertex 2 9 1.5
        vertex -2.3791032 9 -0.7680288
        vertex -2.0281055 9 -1.4617758
    endloop
endfacet
facet normal 0 -0.99999994 0
    outer loop
        vertex -0.7905694 9 -2.3717082
        vertex 2 9 1.5
        vertex -1.4809545 9 -2.0141435
    endloop
endfacet
facet normal 0 -1 0
    outer loop
        vertex 2 9 1.5
        vertex -2.0281055 9 -1.4617758
        vertex -1.4809545 9 -2.0141435
    endloop
endfacet
facet normal 0 -1 0
    outer loop
        vertex -0.023722423 9 -2.4998875
        vertex 2 9 1.5
        vertex -0.7905694 9 -2.3717082
    endloop
endfacet
facet normal -0 -1 0
    outer loop
        vertex 2 9 -1.5
        vertex 2 9 1.5
        vertex 1.4424652 9 -2.041885
    endloop
endfacet
facet normal 0 -1 0
    outer loop
        vertex -0.023722423 9 -2.4998875
        vertex 0.74541897 9 -2.3862839
        vertex 2 9 1.5
    endloop
endfacet
facet normal 0 -1 0
    outer loop
        vertex 2 9 1.5
        vertex 0.74541897 9 -2.3862839
        vertex 1.4424652 9 -2.041885
    endloop
endfacet
facet normal 0 -1 0
    outer loop
        vertex -2.0281055 9 1.4617758
        vertex 2 9 1.5
        vertex -1.4809545 9 2.0141435
    endloop
endfacet
facet normal -1 -0 -0
    outer loop
        vertex 2 9 1.5
        vertex 2 9 -1.5
        vertex 2 -1 1.5
    endloop
endfacet
facet normal -1 0 0
    outer loop
        vertex 2 9 -1.5
        vertex 2 -1 -1.5
        vertex 2 -1 1.5
    endloop
endfacet
endsolid unnamed
